InspectionID,DefectCategory,SeverityWeight
306,Late Delivery,3.5
312,Wrong Item,4.0
321,Misleading Description,3.5
331,Notified Delay,3.5
333,Wrong Item,4.0
337,Poor Quality,3.5
342,Poor Quality,3.5
347,Late Delivery,3.5
350,Missing Parts,3.5
362,Late Delivery,3.5
365,Late Delivery,4.0
381,Poor Quality,3.5
382,Missing Parts,3.5
383,Late Delivery,4.0
384,No Issue,1.0
395,Missing Parts,4.0
399,INVENT,1.0
409,Non Functional,4.0
420,Empresa Falsa,5.0
423,Poor Quality,3.5
427,Produto Pirata!,5.0
444,Missing Parts,3.5
456,Missing Parts,3.5
460,Late Delivery,3.5
472,Wrong Item,4.0
489,Wrong Item,3.5
497,Poor Quality,3.5
500,Wrong Item,4.0
502,Late Delivery,3.5
506,Late Delivery,3.5
514,No Fit,1.0
515,Missing Parts,3.5
523,Wrong Item,4.0
526,Late Delivery,3.5
531,Late Delivery,3.5
539,Late Delivery,3.5
543,Wrong Item,4.0
545,Missing Parts,4.0
552,Late Delivery,3.5
553,No Delivery,5.0
556,N/A,3.5
558,Late Delivery,3.5
559,Late Delivery,4.0
562,No New Category,2.0
565,Missing Parts,4.0
568,Late Delivery,3.5
578,Late Delivery,4.0
598,Late Delivery,3.5
600,Wrong Item,3.5
607,Wrong Item,3.5
621,Missing Parts,3.5
623,Wrong Item,3.5
625,Late Delivery,4.0
643,Late Delivery,3.5
644,Wrong Item,3.5
647,Non-Informed,3.5
649,Late Delivery,3.5
652,Damaged Goods,3.5
653,Late Delivery,3.5
665,Late Delivery,3.5
673,No Issue,1.0
684,Poor Quality,4.0
686,Wrong Item,4.0
687,No aguardo de um retorno urgente.,1.0
689,Late Delivery,4.0
691,Missing Parts,3.5
693,Late Delivery,3.5
694,INVENT,1.0
699,No Delivery,5.0
705,Late Delivery,3.5
712,Wrong Item,4.0
727,Poor Quality,4.0
731,Poor Quality,3.5
746,Late Delivery,3.5
761,Late Delivery,4.0
762,Wrong Item,3.5
763,Poor Quality,3.5
766,Wrong Item,3.5
767,INVENT,3.5
772,INVENT,3.5
786,Late Delivery,3.5
794,Wrong Item,4.0
811,Wrong Item,4.0
812,No Applicable,3.5
819,Communication Issue,3.5
834,Communication Issues,3.5
838,Difficulty Opening Holes,3.5
850,Wrong Item,3.5
852,Late Delivery,3.5
860,Damaged Goods,4.0
863,Late Delivery,4.0
864,Produto Péssimo,4.0
867,Missing Parts,3.5
870,Missing Parts,3.5
879,Damaged Goods,3.5
886,Late Delivery,4.0
889,Late Delivery,3.5
890,Late Delivery,3.5
893,Wrong Item,4.0
916,Late Delivery,3.5
925,Late Delivery,3.5
930,Wrong Item,4.0
935,Missing Parts,4.0
946,Late Delivery,3.5
953,INVENT,1.0
970,INVENT,1.0
981,Missing Parts,3.5
993,Wrong Item,4.0
998,Late Delivery,3.5
1003,Late Delivery,3.5
1004,No Positioning,3.5
1005,Missing Parts,4.0
1011,Poor Quality,3.5
1018,Late Delivery,4.0
1022,Sem Preço,4.0
1030,Missing Parts,4.0
1038,Wrong Item,4.0
1044,Late Delivery,4.0
1045,Poor Quality,4.0
1056,Late Delivery,3.5
1062,Late Delivery,3.5
1067,Late Delivery,3.5
1078,Missing Parts,4.0
1083,Missing Parts,3.5
1084,Late Delivery,4.0
1092,Poor Quality,4.0
1095,Late Delivery,3.5
1097,Missing Parts,3.5
1099,Poor Quality,4.0
1100,Misalignment,3.5
1114,Missing Parts,2.0
1116,Poor Quality,3.0
1131,Misdescription,4.0
1142,Late Delivery,3.5
1162,Wrong Item,4.0
1165,INVENT,1.0
1168,Poor Quality,3.0
1170,Wrong Item,4.0
1174,Late Delivery,3.5
1181,Wrong Item,4.0
1183,Poor Quality,3.0
1196,Late Delivery,3.5
1198,Wrong Item,4.0
1204,Late Delivery,3.5
1209,Wrong Item,4.0
1211,Late Delivery,3.5
1213,Avaria,4.0
1225,Fraud,5.0
1228,Pedido Cancelado,3.5
1229,Wrong Item,4.0
1232,Poor Quality,3.5
1238,INVENT,3.5
1244,Late Delivery,3.5
1249,Not Received,5.0
1255,Late Delivery,3.5
1263,Wrong Item,4.0
1271,Late Delivery,3.5
1279,Late Delivery,4.0
1286,Wrong Item,4.0
1290,Wrong Item,3.5
1292,Late Delivery,3.5
1299,Late Delivery,4.0
1315,Wrong Item,4.0
1317,Item Never Arrived,5.0
1321,Wrong Item,4.0
1327,Poor Quality,3.5
1338,Wrong Item,4.0
1340,Poor Quality,3.5
1377,Missing Parts,3.5
1380,Missing Parts,3.5
1394,Missing Parts,4.0
1395,Late Delivery,3.5
1398,Late Delivery,3.5
1402,Missing Parts,4.0
1406,Late Delivery,3.5
1412,Late Delivery,3.5
1418,Duplicates,4.0
1425,Rapida Entrega,1.0
1429,Late Delivery,3.5
1435,Late Delivery,3.5
1443,Missing Parts,3.5
1452,Wrong Item,4.0
1454,Late Delivery,3.5
1455,Defective Packaging,3.5
1459,INVENT,1.0
1466,INVENT,3.5
1476,Late Delivery,4.0
1479,Late Delivery,4.0
1480,Missing Parts,3.5
1485,Wrong Item,3.5
1492,Late Delivery,3.5
1495,No Fit,1.0
1504,No Delivery,3.5
1518,Wrong Item,4.0
1524,Late Delivery,3.5
1538,Late Delivery,3.5
1542,No Issue,1.0
1551,Late Delivery,4.0
1560,Wrong Item,4.0
1568,INVENT,1.0
1582,Damaged Goods,4.0
1583,No Delivery,5.0
1592,Poor Quality,4.0
1604,Poor Quality,3.5
1614,Late Delivery,3.5
1615,Wrong Item,4.0
1619,Wrong Item,4.0
1623,Defective Product,3.5
1624,Missing Parts,3.5
1649,Late Delivery,3.5
1663,Poor Quality,3.5
1667,Late Delivery,3.5
1672,Wrong Item,4.0
1673,Wrong Item,4.0
1680,INVENT,3.5
1683,Wrong Item,3.5
1704,Wrong Item,4.0
1717,Different Product,4.0
1718,Late Delivery,3.5
1726,Falta de respeito com consumidor,3.5
1752,Missing Parts,3.5
1754,Poor Quality,3.5
1756,INVENT,3.5
1757,Late Delivery,3.5
1760,Late Delivery,3.5
1768,Wrong Item,4.0
1771,Poor Quality,3.5
1773,Poor Quality,3.5
1775,Bom produto,1.0
1782,Missing Parts,3.5
1790,INVENT,2.0
1802,Missing Parts,3.5
1805,Late Delivery,3.5
1809,Product Defect,4.0
1826,Missing Parts,4.0
1832,N/A Sent,5.0
1847,Fit for Purpose,3.5
1859,Wrong Item,4.0
1874,Wrong Item,3.5
1875,Late Delivery,4.0
1885,Missing Parts,4.0
1905,Late Delivery,3.5
1925,INVENT,2.5
1927,Damaged Goods,3.5
1928,Safety Issue,3.5
1934,Late Delivery,3.5
1937,Missing Parts,4.0
1939,Poor Fit,3.5
1941,Late Delivery,3.5
1948,No Issue,1.0
1959,Late Delivery,4.0
1966,Desconhecido,2.5
1972,Wrong Item,3.5
2002,Wrong Item,4.0
2011,Wrong Item,3.5
2025,Late Delivery,3.5
2026,Late Delivery,3.5
2046,Late Delivery,3.5
2073,Poor Quality,4.0
2080,Wrong Item,3.5
2089,Color Mismatch,3.5
2093,Wrong Item,4.0
2095,Missing Parts,3.5
2096,Item Never Arrived,5.0
2119,Poor Quality,3.5
2124,Missing Parts,3.5
2132,Wrong Item,4.0
2141,Late Delivery,3.5
2155,Late Delivery,4.0
2160,Defective Packaging,3.5
2169,Material Mismatch,4.0
2175,Wrong Item,3.5
2181,Late Delivery,4.0
2183,Espero Nunca Mais,3.5
2187,Wrong Item,3.5
2188,Voltage Mismatch,3.5
2196,Late Delivery,3.5
2210,Poor Quality,4.0
2211,Poor Quality,4.0
2224,Wrong Item,4.0
2226,Late Delivery,4.0
2230,Vazamento do Cartucho,4.0
2232,Late Delivery,3.5
2237,Late Delivery,4.0
2241,INVENT,1.0
2245,Late Delivery,3.5
2276,Late Delivery,3.5
2277,Damaged Goods,3.5
2281,Late Delivery,3.5
2292,Wrong Item,3.5
2300,Wrong Item,4.0
2317,Late Delivery,3.5
2337,Wrong Item,3.5
2338,Late Delivery,4.0
2345,Late Delivery,4.0
2346,Poor Quality,3.5
2347,Late Delivery,2.0
2352,Wrong Item,4.0
2362,Damaged Goods,3.5
2364,Late Delivery,3.5
2366,Wrong Item,4.0
2369,Wrong Item,3.5
2380,Wrong Item,3.5
2382,Wrong Item,3.5
2384,INVENT,3.5
2392,Late Delivery,3.5
2394,Product Variance,3.5
2395,Wrong Item,4.0
2401,Wrong Item,4.0
2403,No Delivery,3.0
2408,Late Delivery,4.0
2411,Missing Parts,4.0
2418,Late Delivery,4.0
2437,Wrong Item,3.5
2447,Late Delivery,3.5
2458,Poor Quality,4.0
2467,Late Delivery,3.5
2478,INVENT,1.0
2489,No Fit,1.0
2494,Missing Parts,3.5
2514,Late Delivery,3.5
2516,Wrong Item,4.0
2517,Late Delivery,4.0
2519,Wrong Item,4.0
2523,Delayed Order,3.5
2530,Wrong Item,4.0
2537,Not Received,5.0
2547,Late Delivery,3.5
2567,No Problema,1.0
2568,Late Delivery,3.5
2580,Late Delivery,3.5
2584,Poor Quality,4.0
2585,Late Delivery,4.0
2586,Late Delivery,4.0
2605,Rude Courier,3.5
2610,No Fit,1.0
2612,Not Received,5.0
2616,Wrong Item,3.5
2618,Satisfeito,1.0
2624,Late Delivery,4.0
2630,Late Delivery,3.5
2632,Missing Parts,3.5
2642,Wrong Item,4.0
2647,No Fit,3.5
2649,Wrong Item,4.0
2652,Wrong Item,4.0
2669,Missing Parts,3.5
2671,Wrong Item,4.0
2681,INVENT,3.5
2700,Product Variance,3.5
2703,Late Delivery,3.5
2713,Wrong Item,4.0
2714,Late Delivery,3.5
2716,Late Delivery,4.0
2728,No Issue,1.0
2731,Battery Issues,4.0
2742,Late Delivery,3.5
2749,Pacote Aberto,2.5
2762,INVENT,1.0
2765,No Issue Found,1.0
2779,Late Delivery,3.5
2792,Wrong Item,3.5
2803,INVENT,1.0
2813,Poor Quality,3.5
2824,Late Delivery,3.5
2829,Late Delivery,4.0
2839,Wrong Item,3.5
2865,Late Delivery,4.0
2870,Poor Quality,4.0
2874,Late Delivery,3.5
2893,Wrong Item,4.0
2896,Late Delivery,3.5
2902,Late Delivery,4.0
2906,Non Functional,4.0
2909,Late Delivery,3.5
2912,Entrega Atrasada,2.0
2921,Presentation Issues,3.5
2926,Missing Parts,3.5
2939,Missing Parts,3.5
2943,Late Delivery,3.5
2949,INVENT,1.0
2950,INVENT,3.5
2962,INVENT,3.5
2971,Wrong Item,3.5
2984,Wrong Item,3.5
2985,Late Delivery,3.5
2991,Poor Quality,4.0
2992,No Issue,1.0
3007,Wrong Item,4.0
3008,Late Delivery,3.5
3010,Wrong Item,4.0
3014,Wrong Item,4.0
3016,Late Delivery,3.5
3022,Missing Parts,3.5
3026,Late Delivery,4.0
3029,Late Delivery,3.5
3037,Missing Parts,3.5
3038,Late Delivery,4.0
3046,Wrong Item,3.5
3050,INVENT,1.0
3066,Cancelled Purchase,3.5
3076,Wrong Item,3.5
3082,Wrong Item,4.0
3098,Wrong Item,4.0
3102,Wrong Item,4.0
3107,Late Delivery,3.5
3114,Late Delivery,4.0
3122,Missing Parts,3.5
3134,Wrong Item,4.0
3139,Wrong Item,3.5
3141,Late Delivery,3.5
3145,Wrong Item,4.0
3162,No Arrival,5.0
3166,Category,2.5
3172,Missing Parts,2.0
3181,Wrong Item,4.0
3191,No Issue,1.0
3193,Late Delivery,3.5
3196,Late Delivery,3.5
3198,Late Delivery,4.0
3200,Wrong Item,4.0
3204,Wrong Item,4.0
3209,Wrong Item,3.5
3212,Late Delivery,3.5
3222,Late Delivery,3.5
3237,Late Delivery,3.5
3242,INVENT,3.5
3246,Poor Quality,4.0
3249,Late Delivery,4.0
3250,Wrong Item,3.5
3255,Late Delivery,3.5
3258,Wrong Item,3.5
3259,Cancelled Order,3.5
3261,Late Delivery,3.5
3269,Late Delivery,4.0
3272,Poor Quality,3.5
3274,Excellent Product,1.0
3295,INVENT,3.5
3300,Late Delivery,3.5
3303,No Delivery,4.0
3312,INVENT,1.0
3314,Wrong Item,4.0
3316,INVENT,3.5
3320,Non Functional,4.0
3322,INVENT,3.5
3323,Poor Quality,4.0
3328,Missing Parts,3.5
3329,Wrong Item,3.5
3330,Lixo,3.5
3334,Late Delivery,3.5
3341,Missing Parts,4.0
3348,Late Delivery,4.0
3350,Late Delivery,3.5
3355,Poor Quality,4.0
3374,Wrong Item,4.0
3380,Devolução do Produto,3.5
3388,Non Adhesive Film,3.5
3393,Late Delivery,3.5
3395,Late Delivery,3.5
3397,Late Delivery,3.5
3403,Missing Parts,3.5
3423,Wrong Item,3.5
3429,Product Mismatch,3.5
3442,INVENT,3.5
3451,Poor Quality,4.0
3460,Wrong Item,3.5
3475,Wrong Item,3.5
3487,Poor Quality,4.0
3489,Product Shortage,3.5
3493,Late Delivery,3.5
3498,Missing Parts,3.5
3499,Damaged Goods,4.0
3501,Wrong Item,3.5
3511,Late Delivery,4.0
3525,INVENT,3.5
3528,Late Delivery,3.5
3530,Pouco Qualidade,3.5
3536,Wrong Item,4.0
3548,Late Delivery,3.5
3579,Delayed Communication,3.5
3588,Late Delivery,3.5
3595,Wrong Item,4.0
3596,Late Delivery,4.0
3602,Missing Parts,3.5
3603,Late Delivery,3.5
3604,Poor Quality,4.0
3607,Wrong Item,4.0
3616,Produto de péssima qualidade,4.0
3622,Late Delivery,3.5
3624,Product Fraud,5.0
3628,Wrong Item,3.5
3631,Wrong Item,4.0
3638,Wrong Item,4.0
3640,Late Delivery,3.5
3641,Poor Quality,4.0
3644,Missing Parts,3.5
3646,Missing Parts,4.0
3649,Late Delivery,4.0
3651,Wrong Item,4.0
3653,INVENT,1.0
3660,No Delivery,3.0
3665,Late Delivery,4.0
3669,Not Received,5.0
3682,Late Delivery,4.0
3701,Wrong Item,4.0
3706,Poor Quality,4.0
3712,INVENT,1.0
3720,Damaged Goods,3.5
3729,Missing Parts,3.5
3743,Late Delivery,3.5
3744,Late Delivery,3.5
3751,Not Received,3.5
3757,Poor Quality,3.5
3764,Late Delivery,3.5
3767,Missing Parts,4.0
3774,Wrong Item,4.0
3779,Product Variance,3.5
3783,Propaganda Enganosa,3.5
3792,Wrong Item,4.0
3796,Impossível Avaliar,3.5
3803,No Delivery,5.0
3817,Late Delivery,3.5
3824,Wrong Item,4.0
3827,Late Delivery,3.5
3848,INVENT,1.0
3852,Late Delivery,3.5
3859,Wrong Item,4.0
3869,Missing Parts,3.5
3878,Wrong Item,4.0
3886,INVENT,3.5
3887,Size Mismatch,3.5
3891,No Issue Found,1.0
3893,Late Delivery,3.5
3901,Late Delivery,4.0
3905,INVENT,3.5
3908,No Delivery,3.5
3916,Late Delivery,3.5
3917,Missing Parts,3.5
3923,Late Delivery,3.5
3929,Late Delivery,3.5
3932,Late Delivery,4.0
3953,No Issue,1.0
3961,Wrong Item,4.0
3969,Late Delivery,3.5
3988,Late Delivery,3.5
4000,INVENT,3.5
4004,Wrong Item,3.5
4007,Late Delivery,3.5
4038,Late Delivery,3.5
4050,Missing Parts,3.5
4057,Late Delivery,3.5
4058,Missing Parts,3.5
4065,Missing Parts,4.0
4069,Late Delivery,3.5
4076,Late Delivery,2.0
4090,Late Delivery,4.0
4091,Late Delivery,3.5
4093,Mis Match,4.0
4095,Poor Quality,3.5
4108,Pedido Incompleto,4.0
4118,Rude Courier,3.5
4131,Wrong Item,3.5
4151,Non-Received,5.0
4152,Late Delivery,4.0
4154,Late Delivery,3.5
4162,Late Delivery,3.5
4190,Missing Parts,3.5
4200,Late Delivery,3.5
4205,Wrong Item,4.0
4206,Late Delivery,3.5
4209,Late Delivery,3.5
4211,Missing Parts,3.5
4221,No New Category,5.0
4237,Late Delivery,4.0
4240,No Delivery,4.0
4254,Missing Parts,3.5
4264,Wrong Item,3.5
4268,Late Delivery,3.5
4278,No New Category,3.5
4281,Late Delivery,3.5
4290,No Issue,1.0
4295,Missing Parts,3.5
4301,Poor Quality,4.0
4312,Late Delivery,3.5
4313,Wrong Item,3.5
4315,Wrong Item,4.0
4318,Late Delivery,3.5
4319,Late Delivery,3.5
4334,Missing Parts,3.5
4338,No Response,3.5
4341,Misleading Ad,3.5
4352,Late Delivery,3.5
4361,Wrong Item,4.0
4368,Late Delivery,1.0
4382,Product Issue,3.5
4406,Wrong Item,4.0
4442,Late Delivery,3.5
4445,Wrong Item,4.0
4450,Late Delivery,3.5
4460,Late Delivery,4.0
4474,No Fit,3.5
4485,No Fit,1.0
4497,No Issue Found,1.0
4498,Late Delivery,3.5
4503,Wrong Item,4.0
4512,Poor Quality,3.5
4514,Missing Parts,3.5
4521,Missing Parts,3.5
4530,Missing Parts,3.5
4537,N/A,1.0
4547,Late Delivery,4.0
4548,Late Delivery,3.5
4552,Cancellation Issue,3.5
4572,Late Delivery,3.5
4576,INVENT,3.5
4579,INVENT,3.5
4588,Wrong Item,3.5
4589,Poor Quality,3.5
4593,Produto Chegou Em Perfeito Estado E Com Antecedencia,1.0
4598,Poor Quality,4.0
4601,Product Variance,3.5
4605,Missing Parts,3.5
4610,Late Delivery,3.5
4616,Wrong Item,4.0
4623,Damaged Goods,4.0
4647,Price Mismatch,4.0
4667,Wrong Item,4.0
4682,INVENT,1.0
4683,Late Delivery,3.5
4684,Late Delivery,4.0
4701,Late Delivery,3.5
4713,Pedido e entrega sem detalhes,3.5
4714,Wrong Item,3.5
4722,Fit Issue,3.5
4723,Defective Product,4.0
4732,Poor Quality,3.0
4742,Missing Parts,3.5
4743,Wrong Item,3.5
4744,Late Delivery,3.5
4747,Poor Quality,3.5
4751,Poor Quality,3.5
4752,Wrong Item,3.5
4754,Late Delivery,3.5
4763,Late Delivery,3.5
4778,Wrong Item,4.0
4780,Wrong Item,4.0
4783,Late Delivery,3.5
4792,Missing Parts,4.0
4796,Poor Quality,3.5
4801,Wrong Item,3.5
4802,Late Delivery,3.5
4811,Fraud,5.0
4820,Poor Quality,3.0
4825,Poor Quality,3.5
4829,Late Delivery,3.5
4840,Late Delivery,4.0
4846,No Fit,3.5
4860,Late Delivery,4.0
4867,Late Delivery,3.5
4873,INVENT,3.5
4876,Não Entregaram,5.0
4917,Late Delivery,4.0
4918,Missing Parts,3.5
4919,Late Delivery,3.5
4956,Não Entendido,4.0
4968,nnnn,3.5
4975,Wrong Item,4.0
4981,No Delivery,5.0
4982,Late Delivery,3.5
4990,Missing Parts,3.5
4995,Late Delivery,3.5
5002,Late Delivery,3.5
5014,Wrong Item,4.0
5017,Poor Quality,3.5
5029,Wrong Item,3.5
5030,Missing Parts,3.5
5034,Missing Parts,3.5
5039,Late Delivery,3.5
5040,Wrong Item,3.5
5041,Late Delivery,3.5
5065,Late Delivery,3.5
5083,Late Delivery,3.5
5095,Late Delivery,3.5
5097,INVENT,3.5
5101,Late Delivery,4.0
5102,Wrong Item,4.0
5104,Late Delivery,3.5
5105,No Issue,1.0
5106,Missing Parts,3.5
5129,Late Delivery,3.5
5130,Late Delivery,3.5
5139,Late Delivery,3.5
5140,Wrong Item,4.0
5143,Late Delivery,4.0
5144,Wrong Item,3.5
5157,No Fit,1.0
5158,No Delivery,3.5
5162,INVENT,3.5
5164,Invent,3.5
5169,No Issue,1.0
5172,Wrong Item,3.5
5185,Not Conforming,4.0
5192,Insufficient Items,3.5
5196,Late Delivery,4.0
5217,Late Delivery,4.0
5224,Late Delivery,3.5
5231,Late Delivery,4.0
5234,Late Delivery,3.5
5241,Late Delivery,3.5
5252,Wrong Item,4.0
5254,Wrong Item,3.5
5266,Wrong Item,3.5
5267,Wrong Item,3.5
5276,Wrong Item,3.5
5281,Late Delivery,3.5
5282,Misaligned,3.5
5284,Produto Divergente,4.0
5297,Wrong Item,3.5
5298,Damaged Goods,4.0
5330,Late Delivery,3.5
5333,Missing Parts,3.5
5343,Mismatch,3.5
5349,Late Delivery,4.0
5354,Wrong Item,4.0
5359,Wrong Item,4.0
5363,Missing Parts,3.5
5364,Late Delivery,3.5
5365,Late Delivery,3.5
5371,Wrong Item,4.0
5377,No Delivery,5.0
5381,Wrong Item,3.5
5383,Late Delivery,4.0
5387,Damaged Goods,4.0
5397,INVENT,3.5
5398,Produto de péssima qualidade,4.0
5400,Late Delivery,4.0
5406,Late Delivery,3.5
5423,Late Delivery,3.5
5425,Late Delivery,3.5
5429,Poor Quality,3.5
5434,Late Delivery,4.0
5436,Wrong Item,4.0
5446,Unfulfilled Order,3.5
5463,Late Delivery,4.0
5477,Poor Quality,3.5
5491,INVENT,1.0
5494,Late Delivery,4.0
5498,Late Delivery,3.5
5501,INVENT,3.5
5502,Late Delivery,3.5
5504,Late Delivery,4.0
5509,Late Delivery,3.5
5511,Late Delivery,4.0
5512,No Arrival,5.0
5523,Late Delivery,4.0
5529,Late Delivery,4.0
5542,Late Delivery,3.5
5543,Non-Protection,4.0
5548,Late Delivery,3.5
5574,Pelicula Quebrada,2.5
5582,Poor Quality,4.0
5587,Poor Quality,3.0
5592,Late Delivery,4.0
5594,No Issue,1.0
5604,Wrong Item,3.5
5607,Missing Parts,3.5
5616,Missing Parts,3.5
5617,Late Delivery,3.5
5627,Poor Quality,4.0
5629,Missing Parts,3.5
5630,Wrong Item,3.5
5632,Wrong Item,4.0
5655,Wrong Item,4.0
5659,INVENT,3.5
5662,Late Delivery,3.5
5667,Wrong Item,4.0
5670,Poor Quality,4.0
5676,Wrong Item,4.0
5678,Late Delivery,3.5
5702,Wrong Item,4.0
5707,Late Delivery,3.5
5708,Poor Quality,4.0
5710,Fraud,5.0
5734,Late Delivery,3.5
5741,Damaged Goods,4.0
5743,Missing Parts,4.0
5762,Missing Parts,3.5
5765,Late Delivery,3.5
5768,Product Variance,2.0
5774,Category,2.5
5779,Late Delivery,3.5
5781,Late Delivery,3.5
5783,No Delivery,5.0
5786,Cancelled Orders,3.5
5788,Late Delivery,3.5
5792,Missing Parts,3.5
5793,Late Delivery,4.0
5802,Wrong Item,4.0
5812,Missing Parts,3.5
5816,Late Delivery,3.5
5822,Late Delivery,4.0
5824,Late Delivery,3.5
5828,Missing Parts,3.5
5835,No Issue Reported,1.0
5836,No Arrival,5.0
5851,Late Delivery,4.0
5852,Late Delivery,3.5
5853,Cancelled Order,3.5
5872,Late Delivery,4.0
5874,No Issue Found,1.0
5880,Late Delivery,3.5
5886,Noise Issue,3.5
5889,Late Delivery,3.5
5895,Poor Quality,3.5
5903,Late Delivery,3.5
5909,Missing Parts,4.0
5915,Late Delivery,3.5
5917,Mislead,3.5
5927,Missing Parts,3.5
5928,Missing Parts,3.5
5930,Late Delivery,3.5
5936,Non Functional,4.0
5940,Wrong Item,4.0
5944,Missing Parts,3.5
5945,No Delivery,5.0
5947,Small Scuff,3.5
5950,No Delivery,5.0
5958,Damaged Goods,3.5
5961,Super Satisfeita,1.0
5993,Late Delivery,3.5
5996,INVENT,1.0
5997,Invent a new category,2.5
5998,Wrong Item,3.5
5999,Misaligned,3.5
6000,Late Delivery,3.5
6003,No Issue,1.0
6005,Non Arrival,5.0
6012,Poor Quality,3.0
6017,INVENT,3.5
6020,NAO,1.0
6032,Poor Quality,3.5
6045,Wrong Item,4.0
6046,Wrong Item,3.5
6049,Wrong Item,3.5
6053,Late Delivery,4.0
6057,Late Delivery,3.5
6082,Late Delivery,3.5
6093,Wrong Item,4.0
6096,Delayed Refund,3.5
6110,Late Delivery,4.0
6114,Late Delivery,3.5
6115,Late Delivery,3.5
6119,Late Delivery,3.5
6121,INVENT,1.0
6125,Excellent Product,1.0
6128,Late Delivery,4.0
6132,Late Delivery,3.5
6160,No Issue,1.0
6161,Late Delivery,3.5
6170,Late Delivery,3.5
6180,Late Delivery,3.5
6188,Entrega rápida e correta,1.0
6199,Late Delivery,3.5
6202,Missing Parts,3.5
6203,Late Delivery,4.0
6207,No Delivery,5.0
6224,Grau incorretp,3.5
6226,Wrong Item,5.0
6232,Wrong Item,3.5
6239,Cancelled Order,2.5
6256,Late Delivery,3.5
6273,No Issue,1.0
6288,Late Delivery,3.5
6290,Late Delivery,3.5
6292,Wrong Item,4.0
6297,Wrong Item,3.5
6298,Wrong Item,3.5
6304,Wrong Item,4.0
6315,Late Delivery,3.5
6316,INVENT,2.0
6324,INVENT,3.5
6325,Poor Quality,3.5
6331,Late Delivery,3.5
6332,Late Delivery,3.5
6336,Mismatched Product,4.0
6338,Late Delivery,4.0
6341,Poor Quality,4.0
6350,Produto Falso,4.0
6353,Damaged Goods,4.0
6361,INVENT,1.0
6363,Wrong Item,4.0
6368,Missing Parts,3.5
6372,No Issue,1.0
6375,Missing Parts,3.5
6380,Late Delivery,3.5
6385,Poor Quality,3.5
6391,Wrong Item,4.0
6397,Cancelled Order,3.5
6406,Late Delivery,3.5
6411,Late Delivery,3.5
6425,Poor Quality,3.5
6427,Poor Quality,4.0
6436,Late Delivery,3.5
6444,Camera Ruim,3.5
6451,Late Delivery,3.5
6474,No Arrival,5.0
6479,Wrong Item,4.0
6480,Wrong Item,4.0
6482,Late Delivery,3.5
6486,Late Delivery,3.5
6508,Late Delivery,3.5
6512,Bad Arrival,4.0
6516,INVENT,2.5
6525,INVENT,3.5
6528,Poor Quality,3.5
6531,Late Delivery,4.0
6541,No Pacote,5.0
6545,Descosto,3.5
6546,Wrong Item,4.0
6560,Damaged Goods,4.0
6566,Late Delivery,3.5
6569,Late Delivery,3.5
6578,Late Delivery,3.5
6579,Late Delivery,4.0
6580,Late Delivery,3.5
6581,INVENT,3.5
6586,Poor Quality,3.5
6596,Late Delivery,4.0
6601,Missing Parts,3.5
6609,Late Delivery,4.0
6623,Wrong Item,4.0
6624,Missing Parts,3.5
6641,Late Delivery,4.0
6648,Damaged Goods,4.0
6651,Late Delivery,4.0
6654,INVENT,3.5
6662,Missing Parts,3.5
6664,Produto com Defeito,4.0
6678,Extremely Fragile,4.0
6683,Wrong Item,3.5
6701,Late Delivery,4.0
6705,Missing Parts,4.0
6707,Late Delivery,3.5
6708,Late Delivery,3.5
6716,Late Delivery,3.5
6731,No Issue,1.0
6732,INVENT,3.5
6734,Late Delivery,3.5
6758,INVENT,3.5
6759,Late Delivery,3.5
6762,Incomplete Product,3.5
6765,Missing Parts,3.5
6769,Late Delivery,4.0
6773,Late Delivery,3.5
6785,Late Delivery,3.5
6788,Inconvenience,3.5
6794,Late Delivery,3.5
6796,Missing Parts,3.5
6808,Late Delivery,3.5
6819,Late Delivery,3.5
6825,No Delivery,5.0
6829,Late Delivery,3.5
6841,Late Delivery,3.5
6845,Poor Quality,3.5
6852,Wrong Item,4.0
6856,Late Delivery,3.5
6858,Wrong Item,4.0
6859,Late Delivery,4.0
6860,Late Delivery,4.0
6867,Damaged Goods,3.5
6868,Not Received,5.0
6869,Wrong Item,3.5
6891,Poor Quality,3.0
6892,No Delivery,5.0
6895,Fake Product,4.0
6896,Missing Parts,3.5
6906,Poor Quality,4.0
6914,Late Delivery,3.5
6925,Wrong Item,4.0
6935,Late Delivery,3.5
6956,Poor Quality,4.0
6957,Misinfo,3.5
6963,Wrong Item,3.5
6969,Wrong Item,4.0
6975,Poor Quality,4.0
6976,Wrong Item,4.0
6985,Late Delivery,4.0
6988,Late Delivery,3.5
6997,Late Delivery,3.5
6999,Late Delivery,3.5
7007,Late Delivery,4.0
7009,Wrong Item,4.0
7026,Cancelamento da Compra,3.5
7031,Late Delivery,3.5
7059,INVENT,3.5
7066,Late Delivery,3.5
7067,Poor Quality,3.5
7079,Missing Parts,3.5
7081,Wrong Item,4.0
7082,Not Received,5.0
7084,Wrong Item,3.5
7093,Wrong Item,4.0
7105,Late Delivery,3.5
7124,Late Delivery,3.5
7142,Aguardando o produto,1.0
7147,INVENT,1.0
7150,Late Delivery,3.5
7151,Late Delivery,3.5
7167,Wrong Item,3.5
7169,Poor Quality,4.0
7171,Missing Parts,2.0
7173,No Delivery,5.0
7174,Wrong Item,4.0
7175,Late Delivery,3.5
7178,Late Delivery,3.5
7180,INVENT,3.5
7185,Category,1.0
7191,Delayed Delivery,3.5
7195,Falsified Product,4.0
7199,Fit for Purpose,3.5
7200,Late Delivery,3.5
7204,Late Delivery,3.5
7215,Wrong Item,3.5
7220,Poor Fit,3.5
7224,Late Delivery,3.5
7227,Wrong Item,4.0
7230,INVENT,3.5
7238,Poor Quality,4.0
7251,Late Delivery,3.5
7255,Poor Quality,3.0
7268,Late Delivery,3.5
7279,Late Delivery,1.0
7283,Wrong Item,3.5
7294,Late Delivery,3.5
7300,Late Delivery,3.5
7304,Poor Quality,3.5
7319,Não Recebido,4.0
7320,Good network and arrived quickly,1.0
7321,Late Delivery,4.0
7330,Late Delivery,3.5
7332,No Issue,1.0
7336,Late Delivery,3.5
7346,Late Delivery,3.5
7349,Late Delivery,3.5
7350,Late Delivery,3.5
7352,Late Delivery,4.0
7362,Late Delivery,4.0
7399,Late Delivery,3.5
7407,Late Delivery,3.5
7408,Wrong Item,4.0
7412,Trust Issues,3.5
7419,Late Delivery,4.0
7426,Poor Quality,3.0
7436,Late Delivery,3.5
7437,Late Delivery,3.5
7472,Poor Quality,4.0
7479,Late Delivery,3.5
7480,Missing Communication,3.5
7503,N/A,2.5
7506,INVENT,3.5
7512,Wrong Item,4.0
7514,Wrong Item,3.5
7517,Late Delivery,3.5
7518,Wrong Item,4.0
7531,Missing Parts,3.5
7535,INVENT,1.0
7537,Missing Parts,3.5
7541,Poor Fit,3.5
7544,Wrong Item,4.0
7557,Wrong Item,4.0
7562,Late Delivery,3.5
7572,Late Delivery,3.5
7598,No Delivery,5.0
7599,Missing Parts,3.5
7605,Poor Quality,4.0
7622,Wrong Item,4.0
7627,Corrosion,4.0
7630,Wrong Item,4.0
7633,Late Delivery,3.5
7640,Category,2.5
7649,Late Delivery,3.5
7650,Late Delivery,3.5
7668,Poor Fit,3.5
7675,Late Delivery,3.5
7694,Late Delivery,4.0
7700,Wrong Item,4.0
7707,Late Delivery,4.0
7708,Category,2.5
7720,Late Delivery,3.5
7721,INVENT,3.5
7729,Wrong Item,4.0
7737,Late Delivery,3.5
7739,Image Mismatch,3.5
7743,Communication Issues,3.5
7759,No Delivery,5.0
7762,Wrong Item,4.0
7772,Bom Bom atendimento,1.0
7784,Poor Quality,4.0
7786,Wrong Item,4.0
7788,Late Delivery,3.5
7795,Late Delivery,4.0
7804,Rude Courier,3.5
7819,Late Delivery,3.5
7821,INVENT,3.5
7822,Late Delivery,3.5
7831,Wrong Item,4.0
7838,Late Delivery,3.5
7852,Overcharged,4.0
7869,Poor Quality,3.5
7891,INVENT,3.5
7897,Rushed Delivery,4.0
7898,Negligent Delivery,3.5
7899,Fake Product,4.0
7905,No Delivery,5.0
7910,Late Delivery,3.5
7912,Wrong Item,3.5
7913,Late Delivery,4.0
7915,No Item,3.5
7917,Produto de qualidade muito baixa,4.0
7918,Wrong Item,3.5
7943,Material Feio,2.5
7948,Missing Parts,3.5
7949,Wrong Item,3.5
7952,Missing Parts,3.5
7959,Wrong Item,4.0
7967,Poor Quality,4.0
7969,Missing Parts,3.5
7972,Late Delivery,3.5
7990,INVENT,1.0
7995,Missing Parts,3.5
8023,Wrong Item,3.5
8028,Late Delivery,4.0
8035,Late Delivery,3.5
8050,Late Delivery,3.5
8053,Late Delivery,4.0
8056,Electronics Fault,4.0
8061,Poor Quality,4.0
8076,Poor Quality,3.5
8084,No Rastreamento,3.5
8085,Late Delivery,3.5
8091,Wrong Item,3.5
8101,Incomplete Delivery,3.5
8106,Late Delivery,3.5
8107,Wrong Item,4.0
8108,Late Delivery,3.5
8119,Late Delivery,3.5
8124,Wrong Item,4.0
8138,Late Delivery,3.5
8143,Wrong Item,4.0
8144,Wrong Item,3.5
8176,Late Delivery,3.5
8191,Missing Parts,3.5
8194,Late Delivery,3.5
8198,Missing Coverage,3.5
8199,Late Delivery,4.0
8204,Late Delivery,3.5
8213,Poor Quality,3.5
8228,Late Delivery,3.5
8229,Wrong Item,4.0
8238,Insatisfeitíssima,2.5
8255,Late Delivery,3.5
8274,Wrong Item,3.5
8278,Color Mismatch,3.5
8279,Poor Quality,4.0
8295,Late Delivery,3.5
8297,Late Delivery,4.0
8299,Late Delivery,3.5
8311,Propaganda,3.5
8316,Late Delivery,3.5
8320,Wrong Item,4.0
8321,Wrong Item,4.0
8323,Late Delivery,3.5
8324,Poor Quality,4.0
8327,INVENT,3.5
8331,Produto Falso,4.0
8332,Poor Quality,3.5
8341,Late Delivery,3.5
8342,Late Delivery,3.5
8343,Delayed Delivery,3.5
8371,Late Delivery,2.0
8375,Wrong Item,4.0
8378,Late Delivery,3.5
8388,Broken Product,4.0
8400,Poor Quality,3.0
8404,Late Delivery,4.0
8405,Wrong Item,4.0
8409,Late Delivery,3.5
8424,INVENT,1.0
8431,Late Delivery,3.5
8450,Wrong Item,4.0
8453,Late Delivery,4.0
8460,Late Delivery,4.0
8464,Não Recebido,5.0
8470,Missing Parts,3.5
8485,Wrong Item,4.0
8487,Wrong Item,4.0
8489,Poor Quality,3.5
8501,Missing Parts,3.5
8505,Missing Parts,4.0
8507,Defective Product,4.0
8510,Wrong Item,4.0
8514,Waiting for Installation,1.0
8516,Late Delivery,3.5
8519,Wrong Item,4.0
8523,Late Delivery,3.5
8544,Poor Quality,4.0
8550,Wrong Item,4.0
8562,Late Delivery,3.5
8577,Missing Parts,4.0
8586,Produto de péssima qualidade,4.0
8588,Product Variance,3.5
8602,INVENT,1.0
8621,Package Issues,3.5
8627,Late Delivery,4.0
8630,Late Delivery,4.0
8652,No Item,5.0
8671,Missing Parts,3.5
8688,Late Delivery,4.0
8693,Wrong Item,4.0
8698,Late Delivery,3.5
8699,Late Delivery,4.0
8703,Wrong Item,3.5
8716,Late Delivery,3.5
8721,Wrong Item,4.0
8726,Size Mismatch,3.5
8730,Expectations não atendidas,3.5
8739,Late Delivery,3.5
8748,INVENT,3.5
8753,Pobre Qualidade,4.0
8754,Missing Parts,4.0
8771,Wrong Item,4.0
8776,Late Delivery,3.5
8788,No Recommendation,3.5
8789,No Delivery,3.5
8790,Wrong Item,4.0
8794,INVENT,3.5
8795,Late Delivery,3.5
8799,Missing Parts,3.5
8800,Missing Parts,3.5
8813,Missing Parts,3.5
8814,Damaged Goods,4.0
8820,Incompetence,3.5
8821,Wrong Item,3.5
8828,Wrong Item,4.0
8831,Missing Parts,3.5
8833,Missing Parts,3.5
8846,Poor Quality,4.0
8857,Wrong Item,4.0
8872,Late Delivery,3.5
8876,Late Delivery,3.5
8884,No Fit,1.0
8889,INVENT,1.0
8903,No Issue,1.0
8904,Damaged Goods,3.5
8912,Wrong Item,4.0
8919,Wrong Item,4.0
8927,Late Delivery,3.5
8928,Wrong Item,4.0
8933,Late Delivery,3.5
8941,Poor Quality,4.0
8945,Late Delivery,3.5
8954,Wrong Item,4.0
8955,Late Delivery,3.5
8969,Visibility Issue,3.5
8972,Late Delivery,3.5
8990,Missing Parts,3.5
9007,Late Delivery,3.5
9009,Não recebi o produto,4.0
9012,Poor Quality,4.0
9021,Wrong Item,4.0
9034,Missing Parts,3.5
9048,No Product Received,5.0
9049,Late Delivery,3.5
9053,Wrong Item,4.0
9097,Late Delivery,3.5
9098,Missing Parts,3.5
9104,Poor Quality,3.5
9105,Incomplete Product,3.5
9107,Wrong Item,3.5
9112,Late Delivery,4.0
9128,Late Delivery,3.5
9131,Late Delivery,3.5
9145,Late Delivery,3.5
9148,Damaged Goods,4.0
9155,Late Delivery,3.5
9177,Missing Parts,3.5
9184,Late Delivery,3.5
9192,Late Delivery,4.0
9198,Wrong Item,4.0
9212,Wrong Item,3.5
9222,Poor Quality,3.5
9232,Late Delivery,3.5
9233,Wrong Item,4.0
9236,Wrong Item,4.0
9246,INVENT,1.0
9251,Poor Quality,4.0
9270,Poor Quality,4.0
9273,Late Delivery,3.5
9280,Late Delivery,3.5
9312,Late Delivery,4.0
9315,Wrong Item,3.5
9318,Late Delivery,3.5
9324,Wrong Item,3.5
9330,Poor Quality,4.0
9331,Late Delivery,3.5
9334,Late Delivery,4.0
9345,Late Delivery,3.5
9348,Wrong Item,4.0
9365,Sabendo que são enganadores,4.0
9366,Late Delivery,3.5
9374,Late Delivery,3.5
9383,Late Delivery,3.5
9386,Missing Parts,3.5
9400,Poor Quality,3.5
9404,Late Delivery,3.5
9418,Late Delivery,3.5
9419,Poor Quality,3.5
9424,Late Delivery,4.0
9433,Wrong Item,4.0
9459,Late Delivery,3.5
9461,Missing Information,3.5
9463,Wrong Item,4.0
9473,Late Delivery,3.5
9476,Package Scrambled,3.5
9505,Late Delivery,3.5
9509,Late Delivery,3.5
9529,Late Delivery,3.5
9536,Poor Quality,3.5
9539,Not Received,5.0
9540,Missing Parts,3.5
9542,Late Delivery,4.0
9549,INVENT,3.5
9552,Poor Quality,4.0
9553,Wrong Item,3.5
9556,Entregue dentro do prazo,1.0
9557,Late Delivery,4.0
9558,Poor Quality,3.0
9574,INVENT,3.5
9579,Wrong Item,4.0
9583,Missing Parts,3.5
9584,Color Variance,3.5
9588,Late Delivery,3.5
9589,Poor Quality,3.5
9599,Late Delivery,3.5
9610,Wrong Item,3.5
9611,Late Delivery,3.5
9624,Late Delivery,3.5
9627,Late Delivery,5.0
9634,Wrong Item,4.0
9636,Late Delivery,4.0
9641,Wrong Item,4.0
9645,Missing Parts,3.5
9651,Late Delivery,3.5
9652,Late Delivery,3.5
9654,Wrong Item,4.0
9672,Late Delivery,3.5
9675,Cancelled Order,3.5
9679,Late Delivery,4.0
9693,Quality,2.0
9694,Delayed Delivery,3.5
9695,Wrong Item,4.0
9710,Fake Product,2.5
9730,Late Delivery,3.5
9733,Wrong Item,4.0
9747,INVENT,1.0
9751,Poor Quality,3.0
9788,Late Delivery,3.5
9795,Late Delivery,3.5
9796,Wrong Item,4.0
9809,Missing Parts,3.5
9818,Missing Parts,3.5
9829,Wrong Item,4.0
9830,Wrong Item,4.0
9832,No Fit,1.0
9833,Missing Parts,3.5
9835,Late Delivery,3.5
9840,Missing Parts,3.5
9849,Late Delivery,3.5
9854,Late Delivery,3.5
9870,Insegurança,3.5
9876,Late Delivery,3.5
9886,Wrong Item,4.0
9898,Wrong Item,4.0
9903,Missing Parts,4.0
9904,Poor Quality,4.0
9905,Missing Parts,3.5
9912,Late Delivery,3.5
9916,Wrong Item,3.5
9936,Item Never Arrived,5.0
9942,Prefiro opinar após receber o produto,3.5
9948,Missing Parts,3.5
9952,Missing Parts,3.5
9960,Poor Quality,4.0
9963,Late Delivery,3.5
9967,Late Delivery,3.5
9970,Missing Parts,3.5
9971,Poor Quality,3.0
9978,Late Delivery,3.5
9984,Wrong Item,4.0
9989,Late Delivery,4.0
9991,Wrong Item,3.5
9993,Missing Parts,4.0
9995,Late Delivery,3.5
9998,Inappropriate Response,2.5
10003,Missing Parts,3.5
10008,Late Delivery,3.5
10010,Material de Arara,2.5
10014,Fraud,5.0
10028,Late Delivery,3.5
10034,Wrong Item,4.0
10047,INVENT,3.5
10050,Late Delivery,4.0
10051,Poor Fit,3.5
10053,No Delay,1.0
10057,Wrong Item,3.5
10060,Wrong Item,4.0
10069,No Arrival,5.0
10083,No Fit,3.5
10086,INVENT,1.0
10092,Late Delivery,4.0
10098,Late Delivery,3.5
10099,Late Delivery,4.0
10108,Late Delivery,4.0
10109,Wrong Item,3.5
10110,Late Delivery,1.0
10112,Wrong Item,3.5
10126,Non Functional,4.0
10137,Poor Quality,3.5
10138,Late Delivery,4.0
10140,INVENT,1.0
10156,Category,2.5
10157,Late Delivery,4.0
10163,Late Delivery,3.5
10164,Late Delivery,3.5
10169,Fraud,5.0
10176,INVENT,3.5
10185,No Problema,1.0
10200,Late Delivery,3.5
10202,Missing Parts,3.5
10207,Wrong Item,4.0
10213,Counterfeit Product,4.0
10215,Wrong Item,4.0
10216,Late Delivery,3.5
10217,Late Notification,3.5
10223,INVENT,3.5
10235,Wrong Item,3.5
10236,Damaged Goods,3.5
10250,Arrependimento total,5.0
10253,Poor Quality,3.5
10268,Late Delivery,3.5
10272,Wrong Item,3.5
10277,Late Delivery,4.0
10294,Wrong Item,4.0
10317,Product Defect,4.0
10326,Wrong Item,4.0
10331,Poor Quality,4.0
10344,Wrong Item,4.0
10347,Misleading Product,3.5
10352,INVENT,3.5
10354,Não Gostei,3.5
10362,Cancelamento Falho,4.0
10373,Late Delivery,2.0
10378,Falta de Respeito,3.5
10389,Wrong Item,4.0
10395,Late Delivery,3.5
10399,Late Delivery,3.5
10411,Late Delivery,3.5
10413,Wrong Item,4.0
10416,Incomprehensible Tracking,3.5
10428,Late Delivery,3.5
10433,Poor Quality,3.5
10436,Not Delivered,4.0
10438,Missing Parts,3.5
10445,INVENT,3.5
10446,Defective Product,4.0
10450,Late Delivery,3.5
10458,Defective Product,3.5
10465,Late Delivery,3.5
10472,INVENT,3.5
10477,Late Delivery,3.5
10485,Late Delivery,3.5
10488,Late Delivery,3.5
10498,Wrong Item,3.5
10503,Wrong Item,3.5
10504,Wrong Item,3.5
10507,Wrong Item,4.0
10511,No New Category,1.0
10516,Notified Delivery,3.5
10524,INVENT,1.0
10527,INVENT,1.0
10529,No Issue,1.0
10530,Poor Quality,3.5
10534,Wrong Item,4.0
10546,Late Delivery,3.5
10549,Produto Inexistente,3.5
10551,Wrong Item,4.0
10555,Wrong Item,3.5
10556,Wrong Item,3.5
10562,Missing Parts,3.5
10574,Late Delivery,3.5
10589,Late Delivery,3.5
10594,Late Delivery,4.0
10602,Wrong Item,4.0
10625,INVENT,1.0
10630,Damaged Goods,4.0
10632,Non-Compliance,3.5
10644,Late Delivery,3.5
10647,Missing Parts,3.5
10655,Poor Quality,3.5
10657,Missing Parts,3.5
10660,Missing Parts,4.0
10662,Late Delivery,3.5
10683,Late Delivery,4.0
10695,Prateleiras Amassadas,2.5
10699,Late Delivery,3.5
10704,INVENT,3.5
10709,Late Delivery,3.5
10727,xxx,3.5
10731,Late Delivery,3.5
10740,Missing Parts,3.5
10743,INVENT,3.5
10751,Late Delays,3.5
10753,Wrong Item,3.5
10760,Late Delivery,3.5
10777,No Fit,3.5
10778,Wrong Item,3.5
10781,Late Delivery,3.5
10783,Damaged Goods,4.0
10786,Missing Parts,3.5
10790,No Fit,1.0
10795,No Arrival,5.0
10809,Late Delivery,1.0
10811,Wrong Item,4.0
10821,Late Delivery,3.5
10822,Poor Quality,3.5
10824,Late Delivery,3.5
10843,Wrong Item,4.0
10853,Poor Quality,4.0
10868,Late Delivery,4.0
10880,Não recebi,5.0
10881,Late Delivery,4.0
10884,Product Failure,4.0
10885,Missing Parts,3.5
10915,Late Delivery,4.0
10920,Late Delivery,4.0
10921,Missing Parts,3.5
10941,No Fit,3.5
10947,Tecido Ruim,3.5
10948,Missing Parts,3.5
10949,INVENT,3.5
10954,Late Delivery,3.5
10955,Missing Parts,3.5
10958,Late Delivery,3.5
10968,No Arrival,5.0
10969,Wrong Size,3.5
10970,Missing Parts,3.5
10982,Missing Parts,5.0
10984,Poor Quality,3.5
10991,Late Delivery,3.5
10998,Wrong Item,4.0
11009,Late Delivery,3.5
11015,Late Delivery,4.0
11028,Late Delivery,4.0
11043,Late Delivery,3.5
11048,Late Delivery,4.0
11067,Late Delivery,3.5
11083,Late Delivery,4.0
11089,INVENT,3.5
11100,Late Delivery,4.0
11106,Wrong Item,4.0
11120,Missing Parts,3.5
11128,Late Delivery,4.0
11129,INVENT,3.5
11131,Late Delivery,3.5
11133,Missing Parts,3.5
11141,Poor Quality,3.5
11147,Late Delivery,3.5
11155,Late Delivery,3.5
11156,No Issue Found,1.0
11158,Late Delivery,4.0
11161,Poor Quality,3.5
11171,Wrong Item,3.5
11179,Late Delivery,3.5
11191,Missing Parts,3.5
11192,Late Delivery,3.5
11195,Missing Parts,3.5
11201,Missing Parts,3.5
11204,Poor Quality,3.5
11229,Arrependimento,3.5
11232,Late Delivery,3.5
11233,Communication Issue,3.5
11235,Aguardando a entrega,3.5
11246,INVENT,1.0
11256,Late Delivery,3.5
11260,Late Delivery,3.5
11282,Late Delivery,3.5
11283,Late Delivery,3.5
11292,Missing Parts,4.0
11294,Missing Parts,3.5
11304,No Arrival,5.0
11305,INVENT,1.0
11319,Late Delivery,3.5
11323,Wrong Item,3.5
11351,Late Delivery,4.0
11378,Poor Quality,4.0
11398,Late Delivery,3.5
11412,Late Delivery,3.5
11416,Missing Parts,3.5
11429,Missing Parts,3.5
11437,Late Delivery,3.5
11439,Late Delivery,4.0
11442,Wrong Item,4.0
11452,Damaged Goods,4.0
11458,Satisfeito,1.0
11463,Incompatibilidade do Equipamento,4.0
11467,Wrong Item,4.0
11471,Missing Parts,3.5
11500,Late Delivery,3.5
11505,Late Delivery,3.5
11517,Damaged Goods,4.0
11524,Late Delivery,4.0
11528,Wrong Item,4.0
11530,Late Delivery,3.5
11536,Rude Courier,3.5
11542,No Fit,1.0
11555,Wrong Item,3.5
11583,Late Delivery,3.5
11584,Damaged Goods,4.0
11595,Missing Parts,3.5
11599,No Fit,3.5
11602,Late Delivery,3.5
11613,Late Delivery,3.5
11614,Wrong Item,4.0
11616,Wrong Item,3.5
11635,Não veio a nota fiscal com o produto,1.0
11654,Late Delivery,3.5
11657,Wrong Item,4.0
11667,No Issue Found,1.0
11676,Wrong Item,3.5
11683,Wrong Item,4.0
11686,Fake Product,4.0
11698,Late Delivery,4.0
11702,Late Delivery,4.0
11703,Poor Quality,4.0
11705,INVENT,1.0
11711,Late Delivery,3.5
11713,Missing Parts,3.5
11718,Poor Quality,3.5
11727,Late Delivery,3.5
11741,Late Delivery,3.5
11748,Missing Parts,3.5
11755,INVENT,3.5
11771,Wrong Item,4.0
11778,INVENT,3.5
11780,Selling Fraud,5.0
11792,Wrong Item,4.0
11795,Late Delivery,3.5
11797,Damaged Goods,3.5
11803,Bom Produto,1.0
11808,INVENT,2.0
11809,Wrong Item,4.0
11810,Missing Parts,4.0
11820,Late Delivery,4.0
11821,Wrong Item,4.0
11832,Wrong Item,4.0
11843,Late Delivery,4.0
11848,Not Delivered,4.0
11867,Wrong Item,4.0
11874,Produto Usado,3.5
11877,Late Delivery,3.5
11883,NAO RECOMENDARIA A targaryen P,2.5
11889,Wrong Item,4.0
11896,Late Delivery,3.5
11897,Wrong Item,4.0
11903,Poor Quality,4.0
11904,Poor Quality,3.0
11909,Missing Packaging,3.5
11912,Wrong Item,4.0
11913,Wrong Item,4.0
11916,Late Delivery,3.5
11921,Late Delivery,3.5
11922,Invent,2.5
11926,Late Delivery,4.0
11927,Missing Parts,3.5
11933,Late Delivery,4.0
11942,No Delivery,4.0
11944,Wrong Item,4.0
11954,Late Delivery,4.0
11960,Late Delivery,3.5
11965,Poor Quality,3.5
11966,Wrong Item,4.0
11988,Late Delivery,4.0
11994,Late Delivery,3.5
11995,Late Delivery,3.5
12008,Late Delivery,3.5
12014,Late Delivery,3.5
12019,Late Delivery,3.5
12020,Missing Parts,3.5
12030,INVENT,3.5
12033,Poor Quality,4.0
12034,Não Recebi os Produtos,3.5
12044,Late Delivery,3.5
12050,Late Delivery,4.0
12059,Material Mismatch,3.5
12069,Late Delivery,4.0
12076,Poor Quality,3.5
12078,Não Recebido,4.0
12084,Not Received,5.0
12096,Wrong Item,4.0
12110,Late Delivery,3.5
12116,Never Again Experience,4.0
12118,Produto Avariado,4.0
12119,Late Delivery,3.5
12120,Missing Parts,3.5
12121,Wrong Item,3.5
12122,Missing Parts,3.5
12125,INVENT,1.0
12130,Late Delivery,3.5
12133,Late Delivery,3.5
12143,No Arrival,5.0
12144,Late Delivery,3.5
12147,Late Delivery,3.5
12154,Missing Parts,3.5
12155,Wrong Item,3.5
12156,Wrong Item,4.0
12157,Late Delivery,3.5
12172,Missing Parts,3.5
12174,Late Delivery,3.5
12179,Late Delivery,3.5
12186,Late Delivery,3.5
12194,Fraud,5.0
12211,Late Delivery,3.5
12212,Wrong Item,4.0
12219,Not Received,5.0
12232,Missing Parts,3.5
12242,Late Delivery,4.0
12243,Late Delivery,3.5
12250,Late Delivery,3.5
12260,Poor Quality,4.0
12264,Damaged Goods,3.0
12265,Late Delivery,3.5
12268,Missing Parts,3.5
12270,INVENT,1.0
12275,Pessima,3.5
12284,Late Delivery,3.5
12303,Late Delivery,3.5
12307,No Arrival,5.0
12311,Late Delivery,4.0
12314,No Category,1.0
12321,Late Delivery,3.5
12335,Late Delivery,3.5
12345,Fraud,5.0
12347,Late Delivery,4.0
12350,Late Delivery,4.0
12361,Late Delivery,3.5
12371,No Delivery,3.0
12374,Late Delivery,4.0
12386,Late Delivery,4.0
12388,Late Delivery,3.5
12405,Wrong Item,4.0
12414,Late Delivery,3.5
12427,Wrong Item,4.0
12428,Late Delivery,4.0
12432,Late Delivery,4.0
12447,Missing Parts,3.5
12450,Missing Parts,4.0
12452,Late Delivery,3.5
12463,Wrong Item,3.5
12476,Late Delivery,3.5
12478,Poor Quality,3.5
12487,Late Delivery,4.0
12490,Late Delivery,3.5
12495,Poor Quality,3.5
12515,Late Delivery,3.5
12530,Late Delivery,3.5
12532,Poor Quality,3.0
12538,Late Delivery,4.0
12546,Late Delivery,3.5
12549,Late Delivery,4.0
12557,Late Delivery,3.5
12561,Late Delivery,4.0
12563,Missing Parts,3.5
12567,Wrong Item,4.0
12603,Late Delivery,3.5
12608,Late Delivery,1.0
12610,Late Delivery,3.5
12612,Late Delivery,4.0
12613,Missing Parts,3.5
12615,Wrong Item,4.0
12617,Late Delivery,3.5
12618,Rude Response,3.5
12624,Late Delivery,4.0
12629,Wrong Item,4.0
12635,Não Funciona,4.0
12638,Wrong Item,4.0
12644,Missing Parts,3.5
12650,Late Delivery,4.0
12656,Poor Quality,3.5
12657,Damaged Goods,3.5
12660,Not Found,3.5
12662,Missing Parts,3.5
12667,Rude Support,4.0
12682,Material Ruim,3.5
12691,Late Delivery,3.5
12699,Late Delivery,4.0
12703,Late Delivery,4.0
12712,Wrong Item,4.0
12718,Late Delivery,3.5
12720,Voltage Mismatch,3.5
12722,Not Received,5.0
12733,Wrong Item,3.5
12738,INVENT,1.0
12749,Late Delivery,3.5
12750,Late Delivery,3.5
12756,Late Delivery,3.5
12759,Missing Parts,3.5
12760,Late Delivery,3.5
12767,Tudo dentro do esperado,1.0
12786,Returned to Sender,3.5
12797,Late Delivery,3.5
12803,Late Delivery,4.0
12810,Late Delivery,3.5
12814,Late Delivery,3.5
12821,Wrong Item,4.0
12823,Wrong Item,3.5
12825,Late Delivery,4.0
12840,Poor Quality,4.0
12843,No Issue Found,1.0
12871,Wrong Item,4.0
12883,INVENT,1.0
12884,Late Delivery,3.5
12888,Wrong Item,4.0
12893,Parts Missing,4.0
12904,Late Delivery,3.5
12905,Late Delivery,3.5
12908,Unclear,3.5
12912,Late Delivery,3.5
12920,Late Delivery,3.5
12921,Wrong Item,4.0
12922,Poor Quality,4.0
12929,INVENT,1.0
12936,Late Delivery,3.5
12938,Wrong Item,4.0
12947,Poor Quality,4.0
12958,Late Delivery,4.0
12959,Late Delivery,3.5
12961,No Product Sent,5.0
12988,Late Delivery,3.5
12994,Late Delivery,3.5
13000,Wrong Item,3.5
13002,Misalignment,3.5
13008,Late Delivery,3.5
13014,Late Delivery,3.5
13029,Late Delivery,3.5
13032,Late Delivery,3.5
13044,Late Delivery,3.5
13048,Missing Parts,3.5
13052,Uneven Packaging,3.5
13058,Late Delivery,3.5
13070,Late Delivery,3.5
13072,Late Delivery,3.5
13086,Damaged Goods,3.5
13092,Late Delivery,4.0
13097,Late Delivery,3.5
13100,Late Delivery,4.0
13103,Late Delivery,3.5
13104,Late Delivery,3.5
13114,Late Delivery,4.0
13130,Wrong Item,4.0
13132,Late Delivery,3.5
13141,Wrong Item,3.5
13143,Late Delivery,3.5
13151,No Issue Found,1.0
13155,Late Delivery,3.5
13161,Wrong Item,4.0
13164,Late Delivery,3.5
13170,INVENT,3.5
13172,Wrong Item,4.0
13194,Wrong Item,4.0
13195,Late Delivery,4.0
13198,Late Delivery,2.5
13216,INVENT,3.5
13237,Late Delivery,3.5
13246,Wrong Item,3.5
13258,Damaged Goods,3.5
13260,Late Delivery,3.5
13266,N/A,1.0
13267,Late Delivery,4.0
13268,Not Enough Information,3.5
13281,Late Delivery,4.0
13282,Late Delivery,3.5
13283,Wrong Item,3.5
13289,INVENT,3.5
13291,Late Delivery,3.5
13296,No Notification,3.5
13301,No Issue Found,1.0
13316,Wrong Item,4.0
13331,Late Delivery,4.0
13341,Poor Quality,4.0
13345,Late Delivery,3.5
13349,Late Delivery,4.0
13351,Poor Quality,3.0
13362,Cancelled Purchase,3.5
13367,Late Delivery,3.5
13371,Late Delivery,4.0
13383,Missing Parts,4.0
13387,INVENT,3.5
13400,Late Delivery,4.0
13411,Late Delivery,3.5
13413,Wrong Item,3.5
13422,INVENT,3.5
13424,Missing Parts,4.0
13425,Poor Quality,4.0
13430,Missing Parts,3.5
13438,Missing Parts,3.5
13442,Late Delivery,3.5
13444,Late Delivery,3.5
13451,Late Delivery,3.5
13453,Wrong Item,3.5
13455,Wrong Item,4.0
13460,Late Delivery,3.5
13463,Late Delivery,3.5
13490,Late Delivery,3.5
13491,Wrong Item,3.5
13493,Wrong Item,3.5
13498,Poor Quality,3.0
13499,Poor Quality,3.5
13502,Missing Parts,3.5
13510,Wrong Item,4.0
13511,Late Delivery,3.5
13515,INVENT,3.5
13522,Wrong Item,4.0
13525,INVENT,3.5
13548,Logística,3.5
13578,Missing Parts,3.5
13601,POXA SO QUERIA MEU PRODUTO,3.5
13642,Poor Quality,4.0
13652,Late Delivery,3.5
13665,Late Delivery,3.5
13670,Late Delivery,3.5
13689,Late Delivery,3.5
13696,Wrong Item,3.5
13699,Late Delivery,3.5
13701,Cancelation Requested,3.5
13711,No Fit,1.0
13714,Late Delivery,3.5
13720,Late Delivery,3.5
13734,Misdirected,4.0
13735,Late Delivery,3.5
13742,Wrong Item,4.0
13743,Late Delivery,3.5
13752,Late Delivery,3.5
13759,Late Delivery,3.5
13760,Wrong Item,4.0
13770,Wrong Item,4.0
13772,Late Delivery,3.5
13780,Late Delivery,3.5
13785,Late Delivery,3.5
13789,Missing Parts,3.5
13796,No Effect,3.5
13808,Late Delivery,3.5
13810,Late Delivery,4.0
13814,Poor Quality,3.5
13821,Wrong Item,4.0
13825,Missing Parts,2.0
13833,Poor Quality,3.5
13837,Missing Parts,3.5
13846,Late Delivery,3.5
13854,Late Delivery,4.0
13857,INVENT,1.0
13862,Late Delivery,3.5
13865,Missing Parts,3.5
13870,Replica,3.5
13871,Misfit,3.5
13877,Late Delivery,3.5
13882,Wrong Item,4.0
13898,Missing Parts,3.5
13899,Wrong Item,4.0
13913,INVENT,3.5
13923,Missing Parts,3.5
13936,Low Quality,4.0
13942,Late Delivery,3.5
13943,Missing Parts,3.5
13956,Wrong Item,3.5
13962,Late Delivery,3.5
13964,Late Delivery,3.5
13993,Late Delivery,3.5
14000,Late Delivery,3.5
14007,Poor Quality,4.0
14013,Product Stuck,4.0
14025,Wrong Item,3.5
14055,Wrong Item,3.5
14069,Mismatched Product,3.5
14079,Late Delivery,3.5
14080,Late Delivery,3.5
14084,INVENT,3.5
14090,Late Delivery,3.5
14104,Wrong Item,4.0
14115,Late Delivery,3.5
14140,Late Delivery,4.0
14141,Late Delivery,4.0
14143,Wrong Item,4.0
14163,Late Delivery,1.0
14175,Missing Parts,4.0
14182,Late Delivery,4.0
14186,Late Delivery,3.5
14187,Late Delivery,3.5
14195,Wrong Item,3.5
14217,Poor Quality,3.5
14226,Late Delivery,4.0
14227,Wrong Item,3.5
14228,Late Delivery,3.5
14229,No Fit,1.0
14230,Late Delivery,3.5
14234,Wrong Item,3.5
14245,Missing Parts,3.5
14262,Late Delivery,3.5
14266,Wrong Item,3.5
14273,Late Delivery,1.0
14290,N/A,1.0
14299,Missing Parts,3.5
14300,Late Delivery,4.0
14303,Wrong Item,4.0
14320,Late Delivery,3.5
14329,Late Delivery,4.0
14336,Late Delivery,4.0
14337,Missing Parts,4.0
14348,Wrong Item,4.0
14352,Wrong Item,3.5
14359,Missing Parts,3.5
14363,Late Delivery,4.0
14365,Late Delivery,3.5
14373,Missing Parts,3.5
14376,Wrong Item,3.5
14377,Item Never Arrived,5.0
14386,Wrong Size,3.5
14391,Wrong Item,3.5
14396,Wrong Item,4.0
14397,Late Delivery,1.0
14402,Wrong Item,3.5
14410,INVENT,3.5
14412,Late Delivery,4.0
14415,Late Delivery,3.5
14416,Damaged Goods,3.5
14425,Missing Parts,3.5
14426,Late Delivery,3.5
14427,Pobre Qualidade,3.5
14444,Poor Quality,3.5
14446,Produto Indisponível,3.5
14482,Wrong Item,4.0
14490,Wrong Item,4.0
14496,Late Delivery,3.5
14497,Poor Quality,4.0
14502,Voltagem Errada,3.5
14506,Late Delivery,3.5
14511,Missing Parts,3.5
14516,Late Delivery,3.5
14525,Poor Quality,4.0
14526,Late Delivery,4.0
14536,Wrong Item,4.0
14558,Wrong Item,4.0
14562,Wrong Item,4.0
14563,Late Delivery,4.0
14568,Late Delivery,4.0
14575,Late Delivery,3.5
14581,Color Mismatch,3.5
14595,Late Delivery,4.0
14599,Wrong Item,4.0
14606,Wrong Item,3.5
14609,Wrong Item,4.0
14617,Incomplete Order,2.5
14618,Poor Quality,3.0
14626,Não Recebido,4.0
14635,Late Delivery,3.5
14636,Late Delivery,3.5
14640,Late Delivery,3.5
14641,Late Delivery,3.5
14642,No Arrival,5.0
14657,Wrong Item,4.0
14658,Not Received,5.0
14661,Late Delivery,3.5
14666,Damaged Goods,4.0
14679,Late Delivery,3.5
14685,Late Delivery,4.0
14686,Wrong Item,3.5
14689,Late Delivery,4.0
14708,Late Delivery,4.0
14714,Damaged Goods,3.5
14728,Invent,2.5
14732,Wrong Item,4.0
14743,No Delivery,5.0
14747,Late Delivery,3.5
14749,Wrong Item,4.0
14755,Manchado,3.5
14757,Late Delivery,3.5
14768,Late Delivery,3.5
14769,INVENT,2.0
14773,Late Delivery,3.5
14777,Late Delivery,3.5
14782,Late Delivery,4.0
14783,No Issue,1.0
14785,Late Delivery,3.5
14791,Assembly Difficulty,3.5
14812,Falhado,4.0
14814,Late Delivery,3.5
14817,Late Delivery,3.5
14824,Wrong Item,3.5
14843,Wrong Item,4.0
14844,Late Delivery,3.5
14845,Wrong Item,4.0
14863,INVENT,1.0
14865,Wrong Item,3.5
14870,Late Delivery,3.5
14876,Late Delivery,3.5
14878,Late Delivery,3.5
14883,Late Delivery,3.5
14884,Late Delivery,3.5
14889,Late Delivery,3.5
14892,Product Variance,3.5
14894,Missing Parts,4.0
14897,Wrong Item,4.0
14905,Late Delivery,3.5
14912,Late Delivery,3.5
14921,Late Delivery,3.5
14924,INVENT,3.5
14928,Late Delivery,3.5
14938,Late Delivery,4.0
14943,Wrong Item,4.0
14944,Poor Quality,3.5
14948,Late Delivery,3.5
14965,Defective Product,3.5
14966,Wrong Item,4.0
14974,Late Delivery,3.5
14979,Late Delivery,3.5
14983,Late Delivery,3.5
14985,Damaged Goods,3.5
14986,Totalmente descuidado! Poderia,2.5
14993,Missing Parts,3.5
15000,Late Delivery,3.5
15002,Damaged Goods,4.0
15023,Missing Parts,4.0
15024,INVENT,1.0
15026,Poor Quality,4.0
15031,Wrong Item,4.0
15033,Wrong Item,3.5
15035,Late Delivery,3.5
15036,Misleading Ad,4.0
15043,Not Received,5.0
15045,Wrong Item,4.0
15046,Late Delivery,4.0
15068,No Fit,1.0
15070,Wrong Item,4.0
15078,Wrong Item,4.0
15090,Missing Information,3.5
15099,Late Delivery,1.0
15116,No Fit,1.0
15119,INVENT,3.5
15126,Black Product,4.0
15129,Missing Parts,3.5
15134,Dificuldade Comercial,3.5
15136,Late Delivery,3.5
15138,Missing Parts,3.5
15139,Package Damage,4.0
15148,Size Mismatch,3.5
15155,Late Delivery,3.5
15161,Wrong Item,3.5
15172,Late Delivery,3.5
15181,Wrong Item,4.0
15182,Wrong Item,3.5
15184,INVENT,3.5
15196,Late Delivery,3.5
15197,Poor Quality,4.0
15202,Damaged Goods,4.0
15204,Wrong Item,4.0
15206,Missing Parts,4.0
15208,Late Delivery,4.0
15210,Missing Parts,3.5
15217,Wrong Item,4.0
15222,Late Delivery,4.0
15245,Missing Parts,3.5
15247,INVENT,3.5
15249,Late Delivery,3.5
15258,Wrong Item,4.0
15263,Wrong Item,4.0
15268,NAO RECEBI,3.5
15282,Not Received,3.5
15288,Wrong Item,4.0
15290,Late Delivery,3.5
15298,Wrong Item,3.5
15304,Missing Parts,3.5
15306,Missing Parts,3.5
15316,Late Delivery,3.5
15320,Wrong Item,4.0
15322,Poor Quality,4.0
15325,Wrong Item,3.5
15343,Poor Quality,3.5
15355,Late Delivery,3.5
15361,Poor Quality,3.5
15366,Late Delivery,3.5
15370,Late Delivery,3.5
15377,Late Delivery,3.5
15383,Late Delivery,3.5
15384,Late Delivery,3.5
15405,Fraud,5.0
15416,Missing Parts,3.5
15428,Wrong Item,4.0
15436,Compreensão Falha,4.0
15442,INVENT,3.5
15453,Late Delivery,3.5
15459,Late Delivery,3.5
15461,Wrong Item,3.5
15471,Late Delivery,3.5
15476,INVENT,1.0
15480,Wrong Item,3.5
15482,Late Delivery,4.0
15489,Non-Original Parts,3.5
15498,Wrong Item,3.5
15502,Wrong Item,3.5
15512,Missing Parts,3.5
15516,Missing Parts,3.5
15518,Missing Parts,3.5
15527,Late Delivery,3.5
15533,Wrong Item,4.0
15547,Late Delivery,3.5
15552,INVENT,3.5
15558,Wrong Item,3.5
15563,Late Delivery,3.5
15577,Late Delivery,4.0
15579,Late Delivery,3.5
15587,Wrong Item,4.0
15597,Late Delivery,3.5
15621,Late Delivery,3.5
15625,No Delivery,5.0
15636,Transparencia,4.0
15645,Wrong Item,3.5
15646,Damaged Goods,4.0
15650,Produto com defeito,4.0
15652,Late Delivery,3.5
15666,Late Delivery,3.5
15668,Late Delivery,3.5
15674,Late Delivery,3.5
15684,Sem comentários,3.5
15687,Cancelamento de Venda,5.0
15690,Wrong Item,4.0
15697,Wrong Item,4.0
15703,Missing Parts,3.5
15705,Poor Quality,3.5
15708,Late Delivery,3.5
15719,No Fit,1.0
15728,Color Mismatch,4.0
15731,No Issue,1.0
15733,Wrong Item,3.5
15735,No Fit,1.0
15742,Wrong Item,3.5
15748,Entrega Incompleta,3.5
15750,Missing Parts,3.5
15751,None of the provided categories fit. Invent Category,2.5
15758,Entrega incompleta,3.5
15766,INVENT,1.0
15770,INVENT,1.0
15772,Missing Parts,3.5
15776,Wrong Item,3.5
15792,INVENT,2.0
15805,Late Delivery,4.0
15811,Late Delivery,3.5
15831,Late Delivery,4.0
15832,Late Delivery,4.0
15854,Poor Quality,3.5
15908,Late Delivery,3.5
15912,Late Delivery,3.5
15916,Missing Parts,3.5
15917,Poor Quality,4.0
15924,Late Delivery,3.5
15930,Late Delivery,3.5
15936,Late Delivery,4.0
15955,Wrong Item,3.5
15961,Late Delivery,3.5
15962,Missing Parts,4.0
15967,INVENT,3.5
15974,Communication Issues,3.5
15975,Delayed Delivery,3.5
15976,Late Delivery,3.5
15979,Late Delivery,3.5
15995,Late Delivery,3.5
16004,Missing Parts,3.5
16006,Late Delivery,4.0
16012,INVENT,1.0
16013,Wrong Item,4.0
16016,Missing Parts,3.5
16032,Wrong Item,3.5
16034,INVENT,3.5
16037,Late Delivery,3.5
16054,Produto Pirata,3.5
16065,Missing Parts,3.5
16076,INVENT,3.5
16082,Wrong Item,4.0
16088,Poor Quality,3.0
16089,Late Delivery,3.5
16098,Não recebi,5.0
16115,Late Delivery,4.0
16123,Não Recebido,4.0
16126,Wrong Item,4.0
16131,No Fit,1.0
16144,Fake Product,4.0
16150,Late Delivery,4.0
16153,Rude Treatment,3.5
16155,Poor Quality,4.0
16161,Wrong Item,4.0
16164,Wrong Item,4.0
16169,Poor Quality,3.5
16174,INVENT,1.0
16176,Wrong Item,4.0
16178,Rude Response,3.5
16180,Missing Parts,3.5
16196,Wrong Item,4.0
16215,Poor Quality,3.5
16219,No Fit,1.0
16235,Late Delivery,3.5
16242,No Fit,3.5
16244,Missing Parts,3.5
16253,No Issue Found,1.0
16254,Late Delivery,4.0
16259,Late Delivery,4.0
16260,Damaged Goods,4.0
16281,Late Delivery,4.0
16292,Missing Colors,3.5
16295,Produto Entregue No Prazo,1.0
16299,Wrong Item,3.5
16303,Wrong Item,3.5
16305,Damaged Goods,4.0
16316,Late Delivery,3.5
16320,Wrong Item,3.5
16326,Misdirected,3.5
16330,Late Delivery,4.0
16334,Wrong Item,3.5
16345,Wrong Item,4.0
16349,Late Delivery,4.0
16351,Late Delivery,3.5
16354,Missing Parts,4.0
16357,Wrong Item,3.5
16361,Late Delivery,3.5
16362,Late Delivery,4.0
16363,Wrong Item,4.0
16373,Late Delivery,3.5
16377,Late Delivery,3.5
16395,Late Delivery,3.5
16401,Wrong Item,4.0
16418,Late Delivery,3.5
16435,Sinais de Dano,3.5
16439,No Item,3.5
16460,Wrong Item,3.5
16461,Missing Parts,4.0
16462,Poor Quality,3.5
16474,Non-Reception,4.0
16503,Late Delivery,3.5
16511,INVENT,3.5
16514,Poor Quality,4.0
16525,Late Delivery,3.5
16536,Wrong Item,3.5
16541,Late Delivery,4.0
16542,Late Delivery,4.0
16544,Wrong Item,4.0
16550,INVENT,3.5
16551,Damaged Goods,3.5
16552,INVENT,1.0
16555,Late Delivery,4.0
16558,Wrong Item,4.0
16561,Wrong Item,4.0
16585,INVENT,1.0
16587,Wrong Item,4.0
16588,Poor Quality,4.0
16595,Poor Quality,3.5
16610,Late Delivery,3.5
16611,INVENT,3.5
16612,Produto Duvidoso,4.0
16616,Missing Parts,3.5
16618,Wrong Item,3.5
16623,Late Delivery,3.5
16625,Late Delivery,3.5
16633,Late Delivery,4.0
16676,Poor Quality,4.0
16677,Late Delivery,4.0
16681,Late Delivery,3.5
16689,Late Delivery,3.5
16697,Non Functional,4.0
16699,Wrong Item,3.5
16707,Wrong Item,4.0
16713,Wrong Item,3.5
16720,Falsified Product,4.0
16739,Late Delivery,2.0
16740,Late Delivery,3.5
16744,Late Delivery,3.5
16752,Late Delivery,4.0
16759,Late Delivery,3.5
16761,Missing Parts,3.5
16773,INVENT,3.5
16775,Estou Aguardando,3.5
16777,Late Delivery,4.0
16783,Late Delivery,3.5
16796,Wrong Item,4.0
16802,Late Delivery,4.0
16819,INVENT,3.5
16820,Valor Diferente,3.5
16821,Missing Parts,3.5
16826,Missing Parts,4.0
16843,No Item,5.0
16848,INVENT,1.0
16850,Poor Quality,4.0
16851,Wrong Item,4.0
16864,Wrong Item,4.0
16867,Late Delivery,3.5
16881,Missing Parts,4.0
16885,Poor Quality,4.0
16888,No Delivery,5.0
16889,Wrong Item,4.0
16897,Late Delivery,3.5
16901,Packing Issues,4.0
16905,Late Delivery,3.5
16910,Late Delivery,4.0
16911,Damaged Goods,3.5
16913,Packaging,3.5
16922,Poor Quality,3.0
16924,Late Delivery,3.5
16928,Late Delivery,3.5
16930,Late Delivery,3.5
16931,INVENT,3.5
16940,Late Delivery,3.5
16950,Poor Quality,3.5
16959,Wrong Item,4.0
16964,Wrong Item,4.0
16965,Late Delivery,3.5
16966,Wrong Item,4.0
16969,Late Delivery,3.5
16982,Missing Parts,3.5
16984,Missing Parts,3.5
16997,Poor Quality,4.0
16998,Late Delivery,4.0
17012,Late Delivery,3.5
17020,Late Delivery,3.5
17026,Wrong Item,4.0
17031,Wrong Item,3.5
17038,No New Category,3.5
17048,Poor Quality,3.0
17058,Não Entregaram,4.0
17068,Poor Quality,3.5
17076,Poor Quality,3.5
17077,Wrong Item,4.0
17086,Wrong Item,4.0
17103,Produto Extraviado,2.5
17113,Late Delivery,3.5
17116,Late Delivery,4.0
17117,Wrong Item,3.5
17119,Late Delivery,4.0
17121,Missing Parts,3.5
17123,Missing Parts,3.5
17126,No Arrival,5.0
17127,Rushed Cancelation,4.0
17129,Poor Quality,3.0
17135,Late Delivery,3.5
17137,No Rastreamento,3.5
17141,Late Delivery,3.5
17143,Late Delivery,3.5
17147,Color Mismatch,3.5
17153,Late Delivery,3.5
17159,Late Delivery,3.5
17166,Late Delivery,3.5
17176,Missing Parts,3.5
17178,Wrong Item,3.5
17179,INVENT,3.5
17187,No Issue,1.0
17197,INVENT,3.5
17198,Wrong Item,3.5
17204,INVENT,3.5
17208,Poor Quality,3.5
17209,Wrong Item,4.0
17216,Late Delivery,3.5
17219,Weak Fasteners,3.5
17224,Missing Parts,3.5
17226,Poor Quality,3.5
17227,Late Delivery,3.5
17230,Late Delivery,4.0
17246,Wrong Item,3.5
17249,Misleading Info,3.5
17261,Communication Issues,3.5
17263,Wrong Item,4.0
17270,Missing Parts,3.5
17276,Late Delivery,1.0
17279,Late Delivery,3.5
17287,Missing Parts,3.5
17291,Late Delivery,3.5
17292,Wrong Item,3.5
17294,Late Delivery,3.5
17296,Late Delivery,3.5
17298,Wrong Item,4.0
17299,Late Delivery,3.5
17312,Late Delivery,4.0
17314,Communication Issues,3.5
17315,Misdirected,3.5
17318,Late Delivery,3.5
17324,Late Delivery,1.0
17325,Late Delivery,3.5
17336,Late Delivery,3.5
17350,Cancelled Order,5.0
17355,No New Category,5.0
17361,Poor Quality,3.5
17365,Late Delivery,4.0
17369,Category,2.5
17379,Late Delivery,3.5
17396,Late Delivery,3.5
17398,Wrong Item,4.0
17399,Non Functional,4.0
17411,Inconvenience,3.5
17412,Wrong Item,4.0
17418,Late Delivery,3.5
17427,Wrong Item,4.0
17428,Missing Parts,3.5
17429,Late Delivery,3.5
17432,Ruim Ruim,3.5
17440,Satisfaction Issue,3.5
17446,Late Delivery,3.5
17450,Wrong Item,4.0
17458,INVENT,3.5
17462,Medio,3.5
17470,Non Functional Product,4.0
17478,Missing Parts,3.5
17479,Late Delivery,3.5
17483,Wrong Item,4.0
17486,Missing Parts,3.5
17492,Missing Parts,3.5
17502,Late Delivery,3.5
17547,Wrong Item,4.0
17550,Rude Courier,3.5
17551,Mistmatched Product,4.0
17554,Late Delivery,3.5
17564,Late Delivery,3.5
17578,Late Delivery,3.5
17583,Missing Parts,4.0
17591,Wrong Item,4.0
17593,Missing Parts,3.5
17617,Late Delivery,3.5
17619,Late Delivery,3.5
17622,Wrong Item,4.0
17629,Recomendação,3.5
17630,Wrong Item,4.0
17631,No Received,5.0
17636,No Fit,1.0
17642,Wrong Item,4.0
17650,Product Not Available,4.0
17654,Not Received,5.0
17658,Wrong Item,4.0
17663,Poor Quality,3.5
17667,Poor Quality,3.5
17670,Separation Issues,3.5
17673,Cancelled Order,5.0
17677,Late Delivery,4.0
17678,Wrong Item,4.0
17691,Sem Protection,4.0
17696,Wrong Item,3.5
17697,INVENT,3.5
17702,Não Recebido,4.0
17704,Late Delivery,3.5
17713,Late Delivery,3.5
17721,Late Delivery,4.0
17725,Late Delivery,3.5
17729,Late Delivery,2.0
17732,Missing Parts,4.0
17737,Late Delivery,3.5
17739,Wrong Item,3.5
17747,INVENT,3.5
17767,Wrong Item,4.0
17782,Low Functionality,3.5
17784,Wrong Item,3.5
17786,Tinta Grudenta,4.0
17790,INVENT,1.0
17796,Material Vagabundo,4.0
17810,Late Delivery,3.5
17824,Missing Parts,3.5
17838,Late Delivery,4.0
17840,Missing Parts,3.5
17841,Poor Quality,4.0
17859,Late Delivery,4.0
17883,Item Never Arrived,5.0
17904,No Arrival,5.0
17936,INVENT,3.5
17939,Wrong Item,4.0
17940,Wrong Item,4.0
17945,Missing Parts,3.5
17953,Late Delivery,3.5
17954,Not Delivered,3.5
17959,Availability Not Met,3.5
17964,Missing Parts,3.5
17968,Color Mismatch,3.5
17972,Damaged Goods,3.5
17975,Wrong Item,3.5
17985,Late Delivery,3.5
17986,Late Delivery,3.5
17992,Late Delivery,4.0
18000,Late Delivery,3.5
18025,Poor Quality,4.0
18032,Wrong Item,4.0
18041,Wrong Item,3.5
18048,Missing Parts,4.0
18049,Late Delivery,3.5
18052,Wrong Item,4.0
18060,Wrong Item,3.5
18063,Late Delivery,3.5
18066,Poor Quality,3.5
18073,Missing Parts,3.5
18084,Late Delivery,4.0
18087,Late Delivery,3.5
18089,Late Delivery,3.5
18102,Wrong Item,3.5
18110,Missing Parts,3.5
18117,Por enquanto estou no aguardo da troca do produto,2.0
18121,Inconvenience,3.5
18122,Late Delivery,3.5
18142,No Arrival,5.0
18145,Wrong Item,3.5
18148,Wrong Item,3.5
18152,Late Delivery,3.5
18159,Late Delivery,4.0
18160,Wrong Item,3.5
18172,Late Delivery,3.5
18196,No Issue Found,1.0
18197,:,3.5
18209,Late Delivery,3.5
18212,Wrong Item,4.0
18213,Poor Quality,4.0
18215,Wrong Item,4.0
18221,Missing Parts,3.5
18229,Late Delivery,3.5
18238,Late Delivery,3.5
18240,Late Delivery,3.5
18245,Missing Parts,3.5
18247,Rude Courier,3.5
18249,Late Delivery,4.0
18250,Wrong Item,3.5
18254,Missing Parts,2.0
18257,Late Delivery,3.5
18258,Late Delivery,4.0
18260,Late Delivery,2.0
18279,Late Delivery,3.5
18280,Missing Parts,3.5
18281,Product Variance,1.0
18285,Wrong Item,3.5
18288,Missing Parts,3.5
18293,Late Delivery,3.5
18312,Wrong Item,3.5
18334,Poor Quality,4.0
18336,Missing Parts,3.5
18346,Late Delivery,3.5
18357,Poor Quality,4.0
18362,No Comentários,3.5
18368,Late Delivery,3.5
18376,Damaged Goods,3.5
18388,Late Delivery,3.5
18389,INVENT,3.5
18396,Late Delivery,4.0
18398,Damaged Goods,3.5
18401,Late Delivery,4.0
18421,Wrong Item,4.0
18424,Missing Parts,3.5
18432,Não recebi,5.0
18441,Poor Quality,3.5
18442,Late Delivery,3.5
18444,Wrong Item,4.0
18451,Wrong Item,4.0
18454,Late Delivery,3.5
18456,Wrong Item,3.5
18458,Late Delivery,4.0
18464,Late Delivery,3.5
18487,Cancelamento,3.5
18490,Missing Parts,3.5
18503,Late Delivery,4.0
18508,Não Recebido,3.5
18522,Wrong Item,3.5
18525,Late Delivery,3.5
18526,Wrong Item,4.0
18529,Entrega correta,3.5
18531,Poor Quality,3.5
18535,Wrong Item,3.5
18548,Late Delivery,3.5
18552,INVENT,3.5
18564,Late Delivery,3.5
18566,Wrong Item,4.0
18569,Missing Parts,3.5
18570,Late Delivery,3.5
18571,Late Delivery,4.0
18578,Late Delivery,3.5
18579,Late Delivery,2.0
18580,Fraude,5.0
18586,Late Delivery,3.5
18588,Zero,5.0
18594,Late Delivery,3.5
18603,Poor Quality,3.5
18606,Non Functional,4.0
18616,Poor Quality,3.0
18619,Wrong Item,4.0
18623,Late Delivery,4.0
18631,Late Delivery,3.5
18644,Late Delivery,3.5
18651,Late Delivery,4.0
18665,Category,2.5
18674,Wrong Item,3.5
18684,Late Delivery,3.5
18685,Missing Parts,3.5
18693,Wrong Item,4.0
18705,Wrong Item,4.0
18706,Wrong Item,4.0
18714,Late Delivery,3.5
18715,Poor Quality,4.0
18720,Late Delivery,3.5
18729,Late Delivery,4.0
18731,Not Received,5.0
18740,Late Delivery,4.0
18742,Entrega incompleta,4.0
18751,Late Delivery,3.5
18755,Wrong Item,4.0
18765,Wrong Item,4.0
18766,Wrong Item,4.0
18776,Late Delivery,3.5
18780,Wrong Item,4.0
18799,Poor Quality,4.0
18800,Late Delivery,3.5
18807,Poor Quality,4.0
18809,Poor Quality,3.5
18811,No Delivery,5.0
18817,Late Delivery,3.5
18819,Wrong Item,4.0
18832,Damaged Goods,3.5
18834,Wrong Item,3.5
18838,Late Delivery,3.5
18840,Missing Parts,3.5
18851,Wrong Item,3.5
18871,Poor Quality,4.0
18876,Late Delivery,3.5
18879,Late Delivery,3.5
18884,Late Delivery,4.0
18898,Wrong Item,4.0
18899,Wrong Item,3.5
18906,Late Delivery,3.5
18908,Wrong Item,4.0
18929,INVENT,3.5
18933,Late Delivery,3.5
18937,N/A,3.5
18942,Late Delivery,4.0
18945,No Item,3.5
18947,Poor Quality,3.5
18959,Missing Parts,3.5
18960,Late Delivery,3.5
18967,Delayed Delivery,3.5
18971,Notified Incorrect,3.5
18975,Late Delivery,4.0
18995,Missing Parts,3.5
19000,Late Delivery,3.5
19002,Excellent Experience,1.0
19009,Invent,2.5
19012,Produto Mau,4.0
19014,Late Delivery,4.0
19019,Configuração Errada,2.5
19027,Poor Quality,3.5
19032,Late Delivery,3.5
19035,Late Delivery,4.0
19044,Late Delivery,3.5
19046,Missing Parts,4.0
19063,Late Delivery,4.0
19090,Wrong Item,3.5
19104,Late Delivery,3.5
19125,Late Delivery,3.5
19140,Late Delivery,3.5
19144,Missing Parts,3.5
19147,INVENT,3.5
19150,Late Delivery,3.5
19151,Damaged Goods,4.0
19155,No Delivery,5.0
19166,No Fit,1.0
19167,INVENT,3.5
19168,Poor Quality,4.0
19182,Late Delivery,4.0
19186,Late Delivery,3.5
19197,Wrong Item,3.5
19200,Misdirected Order,3.5
19206,No Item,5.0
19215,Wrong Item,4.0
19219,No Feedback Provided,1.0
19223,N/A,1.0
19225,Wrong Item,4.0
19228,Late Delivery,4.0
19237,Missing Parts,3.5
19241,Late Delivery,3.5
19243,Late Delivery,3.5
19250,Late Delivery,3.5
19252,Late Delivery,3.5
19259,Not Functional,4.0
19260,Pareja Defectuada,4.0
19264,Late Delivery,3.5
19268,INVENT,2.5
19270,Satisfied Purchase,1.0
19276,Wrong Item,3.5
19297,Wrong Item,3.5
19301,Late Delivery,3.5
19309,Late Delivery,3.5
19311,Wrong Item,4.0
19320,No Arrival,5.0
19323,Fragilidade,3.5
19333,Late Delivery,4.0
19342,Missing Parts,4.0
19346,Late Delivery,3.5
19348,Wrong Item,3.5
19353,Wrong Item,4.0
19355,Wrong Item,3.5
19358,Missing Parts,4.0
19362,No Received,5.0
19366,Late Delivery,3.5
19376,Poor Quality,3.5
19379,Missing Parts,3.5
19381,No Arrival,5.0
19388,Missing Parts,3.5
19389,Not Received,5.0
19397,Damaged Goods,3.5
19402,Parece que há um problema com o tamanho,3.5
19410,Poor Quality,3.5
19418,Late Delivery,3.5
19439,Late Delivery,3.5
19445,Missing Parts,3.5
19448,Wrong Item,4.0
19452,INVENT,3.5
19453,Late Delivery,3.5
19461,Poor Quality,3.5
19464,Poor Quality,3.5
19474,Late Delivery,3.5
19479,Missing Parts,4.0
19483,Missing Parts,3.5
19484,INVENT,1.0
19494,Poor Quality,3.5
19499,Late Delivery,3.5
19503,Late Delivery,3.5
19504,N/A,3.5
19514,Late Delivery,1.0
19516,Wrong Item,4.0
19520,INVENT,3.5
19523,Poor Quality,3.5
19524,Wrong Item,3.5
19525,Late Delivery,3.5
19528,Não Entendido,4.0
19532,Late Delivery,3.5
19539,Late Delivery,3.5
19542,Late Delivery,4.0
19554,Short Cable,4.0
19555,Late Delivery,3.5
19565,Late Delivery,2.0
19568,Wrong Item,4.0
19582,Rude Courier,3.5
19599,Wrong Item,4.0
19600,Missing Parts,3.5
19604,No Issue,1.0
19609,Late Delivery,3.5
19612,Incomplete Product,3.5
19615,Late Delivery,3.5
19619,Not Received Correct Item,4.0
19633,Late Delivery,3.5
19634,Late Delivery,3.5
19635,Unclear Tracking,3.5
19636,Missing Parts,3.5
19638,INVENT,1.0
19645,Poor Quality,3.0
19650,Misleading Ad,3.5
19663,No Arrival,5.0
19667,Poor Quality,4.0
19668,Missing Parts,3.5
19672,INVENT,3.5
19674,Late Delivery,3.5
19683,INVENT,1.0
19689,Late Delivery,4.0
19693,No Field Filled,4.0
19698,Wrong Item,4.0
19699,INVENT,3.5
19709,Missing Parts,4.0
19710,No Purchase Again,3.5
19717,No Fit,1.0
19718,Late Delivery,3.5
19719,Missing Parts,3.5
19721,Wrong Item,4.0
19726,Late Delivery,3.5
19727,Late Delivery,3.5
19746,No Delivery,4.0
19747,Wrong Item,4.0
19757,Not Received,5.0
19764,Wrong Item,3.5
19805,Late Delivery,3.5
19810,Late Delivery,3.5
19817,INVENT,2.0
19818,Missing Parts,3.5
19820,Defective Product,4.0
19821,Late Delivery,4.0
19823,Product Not Compatible,3.5
19842,Missing Parts,3.5
19847,Wrong Item,4.0
19851,Late Delivery,3.5
19857,Late Delivery,3.5
19860,No Delivery,4.0
19870,Wrong Item,4.0
19872,Wrong Item,4.0
19874,Late Delivery,4.0
19877,Missing Parts,3.5
19882,Non Functional Product,4.0
19892,Late Delivery,4.0
19895,Late Delivery,3.5
19906,Wrong Item,3.5
19915,Wrong Item,4.0
19922,Missing Parts,4.0
19939,Poor Quality,3.5
19940,Late Delivery,3.5
19945,Late Delivery,4.0
19949,Wrong Item,4.0
19971,Missing Parts,4.0
19973,Wrong Item,3.5
19975,Late Delivery,4.0
19977,Produto FALSIFICADO,5.0
19980,Wrong Item,4.0
19981,Late Delivery,3.5
19983,No Delivery,3.5
19992,Missing Parts,3.5
19998,Poor Quality,4.0
20001,Non-functional,4.0
20003,Produto Danificado,2.5
20005,Late Delivery,3.5
20014,Poor Quality,4.0
20016,INVENT,3.5
20024,Wrong Item,3.5
20037,Insufficient Information,3.5
20040,Late Delivery,3.5
20058,Late Delivery,3.5
20061,INVENT,1.0
20063,Late Delivery,4.0
20066,Late Delivery,3.5
20070,Poor Quality,3.5
20075,Late Delivery,3.5
20078,INVENT,3.5
20082,Poor Quality,3.5
20091,Poor Quality,3.5
20095,Inadequacy,3.5
20097,Wrong Item,3.5
20098,Missing Parts,3.5
20100,Late Delivery,3.5
20103,Problem Com Produto,3.5
20112,Late Delivery,3.5
20117,Late Delivery,4.0
20118,Late Delivery,4.0
20122,Late Delivery,3.5
20129,Late Delivery,3.5
20137,Wrong Item,4.0
20138,Late Delivery,3.5
20160,Late Delivery,3.5
20163,Wrong Item,4.0
20165,Communication Issues,3.5
20172,Late Delivery,3.5
20179,Wrong Item,4.0
20180,Late Delivery,3.5
20184,Wrong Item,4.0
20192,Poor Quality,3.5
20197,Late Delivery,3.5
20204,Stain,3.0
20212,Wrong Item,3.5
20213,Communication Issues,3.5
20215,Late Delivery,3.5
20217,Wrong Item,4.0
20219,Wrong Item,4.0
20225,Wrong Item,4.0
20234,Never Arrived,5.0
20237,Wrong Item,4.0
20238,No Issue Found,1.0
20243,Late Delivery,4.0
20246,Late Delivery,3.5
20252,Produto de Baixa Qualidade,3.5
20256,Not Received,5.0
20258,Late Delivery,4.0
20262,Late Delivery,3.5
20271,Product Defect,4.0
20280,Missing Parts,3.5
20281,Missing Parts,3.5
20286,INVENT,3.5
20296,Wrong Item,3.5
20307,Late Delivery,3.5
20309,No Delivery,3.0
20316,Communication Issues,3.5
20321,Waiting to Evaluate Better,3.5
20332,Notified by Post Office that i,2.5
20336,Missing Parts,4.0
20338,Missing Parts,4.0
20339,Late Delivery,4.0
20341,Poor Quality,3.0
20347,Late Delivery,3.5
20353,Missing Parts,4.0
20354,Entrega incompleta,4.0
20359,Late Delivery,3.5
20362,Poor Quality,4.0
20363,Late Delivery,3.5
20364,Item Not Received,4.0
20366,Late Delivery,3.5
20368,Late Delivery,4.0
20388,Color Mismatch,3.5
20415,Wrong Item,4.0
20419,Missing Parts,3.5
20421,Late Delivery,3.5
20424,Pedido atrasado,1.0
20428,Wrong Item,4.0
20429,Missing Parts,4.0
20430,Non-Material Arrival,3.5
20450,Missing Parts,3.5
20456,Poor Quality,3.5
20471,Wrong Item,3.5
20493,Poor Quality,4.0
20519,Wrong Item,4.0
20524,Missing Parts,3.5
20532,Late Delivery,3.5
20534,Wrong Item,3.5
20537,None of the provided categories fit. Invent Category,2.5
20548,Late Delivery,3.5
20555,Não recomendo essa loja pra ni,2.5
20567,Late Delivery,3.5
20570,Damaged Goods,3.5
20571,No Delivery,5.0
20579,Not Received,5.0
20582,Late Delivery,3.5
20585,Not Received,3.5
20589,Late Delivery,4.0
20591,Late Delivery,3.5
20595,Pobre Qualidade,3.5
20616,Damaged Goods,3.5
20617,Late Delivery,3.5
20622,Late Delivery,3.5
20638,Falta de Compromisso,3.5
20640,INVENT,3.5
20641,Wrong Item,4.0
20642,Wrong Item,4.0
20643,Poor Quality,4.0
20659,Late Delivery,4.0
20681,Poor Quality,4.0
20692,Late Delivery,3.5
20696,Late Delivery,3.5
20734,No Satisfaction,3.5
20735,Functionality Issues,4.0
20745,Not Received All Items,3.5
20759,Poor Quality,3.5
20760,Missing Parts,4.0
20764,Late Delivery,3.5
20765,Late Delivery,4.0
20770,INVENT,3.5
20772,Late Delivery,3.5
20778,PVC Defect,3.5
20780,Poor Quality,3.5
20782,Late Delivery,3.5
20795,Late Delivery,3.5
20799,Late Delivery,3.5
20808,Poor Quality,4.0
20810,Poor Quality,4.0
20827,Late Delivery,3.5
20858,Late Delivery,3.5
20871,Late Delivery,4.0
20887,Wrong Item,4.0
20889,Expired Product,3.5
20894,Late Delivery,4.0
20897,Late Delivery,4.0
20903,Poor Quality,4.0
20905,INVENT,3.5
20909,Not Received,5.0
20910,Damaged Goods,3.5
20911,Late Delivery,4.0
20912,No Product Received,4.0
20920,Late Delivery,3.5
20921,Late Delivery,4.0
20933,Missing Parts,3.5
20938,Missing Parts,3.5
20939,Late Delivery,3.5
20942,Missing Parts,4.0
20948,Missing Parts,3.5
20957,Wrong Item,4.0
20960,INVENT,3.5
20962,Late Delivery,3.5
20982,Wrong Item,4.0
20983,No Delivery,5.0
20993,Late Delivery,3.5
20995,Não recebi o produto,5.0
20997,Category,2.5
21000,Late Delivery,4.0
21002,Missing Parts,3.5
21004,Missing Parts,4.0
21015,Late Delivery,3.5
21018,Delay,3.5
21024,Late Delivery,3.5
21027,Late Delivery,3.5
21045,Late Delivery,3.5
21049,Late Delivery,3.5
21053,Poor Quality,3.5
21065,Late Delivery,4.0
21073,Não Recebido,4.0
21081,No Feedback Provided,1.0
21105,No Fit,1.0
21109,Wrong Item,3.5
21130,Wrong Item,3.0
21142,Late Delivery,3.5
21143,Late Delivery,3.5
21147,Wrong Item,4.0
21149,Missing Parts,3.5
21161,Missing Parts,3.5
21168,Wrong Item,3.5
21172,Late Delivery,3.5
21174,Late Delivery,4.0
21183,Wrong Item,4.0
21184,Late Delivery,3.5
21185,Late Delivery,4.0
21188,Late Delivery,4.0
21192,Poor Quality,3.5
21198,Late Delivery,3.5
21200,Produto Avariado,4.0
21216,Gladly,1.0
21218,Late Delivery,3.5
21219,Late Delivery,3.5
21228,Poor Quality,3.5
21246,Poor Quality,3.0
21248,Category,2.5
21251,Produto Entregue Dentro do Prazo,1.0
21256,Late Delivery,3.5
21258,Wrong Item,4.0
21276,Manchas,3.5
21278,INVENT,3.5
21280,Wrong Item,4.0
21284,Late Delivery,3.5
21285,Poor Fit,3.5
21288,Poor Quality,4.0
21290,Wrong Item,4.0
21293,Wrong Item,4.0
21294,Late Delivery,4.0
21296,No New Category,5.0
21297,Wrong Item,4.0
21304,Category,2.5
21307,Missing Parts,3.5
21318,Late Delivery,3.5
21324,Missing Parts,3.5
21326,Missing Parts,3.5
21334,Late Delivery,3.5
21336,Late Delivery,3.5
21338,Late Delivery,4.0
21354,Poor Quality,4.0
21356,Late Delivery,2.0
21374,Late Delivery,4.0
21381,Missing Parts,4.0
21385,Late Delivery,3.5
21394,Wrong Item,3.5
21401,Missing Parts,3.5
21405,Delayed Delivery,3.5
21415,Missing Parts,3.5
21431,Late Delivery,4.0
21437,Late Delivery,3.5
21452,Late Delivery,4.0
21462,Late Delivery,3.5
21482,Wrong Item,3.5
21491,Not Received,5.0
21494,Não Chegou,5.0
21504,Late Delivery,4.0
21508,Esperando o produto para avaliar,1.0
21516,Wrong Item,4.0
21517,Late Delivery,3.5
21519,Missing Parts,3.5
21520,Missing Parts,3.5
21523,Late Delivery,3.5
21528,Poor Quality,4.0
21545,Late Delivery,3.5
21557,Wrong Item,4.0
21565,No New Category,3.5
21574,Missing Parts,3.5
21581,Missing Certificates,3.5
21585,Poor Quality,3.5
21589,Late Delivery,4.0
21592,Category,2.5
21594,Late Delivery,4.0
21599,Wrong Item,4.0
21612,Late Delivery,3.5
21623,Entrega Frustrada,4.0
21625,Wrong Item,3.5
21630,Produto Falso,3.5
21640,Late Delivery,3.5
21650,Late Delivery,4.0
21655,Late Delivery,4.0
21692,INVENT,3.5
21706,Battery Failure,4.0
21717,Late Delivery,3.5
21720,No Arrival,5.0
21721,Odor,3.5
21739,Poor Quality,4.0
21747,Category,2.5
21750,Late Delivery,3.5
21752,No Issue,1.0
21754,No Issue Reported,1.0
21756,Missing Parts,3.5
21759,Wrong Item,4.0
21762,Wrong Item,4.0
21772,Totalmente Frustada,3.5
21774,Late Delivery,3.5
21792,Late Delivery,4.0
21797,Fit for Purpose,3.5
21799,Late Delivery,3.5
21808,Wrong Item,4.0
21811,INVENT,3.5
21817,Wrong Item,4.0
21819,Poor Quality,3.5
21825,Late Delivery,3.5
21850,Missing Parts,3.5
21853,Wrong Item,3.5
21858,No Issue Found,1.0
21860,Wrong Item,4.0
21864,Pessimo Atendimento,3.5
21870,Late Delivery,5.0
21873,Missing Parts,3.5
21879,Poor Quality,4.0
21889,Late Delivery,3.5
21892,Damaged Goods,4.0
21899,Rude Courier,3.5
21903,Delayed Delivery,3.5
21919,Wrong Item,4.0
21934,Late Delivery,3.5
21938,Late Delivery,3.5
21939,Wrong Item,3.5
21945,Late Delivery,3.5
21951,Not Delivered,3.5
21960,Wrong Item,3.5
21961,INVENT,3.5
21968,Late Delivery,3.5
21977,Wrong Item,3.5
21994,Late Delivery,3.5
21998,Late Delivery,3.5
22002,Missing Parts,3.5
22003,Not Received,5.0
22006,Late Delivery,3.5
22007,INVENT,3.5
22009,Product Non-Functional,4.0
22011,Late Delivery,3.5
22016,Wrong Item,3.5
22022,Price Issue,3.5
22044,Late Delivery,3.5
22046,Wrong Item,3.5
22050,Late Delivery,3.5
22053,Late Delivery,3.5
22073,Wrong Item,4.0
22092,Data Loss,4.0
22102,Wrong Item,4.0
22104,Late Delivery,4.0
22109,Late Delivery,3.5
22110,Late Delivery,3.5
22126,Não recebi.,3.5
22146,Poor Quality,3.0
22149,Late Delivery,3.5
22151,Never Again I Purchased From Americas,3.5
22155,Late Delivery,3.5
22160,Quality,3.5
22174,Poor Quality,4.0
22178,Late Delivery,3.5
22186,Late Delivery,4.0
22188,Late Delivery,3.5
22191,Wrong Item,3.5
22196,Late Delivery,4.0
22208,Late Delivery,3.5
22213,Installation Issue,3.5
22235,N/A,3.5
22236,No Satisfaction,3.5
22248,Late Delivery,3.5
22257,Poor Quality,4.0
22260,Communication Error,3.5
22264,Wrong Item,4.0
22265,Missing Parts,3.5
22266,Wrong Item,4.0
22267,Late Delivery,3.5
22270,No Tracking Followed,3.5
22279,Late Delivery,3.5
22286,Missing Parts,3.5
22287,Pintura Descascada,3.5
22291,INVENT,3.5
22293,Slippery,3.5
22317,Wrong Item,4.0
22320,Late Delivery,3.5
22329,Late Delivery,3.5
22330,Late Delivery,3.5
22331,Late Delivery,4.0
22336,Not Received,5.0
22341,Damaged Goods,4.0
22351,Missing Parts,3.5
22384,Wrong Item,4.0
22394,Missing Parts,3.5
22397,Late Delivery,3.5
22398,Late Delivery,4.0
22410,Missing Parts,3.5
22422,Late Delivery,3.5
22437,Poor Quality,3.5
22443,Late Delivery,3.5
22448,Wrong Item,4.0
22451,Wrong Item,4.0
22454,Late Delivery,3.5
22472,Late Delivery,4.0
22485,Good Company for Buying,1.0
22493,Rude Courier,3.5
22494,Wrong Item,4.0
22500,INVENT,3.5
22526,Poor Quality,4.0
22547,Wrong Item,4.0
22549,Wrong Item,4.0
22564,Late Delivery,3.5
22571,Late Delivery,4.0
22578,Late Delivery,3.5
22588,Wrong Item,4.0
22591,Wrong Item,3.5
22596,Late Delivery,3.5
22609,Damaged Goods,3.5
22611,Wrong Item,3.5
22633,Size Mismatch,2.5
22635,Descaso com o cliente,2.5
22640,Color Mismatch,3.5
22644,Missing Parts,3.5
22656,Poor Quality,3.0
22667,Poor Quality,3.5
22669,Late Delivery,4.0
22674,INVENT,2.5
22681,Damaged Goods,4.0
22685,INVENT,3.5
22692,Late Delivery,3.5
22701,INVENT,3.5
22717,Late Delivery,3.5
22736,Late Delivery,3.5
22740,Damaged Goods,4.0
22743,Late Delivery,3.5
22747,Wrong Item,3.5
22766,Wrong Item,4.0
22772,Outro Produto Indisponível,4.0
22785,Late Delivery,3.5
22792,Missing Parts,3.5
22799,Late Delivery,3.5
22810,Wrong Item,4.0
22819,No Issue,1.0
22821,Late Delivery,3.5
22829,Poor Quality,3.5
22830,Missing Parts,3.5
22833,Wrong Item,3.5
22847,Wrong Item,3.5
22852,Late Delivery,3.5
22863,xxxxx,3.5
22867,Poor Quality,3.5
22868,Late Delivery,3.5
22870,Poor Quality,3.5
22882,Late Delivery,3.5
22886,Category,2.5
22889,Late Delivery,3.5
22891,Late Delivery,3.5
22908,N/A,1.0
22910,Missing Parts,3.5
22913,Wrong Item,4.0
22917,Missing Parts,3.5
22919,Péssimo,5.0
22921,Late Delivery,3.5
22923,Rude Service,3.5
22927,Late Delivery,4.0
22943,Wrong Item,3.5
22944,Pedido Incompleto,3.5
22953,Wrong Item,3.5
22963,No Issue,1.0
22991,No Issue,1.0
22996,Wrong Item,4.0
23009,Missing Parts,3.5
23018,Missing Parts,3.5
23039,Late Delivery,3.5
23042,Poor Quality,4.0
23051,Wrong Item,4.0
23052,Late Delivery,3.5
23054,Misleading Ad,3.5
23060,Missing Parts,3.5
23066,Late Delivery,3.5
23067,Late Delivery,4.0
23069,Poor Quality,4.0
23077,Late Delivery,4.0
23085,Poor Quality,3.5
23097,Wrong Item,4.0
23099,No Delivery,5.0
23100,Wrong Item,4.0
23107,Damaged Goods,4.0
23109,Late Delivery,4.0
23110,Late Delivery,3.5
23118,INVENT,3.5
23121,Poor Quality,4.0
23128,Wrong Item,3.5
23130,Wrong Item,4.0
23133,Late Delivery,3.5
23150,Poor Quality,3.5
23163,Late Delivery,4.0
23164,Missing Parts,3.5
23174,Late Delivery,3.5
23183,Wrong Item,3.5
23188,Poor Quality,3.5
23196,Poor Quality,3.5
23209,Late Delivery,3.5
23210,Wrong Item,4.0
23232,Invent,3.5
23236,Missing Parts,3.5
23247,Late Delivery,3.5
23278,Wrong Item,4.0
23291,Late Delivery,3.5
23320,Late Delivery,3.5
23323,Rude Courier,3.5
23324,Wrong Item,4.0
23330,No Applicable,1.0
23336,Missing Parts,4.0
23341,Not Received,5.0
23360,Wrong Item,4.0
23362,Wrong Item,4.0
23372,Late Delivery,3.5
23375,Wrong Item,4.0
23381,Wrong Item,3.5
23389,Late Delivery,3.5
23413,Used Product,4.0
23418,Late Delivery,3.5
23423,Wrong Item,4.0
23429,Late Delivery,3.5
23438,Missing Parts,3.5
23441,Late Delivery,4.0
23445,Wrong Item,4.0
23449,Late Delivery,4.0
23455,Missing Parts,3.5
23461,Não Gostei Muito,3.5
23466,Payment Error,3.5
23472,Missing Parts,3.5
23474,Wrong Item,4.0
23475,Late Delivery,3.5
23483,Wrong Item,4.0
23484,Wrong Item,3.5
23497,Wrong Item,3.5
23500,Wrong Item,4.0
23502,Information Inconsistency,3.5
23513,Late Delivery,3.5
23516,Late Delivery,4.0
23523,Late Delivery,3.5
23525,Wrong Item,3.5
23533,Wrong Item,3.5
23545,Late Delivery,4.0
23551,Missing Parts,3.5
23577,Late Delivery,3.5
23579,Non Functional,4.0
23590,No Delivery,5.0
23599,Late Delivery,3.5
23609,Entrega sem informações,3.5
23612,N/A,1.0
23614,Late Delivery,3.5
23616,Missing Parts,3.5
23635,Late Delivery,4.0
23636,Non-Entrega,4.0
23638,Misfit,3.5
23641,Missing Parts,4.0
23642,Late Delivery,3.5
23651,Late Delivery,4.0
23652,Poor Quality,4.0
23656,Late Delivery,3.5
23658,No Received,5.0
23666,Late Delivery,3.5
23681,Missing Parts,3.5
23684,Late Delivery,3.5
23697,Wrong Item,4.0
23699,Late Delivery,3.5
23704,Late Delivery,4.0
23707,Late Delivery,3.5
23708,Late Delivery,3.5
23718,Late Delivery,3.5
23723,Late Delivery,3.5
23735,Poor Quality,3.5
23739,INVENT,3.5
23751,INVENT,3.5
23756,Rapidez,1.0
23765,Wrong Item,4.0
23766,Late Delivery,3.5
23772,INVENT,3.5
23777,Wrong Item,4.0
23779,Late Delivery,4.0
23782,Tamanho Errado,3.5
23786,Thinness,3.5
23793,Wrong Item,3.5
23796,No Received,5.0
23804,Late Delivery,3.5
23808,Wrong Item,4.0
23812,Wrong Item,4.0
23820,Late Delivery,4.0
23821,Late Delivery,3.5
23849,Late Delivery,3.5
23851,Missing Parts,3.5
23862,Poor Quality,4.0
23874,No Issue,1.0
23896,Wrong Item,4.0
23910,Late Delivery,3.5
23913,Late Delivery,3.5
23914,Wrong Item,3.5
23924,INVENT,3.5
23933,Late Delivery,3.5
23941,Late Delivery,4.0
23949,Late Delivery,3.5
23954,Wrong Item,4.0
23961,Late Delivery,4.0
23982,Late Delivery,3.5
23984,Late Delivery,3.5
23997,Late Delivery,3.5
24000,INVENT,3.5
24011,Product Variance,4.0
24012,Wrong Item,4.0
24015,Defective Product,4.0
24016,Not Received,5.0
24022,Late Delivery,4.0
24033,Communication Issues,3.5
24038,Non-received Product,5.0
24040,Late Delivery,3.5
24042,Late Delivery,3.5
24047,Late Delivery,3.5
24052,Late Delivery,3.5
24056,Late Delivery,3.5
24060,Wrong Item,4.0
24070,Size Mismatch,3.5
24071,Not Received,5.0
24077,Wrong Item,4.0
24089,Wrong Item,3.5
24102,Poor Quality,4.0
24104,Wrong Item,4.0
24131,Late Delivery,3.5
24132,Wrong Item,3.5
24136,Late Delivery,3.5
24143,Inconvenience,3.5
24144,Wrong Item,3.5
24180,Late Delivery,3.5
24181,Poor Quality,3.5
24185,Wrong Item,4.0
24187,Late Delivery,3.5
24189,Late Delivery,3.5
24193,Missing Parts,3.5
24203,Late Delivery,3.5
24209,Late Delivery,3.5
24211,No Delivery,5.0
24243,Wrong Item,3.5
24261,INVENT,3.5
24265,Late Delivery,4.0
24291,Late Delivery,3.5
24294,Produto Insatisfeito,2.5
24309,INVENT,3.5
24313,Missing Parts,3.5
24314,Late Delivery,3.5
24319,Late Delivery,3.5
24326,Late Delivery,3.5
24327,Late Delivery,3.5
24328,Item Not Received,4.0
24338,Missing Parts,3.5
24340,INVENT,3.5
24344,No Issue,1.0
24372,Missing Parts,3.5
24375,Wrong Item,4.0
24376,Arrependimento,3.5
24377,Wrong Item,4.0
24384,Late Delivery,3.5
24396,Missing Parts,3.5
24408,Late Delivery,3.5
24410,Late Delivery,4.0
24417,Late Delivery,4.0
24426,No New Category,4.0
24427,Wrong Item,3.5
24434,Poor Quality,3.5
24440,Late Delivery,3.5
24443,Late Delivery,3.5
24450,Late Delivery,3.5
24462,No Received,5.0
24463,Late Delivery,3.5
24467,Late Delivery,3.5
24469,Late Delivery,3.5
24471,Poor Quality,3.5
24480,Late Delivery,4.0
24486,Late Delivery,3.5
24488,Communication Issues,3.5
24490,Late Delivery,3.5
24496,Wrong Item,4.0
24502,Not Delivered,3.5
24503,Missing Parts,3.5
24507,Wrong Item,3.5
24511,Late Delivery,3.5
24515,Damaged Goods,4.0
24520,Wrong Item,4.0
24528,Late Delivery,3.5
24530,Late Delivery,3.5
24546,Late Delivery,3.5
24548,Late Delivery,4.0
24549,Wrong Item,4.0
24552,Late Delivery,3.5
24560,Late Delivery,4.0
24567,Late Delivery,3.5
24573,Veio antes ótimo,1.0
24593,No Delivery Receipt,4.0
24600,Poor Quality,3.5
24609,Poor Quality,3.0
24613,Missing Parts,3.5
24628,Late Delivery,3.5
24644,Late Delivery,3.5
24647,Late Delivery,3.5
24653,Wrong Item,3.5
24661,Late Delivery,4.0
24675,Late Delivery,3.5
24676,Poor Quality,3.5
24683,Late Delivery,3.5
24686,Color Mismatch,4.0
24694,Late Delivery,4.0
24700,Pobre Qualidade,4.0
24711,Isenção de Responsabilidade,3.5
24713,INVENT,1.0
24721,Late Delivery,2.0
24724,Poor Quality,4.0
24733,Late Delivery,3.5
24735,No Delivery,5.0
24737,Não Gostei,3.5
24751,Late Delivery,3.5
24755,Wrong Item,4.0
24762,Late Delivery,3.5
24765,Late Delivery,3.5
24766,Produto Avariado,4.0
24773,Damaged Goods,3.5
24778,Late Delivery,4.0
24780,Late Delivery,3.5
24781,Late Delivery,3.5
24787,Propag Enganosa,4.0
24801,Fake Product,4.0
24802,Informação Conflitante,3.5
24805,Wrong Item,4.0
24812,Late Delivery,3.5
24813,Late Delivery,3.5
24820,Missing Parts,3.5
24827,INVENT,3.5
24834,Não recebi,5.0
24840,Missing Parts,3.5
24845,No Product Sent,5.0
24854,Late Delivery,3.5
24861,Missing Parts,4.0
24867,Late Delivery,3.5
24873,Late Delivery,3.5
24876,No Delivery,5.0
24878,Late Delivery,3.5
24882,Poor Quality,4.0
24884,Missing Parts,3.5
24907,Wrong Item,4.0
24909,Missing Parts,3.5
24911,Wrong Item,4.0
24914,Late Delivery,3.5
24921,Category,2.5
24933,Poor Quality,4.0
24940,Missing Parts,3.5
24945,Poor Packaging,3.5
24950,INVENT,3.5
24956,Poor Quality,4.0
24964,Late Delivery,3.5
24967,Never Arrived,5.0
24968,Rogue Seller,4.0
24971,Invent a New Category,2.5
24972,Late Delivery,4.0
24973,Entrega incompleta,3.5
24979,No Arrival,5.0
24982,Trust Issues,3.5
24988,Poor Quality,4.0
24990,Untraceable Order,4.0
24992,Late Delivery,4.0
25016,Missing Parts,4.0
25017,Wrong Item,4.0
25029,Wrong Item,4.0
25032,Wrong Item,3.5
25034,Delayed Delivery,3.5
25040,Wrong Item,4.0
25047,Defective Product,4.0
25050,Missing Parts,3.5
25060,Late Delivery,4.0
25072,Not Received,5.0
25079,Wrong Item,3.5
25087,Late Delivery,3.5
25090,None of the provided categories fit. Invent Category,2.5
25097,Missing Parts,3.5
25106,Late Delivery,2.0
25115,Wrong Item,3.5
25116,Late Delivery,3.5
25131,Size Mismatch,4.0
25141,Category,2.5
25144,INVENT,1.0
25153,Late Delivery,3.5
25155,Wrong Item,4.0
25172,Poor Quality,4.0
25173,Broken Product,4.0
25178,Late Delivery,3.5
25188,Delayed Delivery,3.5
25193,INVENT,3.5
25195,Late Delivery,3.5
25198,Wrong Item,4.0
25204,Defective Product,4.0
25208,Late Delivery,3.5
25214,Indisponibilidade,4.0
25226,Missing Parts,3.5
25240,Wrong Item,3.5
25248,Wrong Item,3.5
25253,Missing Parts,3.5
25261,Correio Descuidado,3.5
25267,Late Delivery,3.5
25273,Late Delivery,3.5
25276,Late Delivery,4.0
25281,Poor Quality,3.5
25287,Category,2.5
25295,Missing Parts,3.5
25299,Wrong Item,4.0
25301,INVENT,3.5
25303,INVENT,1.0
25319,Missing Parts,3.5
25320,Late Delivery,2.0
25323,Broken Product,4.0
25326,No Fit,1.0
25347,Item Not Arrived,5.0
25348,Wrong Item,4.0
25354,Wrong Item,3.5
25357,Defective Product,4.0
25361,Color Mismatch,3.5
25370,Late Delivery,3.5
25381,Missing Parts,3.5
25387,Late Delivery,3.5
25398,Late Delivery,3.5
25406,INVENT,3.5
25420,Late Delivery,4.0
25422,Wrong Item,4.0
25427,Poor Quality,3.5
25438,Missing Parts,4.0
25446,Late Delivery,3.5
25457,Late Delivery,3.5
25458,Late Delivery,3.5
25464,Produto Amassado,3.5
25471,Late Delivery,3.5
25475,Delayed Delivery,3.5
25482,Late Delivery,3.5
25485,Produto Degradado,3.5
25493,Defective Product,3.5
25496,Late Delivery,4.0
25499,Late Delivery,3.5
25510,Late Delivery,3.5
25535,Não compre,5.0
25545,Incompetência dos Correios,3.5
25547,Missing Parts,4.0
25550,Value Issue,3.5
25552,Late Delivery,4.0
25553,Missing Parts,3.5
25558,Missing Parts,3.5
25575,Wrong Item,4.0
25581,Late Delivery,3.5
25582,Late Delivery,3.5
25591,Material,3.5
25592,Late Delivery,3.5
25608,Wrong Item,4.0
25614,Missing Parts,3.5
25624,Poor Quality,4.0
25625,Missing Parts,4.0
25630,Late Delivery,4.0
25636,Late Delivery,3.5
25644,Wrong Item,4.0
25647,Damaged Goods,4.0
25653,Late Delivery,4.0
25655,Missing Parts,3.5
25657,Late Delivery,3.5
25667,Produto Falsificado,4.0
25673,No Delivery,5.0
25674,INVENT,3.5
25687,Late Delivery,3.5
25696,Late Delivery,3.5
25700,Late Delivery,4.0
25710,Wrong Item,4.0
25716,Wrong Item,4.0
25721,Wrong Item,4.0
25727,Wrong Item,4.0
25730,Poor Quality,3.5
25744,Late Delivery,3.5
25747,Late Delivery,3.5
25754,No Tracking,2.5
25756,INVENT,3.5
25761,Late Delivery,3.5
25762,Late Delivery,3.5
25768,Missing Parts,3.5
25782,Late Delivery,3.5
25787,Missing Parts,3.5
25790,Late Delivery,3.5
25794,Late Delivery,4.0
25795,Poor Quality,4.0
25802,Category,2.5
25805,Transporte Sem Nota Fiscal,3.5
25812,Missing Parts,3.5
25822,Wrong Item,3.5
25826,Loja Desorganizada,3.5
25829,Late Delivery,3.5
25833,Late Delivery,3.5
25834,Late Delivery,3.5
25847,None of the given categories fit. Invent Category,2.5
25854,Late Delivery,4.0
25857,Poor Quality,3.0
25864,Wrong Item,4.0
25873,INVENT,3.5
25876,Late Delivery,4.0
25877,INVENT,3.5
25880,Damaged Goods,4.0
25882,Poor Quality,3.0
25885,Late Delivery,3.5
25898,Late Delivery,3.5
25906,Poor Quality,3.0
25907,Wrong Item,4.0
25919,Poor Quality,3.5
25920,Late Delivery,3.5
25926,Wrong Item,4.0
25933,Late Delivery,3.5
25946,Missing Parts,3.5
25956,Missing Parts,5.0
25963,Late Delivery,3.5
25965,Late Delivery,4.0
25968,No Fit,1.0
25976,Poor Quality,3.5
25988,Late Delivery,4.0
25998,Late Delivery,3.5
26010,Wrong Item,4.0
26012,Missing Parts,3.5
26019,No Product Sent,5.0
26027,Wrong Item,4.0
26030,Missing Information,3.5
26039,Missing Parts,3.5
26052,Missing Parts,3.5
26058,Late Delivery,3.5
26070,Late Delivery,3.5
26074,Missing Parts,4.0
26082,Propaganda,3.5
26083,Missing Parts,3.5
26089,Late Delivery,4.0
26099,Late Delivery,4.0
26101,Late Delivery,4.0
26113,Late Delivery,3.5
26114,Poor Quality,4.0
26120,Missing Parts,3.5
26125,Wrong Item,3.5
26127,Tudo como combinado,1.0
26140,Late Delivery,3.5
26147,Missing Parts,4.0
26157,Late Delivery,3.5
26164,Falta de Produto,2.5
26165,Wrong Item,4.0
26172,Missing Parts,3.5
26183,Late Delivery,3.5
26185,Misleading Ad,3.5
26198,Late Delivery,4.0
26201,Late Delivery,3.5
26217,Late Delivery,4.0
26232,Late Delivery,3.5
26234,No Issue,1.0
26238,Late Delivery,3.5
26240,Late Delivery,3.5
26243,Poor Quality,3.5
26248,INVENT,2.0
26258,Poor Quality,3.5
26260,No Opinion Given,1.0
26263,Late Delivery,4.0
26264,Missing Parts,3.5
26271,Missing Parts,3.5
26275,Wrong Item,3.5
26281,INVENT,3.5
26305,Late Delivery,3.5
26307,Late Delivery,4.0
26316,Late Delivery,3.5
26318,Late Delivery,4.0
26328,Late Delivery,3.5
26334,Late Delivery,3.5
26339,Late Delivery,3.5
26344,Produto Camelô,3.5
26346,Late Delivery,3.5
26348,INVENT,3.5
26349,Late Delivery,3.5
26358,Wrong Item,4.0
26364,Inadequate Packaging,3.5
26372,Poor Quality,4.0
26379,Late Delivery,3.5
26391,Damaged Goods,3.5
26393,Poor Quality,4.0
26401,INVENT,1.0
26404,Wrong Item,4.0
26409,No Issue,1.0
26424,INVENT,3.5
26427,Poor Quality,4.0
26429,Late Delivery,3.5
26444,Late Delivery,3.5
26454,Late Delivery,3.5
26458,Delayed Confirmation,3.5
26459,Poor Quality,4.0
26460,Wrong Item,3.5
26469,Wrong Item,3.5
26476,INVENT,3.5
26482,Missing Parts,3.5
26486,No Item,4.0
26492,Poor Quality,3.5
26494,Wrong Item,4.0
26495,Late Delivery,3.5
26496,Weak Construction,3.5
26501,Wrong Item,3.5
26507,Late Delivery,4.0
26508,No Fit,1.0
26520,Late Delivery,3.5
26525,Late Delivery,3.5
26528,Notificação Falha,3.5
26533,Wrong Item,4.0
26536,Damaged Goods,4.0
26546,Missing Parts,5.0
26555,Choked Package,3.5
26562,Wrong Item,3.5
26564,Missing Parts,3.5
26569,Wrong Item,4.0
26570,Late Delivery,4.0
26597,Late Delivery,3.5
26604,No Delivery Stamped,4.0
26608,Wrong Item,4.0
26609,Incerteza,3.5
26639,Missing Parts,3.5
26647,Wrong Item,4.0
26670,Wrong Item,4.0
26674,Late Delivery,3.5
26692,Late Delivery,3.5
26697,Late Delivery,3.5
26698,INVENT,3.5
26705,Late Delivery,3.5
26714,No Issue,1.0
26715,Missing Parts,2.0
26720,Late Delivery,4.0
26731,Zero Atendimento péssimo,3.5
26736,Late Delivery,4.0
26738,Tarde Atrasada,2.0
26744,Missing Parts,3.5
26748,INVENT,3.5
26750,Wrong Item,4.0
26754,Late Delivery,3.5
26757,Poor Quality,3.5
26761,No Issue,1.0
26768,Late Delivery,3.5
26774,Late Delivery,3.5
26779,Total Absurdity,4.0
26785,Late Delivery,3.5
26787,Poor Fit,3.5
26794,Late Delivery,3.5
26799,Missing Parts,3.5
26806,Aguardando receber,1.0
26810,Voltage Mismatch,3.5
26816,Price Variation,4.0
26819,INVENT,3.5
26820,Mismatch,3.5
26821,Late Delivery,3.5
26822,Entrega Tranquila,1.0
26826,Wrong Item,4.0
26836,Late Delivery,3.5
26839,Missing Parts,3.5
26844,Wrong Item,4.0
26849,Missing Parts,3.5
26872,Wrong Item,4.0
26882,Frágil,3.5
26886,No Arrival,5.0
26905,Not Applicable,2.0
26909,Missing Parts,4.0
26917,No Fit,3.5
26918,ExpectationsNotMet,3.5
26920,Late Delivery,3.5
26923,Missing Parts,3.5
26927,Damaged Goods,3.5
26930,Missing Parts,3.5
26932,Wrong Item,4.0
26935,Late Delivery,4.0
26941,Poor Quality,4.0
26942,Poor Quality,4.0
26946,Poor Quality,4.0
26950,Wrong Item,4.0
26955,Late Delivery,3.5
26962,Wrong Item,4.0
26963,Late Delivery,3.5
26965,Late Delivery,4.0
26969,Wrong Item,4.0
26971,Late Delivery,3.5
26972,Poor Quality,4.0
26973,Missing Parts,3.5
26975,Missing Parts,3.5
26988,Late Delivery,3.5
26990,NAO,1.0
26994,Damaged Goods,3.5
27002,Late Delivery,3.5
27010,INVENT,1.0
27021,Late Delivery,3.5
27022,Wrong Item,4.0
27027,Late Delivery,3.5
27031,Mismatch,3.5
27042,INVENT,3.5
27043,Late Delivery,3.5
27045,Poor Quality,3.5
27055,Wrong Item,3.5
27062,Wrong Item,4.0
27065,Late Delivery,3.5
27071,Wrong Item,4.0
27090,INVENT,1.0
27094,Wrong Item,3.5
27101,Late Delivery,3.5
27106,Late Delivery,4.0
27108,Missing Parts,3.5
27115,No Issue,1.0
27120,Delayed Delivery,3.5
27127,Wrong Item,3.5
27129,Late Delivery,3.5
27143,Fit for Purpose,3.5
27144,Wrong Item,3.5
27159,Late Delivery,3.5
27164,Missing Parts,3.5
27169,Late Delivery,4.0
27172,Late Delivery,4.0
27179,INVENT,1.0
27189,Missing Parts,4.0
27201,Late Delivery,3.5
27204,Wrong Item,4.0
27205,Wrong Item,4.0
27206,INVENT,1.0
27208,Poor Quality,4.0
27210,Bom produto,1.0
27214,Late Delivery,4.0
27227,Late Delivery,4.0
27228,Damaged Goods,3.5
27236,Late Delivery,4.0
27237,Late Delivery,3.5
27246,Wrong Item,4.0
27247,Late Delivery,4.0
27250,Late Delivery,4.0
27268,Corrosão na Bateria,4.0
27270,Wrong Item,4.0
27277,Wrong Item,3.5
27285,Defective Product,4.0
27309,Late Delivery,3.5
27313,Poor Quality,4.0
27317,Missing Parts,4.0
27319,Poor Quality,3.5
27327,Missing Parts,3.5
27328,Late Delivery,3.5
27347,Missing Parts,3.5
27356,Late Delivery,3.5
27362,Rude Response,3.5
27369,Missing Parts,3.5
27373,Missing Parts,3.5
27380,Late Delivery,3.5
27411,Wrong Item,4.0
27424,Communication Issue,3.5
27429,Wrong Item,4.0
27435,Poor Quality,4.0
27436,Wrong Item,4.0
27445,Missing Parts,4.0
27447,Product Variance,3.5
27448,Not Arrived,3.5
27464,Late Delivery,4.0
27466,Late Delivery,3.5
27475,Late Delivery,3.5
27477,Wrong Item,4.0
27485,Late Delivery,3.5
27489,Late Delivery,3.5
27494,Late Delivery,3.5
27497,Not Received,5.0
27508,Wrong Item,4.0
27535,Wrong Item,4.0
27536,Missing Parts,3.5
27558,No Issue,1.0
27585,Late Delivery,3.5
27589,Item Not Arrived,5.0
27606,Late Delivery,4.0
27609,Propaganda,3.5
27613,Wrong Item,4.0
27616,Poor Quality,4.0
27620,Wrong Item,4.0
27628,Wrong Item,4.0
27638,Cancellation Issues,4.0
27651,No Arrival,5.0
27660,Poor Quality,3.5
27667,Wrong Item,4.0
27675,Late Delivery,3.5
27689,No Delivery,5.0
27693,INVENT,3.5
27701,Wrong Item,4.0
27702,Missing Parts,3.5
27705,Late Delivery,3.5
27707,Late Delivery,4.0
27722,INVENTED CATEGORY,2.5
27723,Wrong Item,4.0
27726,Missing Parts,3.5
27730,Late Delivery,3.5
27734,Late Delivery,3.5
27742,Late Delivery,4.0
27744,Wrong Item,4.0
27746,Missing Parts,3.5
27749,Late Delivery,3.5
27759,Late Delivery,4.0
27768,INVENT,3.5
27792,Bom produto ruim,3.5
27796,Late Delivery,3.5
27808,Wrong Item,4.0
27822,Late Delivery,4.0
27825,Product Defect,4.0
27836,Damaged Goods,3.5
27854,Late Delivery,3.5
27861,Wrong Item,4.0
27865,Missing Parts,3.5
27874,Cancelamento,3.5
27875,INVENT,3.5
27877,Wrong Item,4.0
27884,Wrong Item,3.5
27895,Poor Quality,3.5
27902,Missing Parts,3.5
27904,Late Delivery,3.5
27923,Wrong Item,4.0
27934,Late Delivery,4.0
27937,Late Delivery,3.5
27940,Wrong Item,4.0
27952,Late Delivery,4.0
27953,Late Delivery,3.5
27956,Late Delivery,4.0
27973,Poor Quality,3.5
27974,Damaged Goods,4.0
27977,Late Delivery,3.5
27979,Late Delivery,3.5
27987,Poor Quality,3.5
27990,Late Delivery,4.0
27994,Late Delivery,3.5
27996,INVENT,3.5
28007,Late Delivery,4.0
28012,No Fit,3.5
28015,Late Delivery,3.5
28027,Late Delivery,4.0
28034,Late Delivery,3.5
28039,Late Delivery,1.0
28042,Rude Support,4.0
28052,Missing Parts,3.5
28053,Late Delivery,3.5
28057,INVENT,2.0
28058,Not Responding,3.5
28067,Pobre Qualidade,4.0
28079,Late Delivery,3.5
28086,Wrong Item,3.5
28099,Not Received,3.5
28100,Late Delivery,3.5
28107,Late Delivery,3.5
28114,Wrong Item,4.0
28122,Not Received,5.0
28126,Late Delivery,3.5
28131,Não Recebido,5.0
28132,Não recomendo,3.5
28134,Missing Parts,4.0
28147,No Delivery,5.0
28167,No Fit,1.0
28172,Não Compre Produtos,4.0
28176,Late Delivery,3.5
28178,Wrong Item,3.5
28187,Wrong Item,3.5
28193,Not Delivered,4.0
28194,Late Delivery,4.0
28197,Wrong Item,4.0
28207,Wrong Item,4.0
28208,Misleading Info,3.5
28239,Non Functional,4.0
28244,Poor Quality,3.5
28252,Late Delivery,3.5
28255,Missing Parts,4.0
28261,Product Mismatch,4.0
28274,Poor Quality,3.5
28277,Late Delivery,3.5
28293,Wrong Item,4.0
28298,Late Delivery,4.0
28305,Late Delivery,3.5
28307,Late Delivery,4.0
28334,Rude Customer Service,3.5
28336,INVENT,3.5
28345,Rude Service,3.5
28352,No Delivery,5.0
28367,Poor Quality,3.5
28371,Wrong Item,4.0
28373,Late Delivery,3.5
28395,Late Delivery,4.0
28409,Late Delivery,3.5
28419,Missing Parts,3.5
28427,Incongruence,3.5
28434,Late Delivery,3.5
28436,No Delivery,5.0
28439,Late Delivery,4.0
28459,Late Delivery,3.5
28463,Late Delivery,3.5
28464,Wrong Item,4.0
28468,Missing Parts,3.5
28490,Missing Parts,3.5
28503,Poor Quality,3.5
28506,Wrong Item,3.5
28512,Missing Parts,3.5
28513,INVENT,1.0
28519,Late Delivery,3.5
28520,Missing Parts,3.5
28523,Poor Quality,4.0
28526,Missing Parts,4.0
28527,Não Recebido,4.0
28528,Rude Support,4.0
28539,Poor Quality,4.0
28543,Late Delivery,3.5
28545,Wrong Item,4.0
28559,Missing Parts,3.5
28563,Sem opinião,1.0
28567,Wrong Item,3.5
28570,Wrong Item,4.0
28574,Missing Parts,4.0
28581,Late Delivery,4.0
28586,Missing Parts,3.5
28588,Late Delivery,3.5
28598,Late Delivery,3.5
28608,Wrong Item,4.0
28613,Missing Parts,4.0
28626,Late Delivery,4.0
28634,Poor Quality,3.5
28635,Wrong Item,4.0
28643,Late Delivery,4.0
28646,Late Delivery,3.5
28657,Invent,3.5
28658,Missing Parts,3.5
28668,INVENT,3.5
28671,No Fit,3.5
28681,Não Chegou,5.0
28696,Wrong Item,3.5
28700,INVENTED CATEGORY,2.5
28706,Late Delivery,1.0
28708,Late Delivery,3.5
28710,Não Recebimento,3.5
28718,Wrong Item,4.0
28745,Late Delivery,4.0
28751,No Arrival,5.0
28780,Late Delivery,3.5
28788,Poor Quality,3.0
28791,Poor Quality,4.0
28800,Counterfeit Product,4.0
28829,Wrong Item,4.0
28832,Late Delivery,3.5
28839,Size Mismatch,4.0
28850,Late Delivery,3.5
28851,No Delivery,5.0
28862,INVENT,1.0
28864,Wrong Item,4.0
28869,INVENT,3.5
28878,Cancelled Purchase,3.5
28883,Poor Quality,3.5
28884,Item Not Available,4.0
28898,No Issue,1.0
28907,Late Delivery,3.5
28919,Late Delivery,4.0
28924,Wrong Item,4.0
28931,Wrong Item,4.0
28944,Late Delivery,4.0
28949,Missing Parts,3.5
28972,Wrong Item,3.5
28974,Poor Quality,3.5
28978,Incomplete Order,2.5
28979,Confusion,3.5
28988,Poor Quality,4.0
29010,Late Delivery,3.5
29015,Wrong Item,4.0
29021,Late Delivery,4.0
29024,Missing Parts,3.5
29030,Product Variance,3.5
29041,Late Delivery,3.5
29049,No Issue Found,1.0
29055,Late Delivery,4.0
29057,Late Delivery,3.5
29074,Wrong Item,4.0
29077,Late Delivery,3.5
29091,Wrong Item,4.0
29103,Late Delivery,4.0
29107,Late Delivery,4.0
29119,Wrong Item,4.0
29125,Poor Quality,3.5
29137,Late Delivery,3.5
29140,INVENT,3.5
29150,Category,2.5
29160,Missing Parts,3.5
29189,Missing Parts,3.5
29203,Not Conforming,3.5
29220,INVENT,3.5
29222,Wrong Item,3.5
29232,INVENT,1.0
29233,Missing Parts,3.5
29237,Late Delivery,4.0
29238,Só Recebido,4.0
29240,Não recebi,5.0
29242,Late Delivery,3.5
29248,Missing Parts,3.5
29252,Late Delivery,4.0
29253,Quality,3.5
29258,Missing Parts,3.5
29261,Dripping,4.0
29266,Late Delivery,4.0
29271,Late Delivery,3.5
29272,Produto filma mas não grava áudio de voz,2.5
29277,"Valor cobrado no cartão 4x61,13",2.5
29280,Late Delivery,3.5
29284,Late Delivery,3.5
29288,Poor Quality,3.0
29301,Late Delivery,3.5
29314,Misalignment,3.5
29323,INVENT,3.5
29330,Missing Parts,3.5
29337,Late Delivery,3.5
29341,Late Delivery,3.5
29375,Late Delivery,3.5
29390,Late Delivery,3.5
29392,Wrong Item,4.0
29401,Wrong Item,4.0
29408,Missing Parts,3.5
29414,Late Delivery,3.5
29415,Late Delivery,3.5
29419,Missing Parts,3.5
29438,Missing Parts,3.5
29439,INVENT,3.5
29440,INVENT,1.0
29452,Damaged Goods,4.0
29461,Missing Parts,3.5
29474,Late Delivery,3.5
29490,Missing Parts,3.5
29492,Late Delivery,3.5
29494,Delayed Delivery,3.5
29497,Produto Regular,1.0
29503,Missing Parts,3.5
29504,Poor Quality,4.0
29506,Late Delivery,3.5
29508,Late Delivery,3.5
29513,Late Delivery,4.0
29536,Poor Quality,4.0
29584,N/A,3.5
29600,Wrong Item,4.0
29602,Missing Parts,4.0
29606,Late Delivery,3.5
29612,Wrong Item,4.0
29615,Late Delivery,4.0
29621,Missing Parts,3.5
29622,Late Delivery,4.0
29627,INVENT,3.5
29639,Late Delivery,3.5
29654,Ótima compra,1.0
29659,Desconhecimento do Status,3.5
29665,INVENT,1.0
29673,Late Delivery,3.5
29681,Late Delivery,4.0
29688,Wrong Item,3.5
29699,Late Delivery,4.0
29701,Poor Quality,3.5
29702,Wrong Item,3.5
29705,Late Delivery,3.5
29709,Produto Ok,1.0
29728,Produto Entregue Perfeito,1.0
29746,Late Delivery,3.5
29750,Missing Parts,3.5
29756,Late Delivery,4.0
29760,Missing Parts,3.5
29763,Missing Parts,3.5
29769,No Issue,1.0
29773,INVENT,3.5
29778,Missing Parts,3.5
29786,Wrong Item,4.0
29787,Late Delivery,3.5
29793,Defective Product,4.0
29800,Late Delivery,4.0
29814,Wrong Item,3.5
29816,Wrong Item,3.5
29822,Missing Parts,4.0
29826,Missing Parts,3.5
29830,Late Delivery,3.5
29833,Wrong Item,4.0
29842,Poor Quality,4.0
29848,Late Delivery,3.5
29857,INVENT,3.5
29866,Late Delivery,3.5
29872,Entrega não realizada,2.5
29881,Poor Quality,3.5
29883,Poor Quality,4.0
29894,Late Delivery,4.0
29899,Poor Quality,3.5
29916,Late Delivery,3.5
29918,Poor Quality,4.0
29924,Invent a new category,2.5
29944,Late Delivery,4.0
29948,Late Delivery,3.5
29950,Poor Quality,4.0
29954,Late Delivery,3.5
29966,Poor Quality,4.0
29969,Wrong Item,4.0
29976,Poor Quality,3.5
29994,Late Delivery,3.5
29995,Missing Parts,3.5
29999,Produto Falsificado,4.0
30001,Wrong Item,4.0
30002,Late Delivery,3.5
30007,Wrong Item,4.0
30011,Battery Failure,3.5
30022,Late Delivery,3.5
30033,Wrong Item,3.5
30035,Invent Category,2.5
30043,Produto Incompleto,2.5
30054,Late Delivery,3.5
30055,Late Delivery,3.5
30059,Poor Quality,4.0
30062,Poor Quality,3.5
30064,Late Delivery,3.5
30076,Late Delivery,3.5
30077,Wrong Item,4.0
30086,Wrong Item,3.5
30094,Wrong Item,4.0
30096,Poor Quality,3.5
30098,Late Delivery,4.0
30104,INVENT,3.5
30109,Late Delivery,3.5
30115,Wrong Item,4.0
30119,Damaged Goods,3.5
30121,Wrong Item,4.0
30129,Late Delivery,3.5
30134,Late Delivery,4.0
30138,INVENT,3.5
30179,Late Delivery,4.0
30180,Não Comprei,4.0
30193,Late Delivery,3.5
30195,Wrong Item,3.5
30206,Wrong Item,4.0
30217,Missing Parts,3.5
30223,Late Delivery,4.0
30226,Late Delivery,3.5
30232,Poor Quality,4.0
30233,Late Delivery,3.5
30242,Wrong Item,4.0
30257,Late Delivery,4.0
30259,Missing Parts,3.5
30285,Corrosion,4.0
30288,Not Received,5.0
30294,Empresa está deixando a desejar,3.5
30297,Missing Parts,3.5
30305,Late Delivery,3.5
30314,Wrong Item,3.5
30319,Late Delivery,3.5
30321,Poor Quality,4.0
30326,Missing Parts,4.0
30334,Wrong Item,3.5
30340,Late Delivery,3.5
30352,Late Delivery,4.0
30354,Wrong Item,4.0
30382,Wrong Item,3.5
30384,INVENT,3.5
30388,Wrong Item,3.5
30390,Wrong Item,4.0
30400,Late Delivery,4.0
30401,Wrong Item,4.0
30408,Produto Quebrado,5.0
30414,Late Delivery,3.5
30422,NAÓ,1.0
30423,Late Delivery,3.5
30425,Late Delivery,4.0
30436,Late Delivery,4.0
30441,Not Expectations,3.5
30449,Late Delivery,3.5
30460,Risky Product,4.0
30462,Wrong Item,3.5
30474,Refund Request,3.5
30477,Poor Quality,3.5
30478,Wrong Item,3.5
30479,Late Delivery,3.5
30480,No Arrival,5.0
30482,Late Delivery,3.5
30483,INVENT,3.5
30485,Late Delivery,3.5
30486,Late Delivery,3.5
30497,Wrong Item,3.5
30525,Wrong Item,4.0
30527,Late Delivery,3.5
30534,Wrong Item,4.0
30535,Poor Quality,4.0
30549,Late Delivery,4.0
30550,Customer Service Response Needed,3.5
30556,Late Delivery,4.0
30578,Late Delivery,3.5
30580,Late Delivery,4.0
30586,Wrong Item,4.0
30602,Late Delivery,3.5
30603,Late Delivery,3.5
30604,Late Delivery,4.0
30617,Not Received,5.0
30621,INVENT,3.5
30642,Poor Quality,4.0
30643,Late Delivery,4.0
30644,Quantidade Errada,3.5
30645,Missing Parts,3.5
30646,Late Delivery,3.5
30647,Late Delivery,3.5
30653,Damaged Goods,4.0
30658,Poor Quality,3.5
30661,Late Delivery,3.5
30662,Wrong Item,4.0
30673,Pobre Qualidade,4.0
30715,Wrong Item,4.0
30723,Wrong Item,3.5
30725,INVENT,1.0
30732,Missing Parts,3.5
30733,Wrong Item,3.5
30743,Missing Coverage,3.5
30745,Late Delivery,4.0
30756,Missing Parts,3.5
30766,Product Variance,3.5
30787,Wrong Item,4.0
30808,Late Delivery,3.5
30812,Missing Parts,3.5
30813,Late Delivery,4.0
30817,Late Delivery,3.5
30820,Poor Quality,3.0
30823,Wrong Item,4.0
30824,No Category,1.0
30826,Rude Courier,3.5
30828,Pedido Errado,5.0
30836,Late Delivery,3.5
30837,Correspondência,1.0
30840,Late Delivery,3.5
30846,Late Delivery,3.5
30849,Damaged Goods,3.5
30850,Misleading Title,3.5
30852,Late Delivery,3.5
30854,Missing Parts,3.5
30858,Non-Conforming Parts,4.0
30859,Missing Parts,3.5
30867,Wrong Item,3.5
30869,Missing Parts,3.5
30875,Late Delivery,4.0
30886,Late Delivery,3.5
30899,Item Never Arrived,5.0
30906,Late Delivery,3.5
30910,Missing Parts,3.5
30914,Wrong Item,3.5
30925,Late Delivery,3.5
30937,NAI,3.5
30951,No Fit,3.5
30957,INVENT,1.0
30962,Poor Quality,4.0
30963,Late Delivery,4.0
30965,Wrong Item,3.5
30973,Late Delivery,4.0
30979,Late Delivery,3.5
30983,Wrong Item,4.0
30988,Poor Quality,4.0
30997,INVENT,3.5
31014,Late Delivery,3.5
31016,Late Delivery,3.5
31020,Late Delivery,3.5
31024,Poor Quality,3.5
31061,Missing Parts,3.5
31063,Late Delivery,3.5
31070,Late Delivery,3.5
31076,Missing Parts,3.5
31083,Late Delivery,3.5
31084,Late Delivery,3.5
31086,Late Delivery,3.5
31102,Late Delivery,3.5
31106,Wrong Item,4.0
31121,Late Delivery,3.5
31129,Missing Parts,3.5
31136,Wrong Item,3.5
31137,Missing Parts,3.5
31138,Wrong Item,3.5
31139,Missing Parts,3.5
31142,No Category,3.5
31148,Late Delivery,3.5
31157,Wrong Item,4.0
31158,Late Delivery,3.5
31162,"None of the provided categories fit. 
Invent Category: Packaging",3.0
31171,Late Delivery,3.5
31192,Wrong Item,4.0
31195,Inconvenience,3.5
31201,Late Delivery,4.0
31214,Late Delivery,3.5
31228,Wrong Item,4.0
31242,Late Delivery,3.5
31243,Late Delivery,3.5
31247,Wrong Item,3.5
31250,Wrong Item,4.0
31253,Missing Parts,3.5
31257,Late Delivery,3.5
31272,Late Delivery,4.0
31275,Late Delivery,3.5
31276,Late Delivery,3.5
31278,Produto faltando peças! E com marcas de uso!,2.5
31288,Wrong Item,4.0
31294,Wrong Item,4.0
31299,Wrong Item,4.0
31309,Late Delivery,3.5
31311,Late Delivery,4.0
31317,Poor Quality,4.0
31321,Wrong Item,4.0
31325,Missing Parts,3.5
31327,Poor Quality,4.0
31328,Wrong Item,3.5
31331,Falha,3.5
31335,Late Delivery,2.0
31337,Late Delivery,3.5
31340,Péssimo,5.0
31347,N/A,1.0
31354,Missing Parts,3.5
31355,Wrong Item,3.5
31358,Late Delivery,3.5
31359,Wrong Item,4.0
31360,Poor Quality,3.5
31366,Wrong Item,4.0
31377,Late Delivery,3.5
31381,Missing Parts,3.5
31385,Missing Parts,3.5
31388,Poor Quality,3.5
31401,Late Delivery,1.0
31403,Late Delivery,4.0
31428,Wrong Item,4.0
31429,Late Delivery,4.0
31443,Poor Quality,3.5
31450,Late Delivery,3.5
31454,Late Delivery,4.0
31458,Late Delivery,3.5
31461,Late Delivery,4.0
31463,Wrong Item,4.0
31465,Poor Quality,4.0
31469,Wrong Item,3.5
31481,Missing Parts,3.5
31492,Missing Parts,3.5
31498,Late Delivery,3.5
31501,Reception Failure,3.5
31505,Wrong Item,4.0
31509,Poor Quality,3.5
31513,Wrong Item,4.0
31516,Wrong Item,4.0
31528,NAO_POSSO_AVALIAR,3.5
31529,Poor Quality,4.0
31534,Missing Parts,3.5
31549,Late Delivery,3.5
31551,Poor Quality,3.5
31563,Missing Parts,3.5
31578,Wrong Item,4.0
31581,Late Delivery,3.5
31586,Late Delivery,3.5
31591,Late Delivery,3.5
31593,Rude Courier,3.5
31597,Late Delivery,3.5
31600,INVENT,3.5
31602,Poor Quality,3.5
31605,Missing Parts,3.5
31608,Wrong Item,4.0
31610,Product Size,3.5
31621,Late Delivery,3.5
31627,Late Delivery,3.5
31645,Missing Parts,3.5
31660,Wrong Item,4.0
31681,Late Delivery,3.5
31691,Late Delivery,3.5
31708,No Delivery,4.0
31730,Missing Parts,3.5
31735,Not Received,5.0
31738,Late Delivery,3.5
31739,Misaligned,4.0
31741,Pobre Qualidade,3.5
31745,Not Received,5.0
31749,Wrong Item,4.0
31750,Late Delivery,3.5
31751,Late Delivery,3.5
31759,Late Delivery,3.5
31764,Poor Quality,3.5
31781,Late Delivery,4.0
31784,Poor Quality,4.0
31788,Poor Quality,3.5
31792,Wrong Item,4.0
31798,Late Delivery,3.5
31802,No Fit,1.0
31818,Late Delivery,4.0
31819,Non Functional,4.0
31836,Wrong Item,4.0
31842,Péssimo,5.0
31849,Wrong Item,3.5
31850,Delayed Delivery,3.5
31857,Late Delivery,4.0
31866,Late Delivery,4.0
31867,Communication Issue,3.5
31871,Size Issue,3.5
31872,Wrong Item,3.5
31878,Missing Parts,3.5
31895,INVENT,2.0
31897,Wrong Item,3.5
31908,Poor Quality,4.0
31912,Não Recebido,4.0
31920,Poor Quality,4.0
31933,Wrong Item,4.0
31943,Late Delivery,3.5
31949,Missing Parts,3.5
31976,Chateado,3.5
32009,Missing Parts,3.5
32019,Late Delivery,4.0
32035,Wrong Item,3.5
32049,Late Delivery,3.5
32058,Missing Parts,3.5
32060,Wrong Item,4.0
32067,Wrong Item,3.5
32071,Missing Parts,3.5
32072,Rude Courier,3.5
32086,Item Never Arrived,5.0
32087,Missing Parts,3.5
32088,Wrong Item,3.5
32093,Divergência,3.5
32114,Not Received,5.0
32118,Wrong Item,3.5
32121,Late Delivery,3.5
32125,Late Delivery,3.5
32129,Not Received,5.0
32131,Problema,3.5
32134,INVENT,1.0
32139,Damaged Goods,4.0
32149,Poor Quality,4.0
32159,No New Category,3.5
32162,Missing Parts,2.0
32173,Late Delivery,2.0
32194,Information Missing,3.5
32204,Late Delivery,4.0
32218,Missing Parts,3.5
32231,Missing Parts,4.0
32257,Wrong Item,4.0
32258,No Issue,1.0
32259,Broken Product,4.0
32261,Damaged Goods,3.5
32265,Late Delivery,3.5
32270,No Issue Reported,1.0
32272,Late Delivery,4.0
32279,Late Delivery,4.0
32280,Late Delivery,3.5
32286,Late Delivery,3.5
32287,Wrong Item,3.5
32290,No Delivery,5.0
32297,Wrong Item,4.0
32300,Wrong Item,3.5
32309,Product Not Functional,4.0
32324,Late Delivery,3.5
32328,Late Delivery,3.5
32330,Non Functional,4.0
32336,Material Fraco,4.0
32339,Damaged Goods,3.5
32340,Missing Parts,3.5
32349,Late Delivery,3.5
32353,Missing Parts,3.5
32362,Not Received,5.0
32367,Late Delivery,4.0
32381,Wrong Item,4.0
32383,Late Delivery,3.5
32397,Late Delivery,4.0
32406,Wrong Item,4.0
32407,Missing Parts,4.0
32408,Wrong Item,4.0
32413,Wrong Item,4.0
32414,Late Delivery,3.5
32415,Item Never Arrived,5.0
32426,Wrong Item,4.0
32431,Late Delivery,3.5
32447,Late Delivery,3.5
32456,Late Delivery,3.5
32462,Missing Parts,4.0
32463,Insufficient Quality,3.5
32471,Wrong Item,4.0
32472,INVENT,1.0
32486,Late Delivery,3.5
32488,Péssima compra,4.0
32493,Wrong Item,4.0
32497,Unknown,3.5
32511,INVENT,1.0
32516,Late Delivery,3.5
32528,Late Delivery,3.5
32541,Wrong Item,4.0
32548,Late Delivery,3.5
32554,Late Delivery,3.5
32558,Late Delivery,4.0
32559,Late Delivery,3.5
32561,Damaged Goods,3.5
32565,Missing Parts,3.5
32589,Wrong Item,4.0
32593,Late Delivery,3.5
32597,Late Delivery,3.5
32598,Delay,3.5
32599,Missing Parts,3.5
32602,No Delivery,3.0
32603,Wrong Item,4.0
32608,Late Delivery,3.5
32610,Late Delivery,3.5
32619,Late Delivery,3.5
32623,Late Delivery,3.5
32630,Missing Parts,3.5
32632,Not Received,5.0
32635,Missing Parts,3.5
32645,Late Delivery,3.5
32649,Missing Parts,4.0
32653,Wrong Item,4.0
32657,Unclear,3.5
32666,Wrong Item,4.0
32683,Wrong Item,4.0
32691,Late Delivery,3.5
32707,Late Delivery,3.5
32710,Late Delivery,3.5
32713,Late Delivery,3.5
32735,INVENT,1.0
32764,No Fit,1.0
32766,Not Received,5.0
32768,Late Delivery,3.5
32776,Loss of Confidence,4.0
32790,Poor Quality,3.5
32798,Cancelled Product,3.5
32808,Late Delivery,3.5
32809,Late Delivery,4.0
32811,Color Mismatch,3.5
32819,Poor Quality,3.5
32823,No Fit,1.0
32826,INVENT,1.0
32831,Wrong Item,4.0
32832,Wrong Item,4.0
32837,Late Delivery,3.5
32867,INVENT,3.5
32870,Mislabelled,3.5
32871,Late Delivery,3.5
32873,Late Delivery,4.0
32885,Late Delivery,3.5
32897,Late Delivery,3.5
32898,Poor Quality,4.0
32921,No Satisfaction,3.5
32930,INVENT,3.5
32934,No Delivery Confirmation,3.5
32938,Late Delivery,3.5
32949,Pedido Incompleto,3.5
32975,Poor Quality,4.0
32984,Late Delivery,3.5
33016,INVENT,1.0
33022,Wrong Item,3.5
33043,Wrong Item,4.0
33050,Missing Parts,3.5
33061,Late Delivery,3.5
33063,Wrong Item,3.5
33081,Late Delivery,3.5
33091,Missing Parts,3.5
33095,Not Received,5.0
33096,Late Delivery,4.0
33097,Missing Parts,3.5
33100,Category,2.5
33101,Missing Parts,3.5
33105,Late Delivery,3.5
33108,Wrong Item,4.0
33110,Late Delivery,3.5
33111,Wrong Item,4.0
33120,Wrong Item,4.0
33125,Late Delivery,3.5
33142,INVENT,3.5
33144,Wrong Item,3.5
33149,Late Delivery,4.0
33153,Late Delivery,5.0
33170,No Response Received,3.5
33174,Wrong Item,4.0
33184,Late Delivery,4.0
33186,No Fit,3.5
33198,Missing Parts,3.5
33200,Poor Quality,3.5
33205,No Delivery,4.0
33207,Wrong Item,3.5
33209,No Arrival,5.0
33226,Late Delivery,3.5
33232,Misrepresentation,3.5
33236,Late Delivery,4.0
33252,Wrong Item,3.5
33255,No Contact,3.5
33258,Missing Parts,3.5
33280,Inconvenience,3.5
33281,Non Usable,3.5
33290,Poor Quality,4.0
33311,Missing Parts,4.0
33331,Late Delivery,4.0
33336,Poor Quality,3.5
33342,Late Delivery,3.5
33347,Not Received,5.0
33348,Not Received All Items,4.0
33352,Late Delivery,4.0
33383,Late Delivery,3.5
33404,Não pude acompanhar pedido,3.5
33422,Wrong Item,4.0
33435,Not Indicated,3.5
33456,Indifference,3.5
33457,Late Delivery,3.5
33469,Late Delivery,3.5
33474,Late Delivery,3.5
33481,Late Delivery,4.0
33488,Misrepresentation,4.0
33494,Missing Parts,4.0
33495,Category,1.0
33500,Late Delivery,3.5
33522,Damaged Goods,4.0
33534,Late Delivery,4.0
33535,Late Delivery,3.5
33537,Missing Parts,3.5
33541,Missing Parts,3.5
33542,Late Delivery,4.0
33549,Wrong Item,4.0
33551,Poor Quality,4.0
33569,Late Delivery,3.5
33570,Produto Encardido,2.5
33572,Late Delivery,3.5
33576,Late Delivery,3.5
33587,Critical Failure / Scam,5.0
33592,Missing Parts,3.5
33608,Insegurança,3.5
33622,Wrong Item,4.0
33627,Wrong Item,4.0
33635,Late Delivery,3.5
33640,Late Delivery,3.5
33651,INVENT,3.5
33655,Geometry Issue,4.0
33672,Wrong Item,4.0
33673,Missing Parts,3.5
33676,Wrong Item,3.5
33678,Not Received,5.0
33686,Wrong Item,4.0
33689,Late Delivery,3.5
33694,INVENT,3.5
33700,Wrong Item,4.0
33705,INVENT,3.5
33714,Descaso Total,5.0
33718,No Issue,1.0
33720,Unclear Measurements,3.5
33722,Poor Quality,4.0
33723,Fraud,5.0
33724,Late Delivery,3.5
33738,Wrong Item,3.5
33753,Delayed Delivery,3.5
33754,Late Delivery,4.0
33759,Poor Quality,3.5
33761,Late Delivery,3.5
33763,Late Delivery,3.5
33765,Late Delivery,3.5
33767,Wrong Item,3.5
33784,Wrong Item,4.0
33789,Late Delivery,3.5
33797,Material Defect,3.5
33805,Late Delivery,3.5
33810,Late Delivery,3.5
33812,Missing Parts,3.5
33816,Wrong Item,4.0
33820,Poor Quality,3.5
33821,Late Delivery,3.5
33824,Late Delivery,3.5
33831,Late Delivery,4.0
33832,Wrong Item,3.5
33837,Late Delivery,3.5
33841,Late Delivery,3.5
33842,Wrong Item,3.5
33844,Poor Quality,3.0
33845,Late Delivery,3.5
33852,Wrong Item,4.0
33855,Poor Quality,3.5
33864,Wrong Item,4.0
33868,Late Delivery,3.5
33870,Late Delivery,3.5
33876,Missing Parts,4.0
33891,Late Delivery,4.0
33896,Late Delivery,3.5
33914,Wrong Item,3.5
33916,Late Delivery,2.0
33928,Poor Packaging,3.5
33935,Poor Quality,4.0
33936,Cancelled Product,5.0
33940,Late Delivery,3.5
33945,Late Delivery,3.5
33947,No Issue Found,1.0
33952,Late Delivery,3.5
33956,Late Delivery,3.5
33958,No Issue,1.0
33959,Late Delivery,1.0
33961,Fragilidade,3.5
33963,Late Delivery,4.0
33972,Weak Sealing,3.5
33978,Poor Fit,3.5
33979,Late Delivery,3.5
33981,Wrong Item,4.0
33985,Missing Parts,3.5
33987,Late Delivery,3.5
33991,Late Delivery,3.5
33992,Poor Quality,4.0
34008,Wrong Item,4.0
34009,Late Delivery,3.5
34014,Late Delivery,3.5
34015,Late Delivery,4.0
34020,Missing Parts,3.5
34040,Packed with Rust,3.5
34047,Poor Quality,3.0
34051,Wrong Item,4.0
34057,INVENT,3.5
34059,Wrong Item,3.5
34062,Not Received,5.0
34076,Late Delivery,4.0
34086,Late Delivery,3.5
34094,Wrong Item,4.0
34096,Late Delivery,4.0
34099,Late Delivery,3.5
34124,Late Delivery,3.5
34154,Missing Parts,3.5
34155,Sérvio Errado,2.5
34161,Late Delivery,3.5
34169,"None of the given categories fit. 
Invent Category: Communication",3.0
34170,Late Delivery,3.5
34173,Wrong Item,3.5
34174,Wrong Item,4.0
34179,Wrong Item,4.0
34183,Wrong Item,4.0
34187,Payment Issue,3.5
34193,Late Delivery,4.0
34206,Not Expectations,3.5
34221,Poor Quality,3.5
34226,Not Received,5.0
34250,Wrong Item,3.5
34251,INVENT,1.0
34256,Damaged Goods,4.0
34299,Damaged Goods,3.0
34318,Poor Quality,3.5
34321,Product Variance,3.5
34327,Late Delivery,3.5
34337,Late Delivery,3.5
34338,Late Delivery,4.0
34358,Wrong Item,4.0
34363,Late Delivery,3.5
34370,Late Delivery,4.0
34373,Missing Parts,3.5
34390,Late Delivery,4.0
34394,Missing Parts,4.0
34414,Late Delivery,3.5
34416,Missing Products,4.0
34417,Rude Courier,3.5
34430,Porém produto de difícil instalação,2.0
34432,Material Issue,3.5
34439,Late Delivery,1.0
34447,Missing Parts,3.5
34448,Damaged Goods,4.0
34450,Late Delivery,4.0
34457,Missing Parts,4.0
34460,Satisfaction,3.5
34476,No Issue,1.0
34477,Late Delivery,3.5
34482,Non Functional,4.0
34485,Late Delivery,4.0
34486,Wrong Item,3.5
34505,Poor Quality,4.0
34516,Wrong Item,4.0
34521,Delay,3.5
34522,Wrong Item,4.0
34523,Non Functional,4.0
34529,No Fit,3.5
34535,Wrong Item,3.5
34542,Late Delivery,3.5
34553,Damaged Goods,3.5
34555,Late Delivery,4.0
34564,Late Delivery,3.5
34569,Late Delivery,3.5
34573,Color Incorrect,4.0
34575,Wrong Item,4.0
34580,Wrong Item,4.0
34587,Small Variance,3.5
34605,Poor Quality,3.5
34609,Category,2.5
34621,Late Delivery,3.5
34625,Missing Parts,3.5
34630,Late Delivery,3.5
34636,Wrong Item,4.0
34656,Poor Quality,3.5
34665,Wrong Item,3.5
34668,Late Delivery,3.5
34671,Late Delivery,3.5
34672,Late Delivery,4.0
34675,Late Delivery,3.5
34683,Late Delivery,3.5
34685,Wrong Item,4.0
34697,Wrong Item,4.0
34701,Late Delivery,4.0
34720,Poor Quality,3.5
34724,Fraud,5.0
34743,Product Unavailability,4.0
34745,Poor Quality,4.0
34752,Wrong Item,4.0
34756,Outro Produto Não Encontrado,3.5
34769,INVENT,1.0
34773,Late Delivery,4.0
34776,Wrong Item,3.5
34781,Late Delivery,3.5
34791,No New Category,5.0
34800,Poor Quality,3.5
34801,Wrong Item,4.0
34803,No Issue Found,1.0
34805,Late Delivery,4.0
34808,Trust Issues,3.5
34809,Notified Delay,4.0
34810,Missing Parts,3.5
34816,Product Broken,4.0
34817,Late Delivery,3.5
34818,Late Delivery,3.5
34825,Damaged Goods,3.5
34826,Wrong Item,4.0
34836,Defective Product,4.0
34844,No Avaliação! Quero Receber Minha Compra,3.0
34862,Late Delivery,3.5
34868,Late Delivery,3.5
34869,INVENT,3.5
34878,Late Delivery,3.5
34882,Wrong Item,3.5
34894,Wrong Item,3.5
34897,Poor Quality,4.0
34904,Late Delivery,4.0
34911,Late Delivery,3.5
34945,Not Delivered,3.5
34946,Poor Quality,4.0
34948,Late Delivery,4.0
34959,Late Delivery,4.0
34960,Wrong Item,3.5
34963,Late Delivery,3.5
34969,Wrong Item,3.5
34977,Late Delivery,3.5
34982,Wrong Item,4.0
34983,Torta,4.0
34991,Missing Parts,3.5
34992,Late Delivery,3.5
35002,Missing Parts,3.5
35015,Cancelled Order,2.5
35023,Poor Quality,3.5
35035,Not Received,5.0
35040,No Received,5.0
35041,Late Delivery,3.5
35054,Wrong Item,4.0
35055,INVENT,3.5
35058,Wrong Item,3.5
35063,INVENT,3.5
35068,Late Delivery,3.5
35069,Cancelamento Solicitado,3.5
35076,Wrong Item,3.5
35087,Poor Quality,4.0
35097,Mispricing,3.5
35098,Late Delivery,3.5
35100,Rude Service,3.5
35103,Wrong Item,4.0
35113,INVENT,3.5
35116,Late Delivery,3.5
35142,Not Invented Category,2.5
35151,Late Delivery,4.0
35165,Late Delivery,3.5
35166,Missing Parts,3.5
35202,Late Delivery,3.5
35207,Wrong Item,4.0
35223,No Fit,1.0
35233,Missing Parts,3.5
35236,Falta de Respeito,3.5
35238,Wrong Item,4.0
35250,Late Delivery,3.5
35259,Late Delivery,3.5
35262,Late Delivery,4.0
35267,Late Delivery,3.5
35275,No Fit,1.0
35280,Late Delivery,3.5
35288,Late Delivery,4.0
35289,No Delivery Information,3.5
35315,Late Delivery,3.5
35323,Late Delivery,4.0
35329,Late Delivery,3.5
35339,Late Delivery,3.5
35341,Poor Quality,4.0
35361,Late Delivery,3.5
35368,No Fit,1.0
35376,Late Delivery,4.0
35385,Poor Quality,4.0
35390,Wrong Item,4.0
35418,Poor Quality,3.5
35422,Missing Parts,3.5
35425,Wrong Item,4.0
35430,Late Delivery,3.5
35432,Late Delivery,3.5
35435,Late Delivery,3.5
35440,Late Delivery,3.5
35449,Late Delivery,3.5
35451,Late Delivery,3.5
35458,Late Delivery,4.0
35463,Late Delivery,3.5
35464,Late Delivery,4.0
35473,Poor Quality,3.5
35499,Not Received,5.0
35504,Design Flaw,3.5
35510,Wrong Item,4.0
35516,Missing Parts,3.5
35517,Missing Parts,4.0
35518,Late Delivery,3.5
35525,Late Delivery,3.5
35532,Wrong Item,3.5
35552,Missing Parts,3.5
35553,Missing Parts,3.5
35554,Wrong Item,4.0
35558,Late Delivery,3.5
35559,Late Delivery,3.5
35560,No Delivery,3.5
35578,Missing Parts,3.5
35583,Wrong Item,4.0
35603,INVENT,3.5
35616,Poor Quality,4.0
35628,Late Delivery,3.5
35629,Poor Quality,4.0
35642,Late Delivery,4.0
35659,Late Delivery,4.0
35668,Incomplete Order,2.5
35677,Late Delivery,3.5
35692,Poor Quality,4.0
35703,Poor Quality,3.0
35712,Late Delivery,3.5
35713,Late Delivery,4.0
35718,Wrong Item,3.5
35730,Late Delivery,4.0
35732,Late Delivery,3.5
35735,Damaged Goods,3.5
35768,Damaged Goods,4.0
35783,Late Delivery,3.5
35798,Late Delivery,3.5
35802,Late Delivery,3.5
35822,Late Delivery,3.5
35828,Late Delivery,3.5
35839,Package Variance,3.5
35847,Missing Parts,3.5
35850,Poor Quality,3.5
35857,Late Delivery,3.5
35863,Late Delivery,3.5
35870,Late Delivery,3.5
35875,Late Delivery,3.5
35878,Missing Parts,3.5
35885,Pedido Incompleto,4.0
35892,Missing Parts,3.5
35907,Late Delivery,4.0
35912,Poor Quality,3.5
35916,Late Delivery,3.5
35929,Wrong Item,4.0
35945,Wrong Item,4.0
35947,Late Delivery,3.5
35958,Wrong Item,3.5
35967,Missing Parts,3.5
35974,Missing Parts,3.5
35984,Late Delivery,3.5
35987,INVENT,3.5
35992,Rude Service,3.5
35993,Wrong Item,3.5
36000,Wrong Item,3.5
36002,Late Delivery,4.0
36006,Late Delivery,4.0
36011,Broken Product,4.0
36022,Late Delivery,3.5
36032,Wrong Item,4.0
36059,Late Delivery,3.5
36065,Rude Courier,3.5
36069,Cancelled Order,3.5
36081,Color Mismatch,3.5
36091,Poor Quality,3.0
36094,Missing Parts,3.5
36095,Late Delivery,3.5
36096,Late Delivery,3.5
36102,Non-Contact,3.5
36109,Wrong Item,4.0
36114,Late Delivery,4.0
36129,Late Delivery,3.5
36130,Color Mismatch,3.5
36136,Late Delivery,3.5
36140,Damaged Goods,3.5
36151,Missing Parts,3.5
36155,Poor Quality,3.0
36174,Late Delivery,3.5
36187,Late Delivery,4.0
36188,Late Delivery,4.0
36191,No Delivery,5.0
36193,Missing Parts,3.5
36211,Late Delivery,5.0
36212,Wrong Item,4.0
36222,Quantidade Errada,2.5
36241,No Received Goods,5.0
36249,Late Delivery,3.5
36252,Missing Parts,3.5
36266,Late Delivery,3.5
36270,Wrong Item,3.5
36277,Late Delivery,1.0
36278,Late Delivery,3.5
36280,Late Delivery,3.5
36286,Late Delivery,3.5
36287,Wrong Item,4.0
36294,INVENT,3.5
36296,Non-Felted Towels,3.5
36299,Late Delivery,3.5
36313,Wrong Item,4.0
36323,Produto Ruim,4.0
36326,Missing Parts,3.5
36331,Late Delivery,3.5
36334,Poor Quality,3.5
36335,Late Delivery,3.5
36338,Missing Parts,3.5
36343,Late Delivery,3.5
36349,Wrong Item,3.5
36350,Missing Parts,3.5
36352,Late Delivery,3.5
36358,Late Delivery,3.5
36365,INVENT,1.0
36367,Late Delivery,3.5
36369,INVENT,1.0
36372,Late Delivery,4.0
36375,Late Delivery,3.5
36396,Poor Quality,4.0
36400,Missing Parts,4.0
36410,Cancelled Order,3.5
36413,INVENT,3.5
36416,Late Delivery,3.5
36424,No Issue Found,1.0
36433,No Issue Reported,1.0
36439,Wrong Item,4.0
36441,Late Delivery,3.5
36447,Late Delivery,4.0
36448,Late Delivery,3.5
36454,Damaged Goods,4.0
36459,Late Delivery,3.5
36467,Missing Parts,3.5
36490,Poor Quality,3.0
36491,Late Delivery,3.5
36505,Late Delivery,4.0
36510,Missing Parts,3.5
36512,Not Received,5.0
36521,Poor Quality,4.0
36526,Color Mismatch,3.5
36528,Late Delivery,4.0
36540,Pessimo,5.0
36547,Stability Issues,3.5
36555,Late Delivery,3.5
36563,Nao Informado,3.5
36572,Wrong Item,4.0
36575,Wrong Item,4.0
36577,Late Delivery,3.5
36585,Not Received,5.0
36590,Late Delivery,4.0
36591,Not Delivered,4.0
36592,Late Delivery,4.0
36593,Wrong Item,4.0
36597,Wrong Item,3.5
36620,Inconsistent Shipping,3.5
36629,Late Delivery,3.5
36630,Late Delivery,3.5
36634,Late Delivery,3.5
36635,Missing Parts,3.5
36639,Late Delivery,3.5
36641,No Category,1.0
36664,Late Delivery,3.5
36669,Late Delivery,3.5
36672,Wrong Item,3.5
36697,Wrong Item,4.0
36707,No Delivery,3.0
36708,Late Delivery,4.0
36718,Late Delivery,3.5
36720,Late Delivery,3.5
36734,Wrong Item,3.5
36736,No Delivery,5.0
36744,Moisture Issue,3.5
36751,Missing Parts,3.5
36758,Late Delivery,3.5
36762,Missing Parts,4.0
36791,Late Delivery,3.5
36800,Late Delivery,3.5
36801,Late Delivery,4.0
36807,Communication Issues,3.5
36814,Late Delivery,3.5
36851,Poor Quality,4.0
36865,Late Delivery,4.0
36866,INVENT,3.5
36870,Wrong Item,4.0
36878,Late Delivery,3.5
36879,Pedido Incompleto,3.5
36880,Missing Parts,3.5
36888,Late Delivery,3.5
36894,Missing Parts,3.5
36908,Wrong Item,4.0
36909,Late Delivery,3.5
36927,Poor Quality,4.0
36952,Late Delivery,3.5
36963,Missing Parts,4.0
36964,Insufficient Information,3.5
36975,Late Delivery,3.5
36988,Late Delivery,3.5
36989,Late Delivery,3.5
36990,INVENT,3.5
36992,Missing Parts,3.5
37006,Defective Packaging,3.5
37018,Produto Falso,5.0
37019,No Arrival,5.0
37026,No Issue,1.0
37030,Poor Quality,4.0
37041,Com problemas,2.5
37044,Late Delivery,3.5
37052,No Arrival,5.0
37058,Não Entrega,4.0
37062,Wrong Item,3.5
37074,INVENT,3.5
37075,Cancelled Purchase,3.5
37078,Late Delivery,3.5
37094,No Fit,1.0
37095,INVENT,3.5
37096,Late Delivery,4.0
37106,Late Delivery,4.0
37135,Late Delivery,4.0
37138,Poor Quality,3.5
37139,Late Delivery,3.5
37147,Product Variance,3.5
37154,Late Delivery,4.0
37165,Missing Parts,4.0
37166,Wrong Item,3.5
37192,No Issue,1.0
37210,INVENT,1.0
37218,Wrong Item,4.0
37221,Wrong Item,4.0
37225,Wrong Item,3.5
37234,Wrong Item,3.5
37235,Late Delivery,3.5
37246,Wrong Item,4.0
37249,Wrong Item,3.5
37261,INVENT,3.5
37264,Item Not Received,5.0
37270,No Delivery,5.0
37278,Fraud,5.0
37282,Late Delivery,3.5
37283,Wrong Item,3.5
37284,No Issue,1.0
37286,Poor Quality,3.5
37289,Late Delivery,3.5
37296,Wrong Item,3.5
37306,Not Arrived,5.0
37307,Missing Parts,3.5
37311,Late Delivery,4.0
37318,Missing Parts,3.5
37319,No Issue,1.0
37331,Ruim,3.5
37347,Incomplete Product,3.5
37358,Late Delivery,4.0
37359,Missing Parts,3.5
37360,Missing Parts,5.0
37362,INVENT,1.0
37363,Wrong Item,4.0
37364,INVENT,3.5
37370,Late Delivery,3.5
37374,Late Delivery,3.5
37375,Wrong Item,4.0
37381,Missing Parts,3.5
37382,Wrong Item,4.0
37387,Poor Quality,3.5
37391,Late Delivery,4.0
37396,Wrong Item,3.5
37398,No Issue,1.0
37400,Late Delivery,3.5
37408,Poor Quality,4.0
37424,Missing Parts,3.5
37440,Late Delivery,3.5
37447,Late Delivery,4.0
37449,Language Barrier,3.5
37450,Late Delivery,3.5
37460,Not Applicable,1.0
37462,Late Delivery,3.5
37464,INVENT,3.5
37487,Missing Parts,4.0
37491,Poor Quality,3.5
37497,Late Delivery,3.5
37511,Wrong Item,3.5
37526,Wrong Item,3.5
37540,Communication Issues,3.5
37542,Wrong Item,4.0
37543,Satisfeita,1.0
37545,Wrong Item,3.5
37548,No Delivery,5.0
37557,Late Delivery,3.5
37558,Late Delivery,3.5
37565,Late Delivery,3.5
37573,Wrong Item,3.5
37575,No Arrival,5.0
37581,Category,2.5
37585,Late Delivery,3.5
37600,Wrong Item,3.5
37609,Late Delivery,3.5
37618,Missing Parts,3.5
37624,Wrong Item,4.0
37634,Missing Parts,3.5
37643,Wrong Item,4.0
37650,INVENT,1.0
37673,INVENT,1.0
37677,Wrong Item,4.0
37685,Delayed Delivery,4.0
37687,Not Received,5.0
37689,Late Delivery,3.5
37714,None of the given categories fit. Invent Category,2.5
37716,Missing Parts,3.5
37724,Wrong Item,4.0
37736,Missing Parts,4.0
37738,Late Delivery,3.5
37743,Missing Parts,3.5
37753,Late Delivery,3.5
37754,Late Delivery,3.5
37755,Late Delivery,3.5
37763,Wrong Item,4.0
37764,No Arrival,5.0
37767,Missing Parts,3.5
37769,Produto Violado,3.5
37777,Wrong Item,4.0
37797,Late Delivery,3.5
37807,Missing Items,5.0
37809,Poor Quality,3.5
37810,Late Delivery,3.5
37814,Late Delivery,3.5
37829,Late Delivery,3.5
37837,Late Delivery,4.0
37839,Late Delivery,3.5
37843,Wrong Item,3.5
37849,Late Delivery,4.0
37851,Missing Parts,3.5
37867,Product Mismatch,4.0
37878,No Issue,1.0
37884,Missing Parts,3.5
37886,Não Gostei,3.5
37892,Missing Parts,3.5
37895,Not Received,5.0
37911,Wrong Item,4.0
37916,INVENT,1.0
37918,Falta Peças,3.5
37943,Wrong Item,4.0
37944,No Issue,1.0
37957,Package Quality,3.5
37964,Non-Response,4.0
37966,Late Delivery,3.5
37969,Missing Parts,3.5
37977,Missing Parts,3.5
37981,Late Delivery,3.5
38007,Missing Parts,3.5
38016,Misalignment,3.5
38030,Não Recebido,4.0
38036,Missing Parts,3.5
38040,Late Delivery,3.5
38043,Wrong Item,4.0
38051,No Delivery,5.0
38058,INVENT,3.5
38061,Poor Quality,4.0
38064,INVENT,3.5
38067,Missing Parts,3.5
38068,Late Delivery,3.5
38088,Wrong Item,4.0
38097,Poor Quality,4.0
38098,Poor Quality,4.0
38110,Counterfeit Product,4.0
38111,Missing Parts,3.5
38134,Wrong Item,4.0
38142,Wrong Item,4.0
38144,Late Delivery,3.5
38147,Poor Quality,4.0
38154,Late Delivery,3.5
38160,Late Delivery,3.5
38172,Late Delivery,3.5
38175,INVENT,3.5
38177,Late Delivery,3.5
38187,Missing Parts,3.5
38221,Wrong Item,4.0
38233,Poor Quality,3.5
38244,Misfit,3.5
38247,Late Delivery,3.5
38249,Missing Parts,3.5
38252,Late Delivery,4.0
38261,Late Delivery,3.5
38263,Late Delivery,4.0
38264,Counterfeit Product,4.0
38273,Late Delivery,3.5
38286,Wrong Item,4.0
38288,Wrong Item,3.5
38304,Damaged Goods,3.5
38305,Missing Parts,3.5
38321,Missing Parts,3.5
38328,Damaged Goods,3.5
38330,Late Delivery,4.0
38334,Late Delivery,3.5
38354,Poor Quality,3.5
38360,Wrong Item,4.0
38372,Late Delivery,3.5
38379,Wrong Item,4.0
38407,Late Delivery,4.0
38410,Poor Quality,3.5
38411,Poor Quality,4.0
38425,Late Delivery,3.5
38431,Poor Quality,3.5
38432,Color Mismatch,4.0
38445,Missing Parts,3.5
38458,Late Delivery,4.0
38459,No Arrival,5.0
38469,Missing Parts,3.5
38476,No Issue,1.0
38480,Entrega incompleta,4.0
38484,Missing Parts,3.5
38503,Missing Parts,3.5
38509,Not Received,5.0
38510,Missing Parts,3.5
38513,Late Delivery,3.5
38516,Late Delivery,3.5
38519,Produto é razoável,1.0
38525,Poor Quality,3.5
38527,Poor Quality,4.0
38528,Late Delivery,3.5
38529,Late Delivery,3.5
38531,Poor Quality,3.5
38532,Wrong Item,4.0
38535,Late Delivery,4.0
38538,Wrong Item,4.0
38542,Produto Falso,4.0
38568,Wrong Item,4.0
38574,Late Delivery,3.5
38577,No New Category,3.5
38586,Inconvenience,3.5
38587,Improper Info,3.5
38588,Late Delivery,3.5
38589,INVENT,3.5
38593,Late Delivery,3.5
38596,Missing Parts,3.5
38641,Wrong Item,4.0
38642,Late Delivery,3.5
38654,Missing Parts,3.5
38658,No Issue,1.0
38664,Misleading Info,3.5
38670,Late Delivery,3.5
38682,Wrong Item,4.0
38685,Entrega Incompleta,4.0
38688,Never Again Purchase Here Being the Same Sold and Delivered by a Thief,2.5
38702,Late Delivery,3.5
38705,Wrong Item,3.5
38706,Transtorno com as lannister,3.5
38712,Missing Parts,3.5
38716,N/A,1.0
38725,Poor Quality,3.5
38729,Missing Parts,3.5
38733,Information Lack,3.5
38734,Wrong Item,3.5
38737,Wrong Item,3.5
38738,Sem Opinião,1.0
38741,Late Delivery,3.5
38750,Poor Quality,3.0
38755,No Issue Reported,1.0
38761,Produto Paraguai,4.0
38783,Wrong Item,4.0
38791,No Issue,1.0
38811,Missing Parts,4.0
38819,Missing Parts,3.5
38822,Voltage Mismatch,4.0
38825,INVENT,1.0
38830,Wrong Item,3.5
38840,Unclear Communication,3.5
38842,Late Delivery,3.5
38851,Late Delivery,4.0
38868,Damaged Goods,3.5
38870,Wrong Item,4.0
38871,Late Delivery,3.5
38872,Late Delivery,3.5
38873,Late Delivery,3.5
38875,INVENT,3.5
38878,Late Delivery,3.5
38884,Poor Quality,3.5
38885,Wrong Item,3.5
38889,Non-Invoiced,3.5
38895,Late Delivery,3.5
38899,Missing Parts,5.0
38906,"Ta, de rosca, não chega",3.5
38908,Missing Parts,3.5
38917,Wrong Item,3.5
38932,No Issue,1.0
38942,Late Delivery,4.0
38943,Tudo ok,1.0
38948,Wrong Item,4.0
38961,Wrong Item,4.0
38972,Late Delivery,3.5
38980,Late Delivery,3.5
38990,Missing Parts,3.5
38991,Color Mismatch,4.0
39004,Late Delivery,3.5
39017,Rude Courier,3.5
39021,Poor Quality,3.5
39030,Late Delivery,3.5
39054,Quality,4.0
39061,Missing Parts,3.5
39074,Poor Quality,3.5
39082,Awaiting Response,3.5
39083,Defecto de Pobreza,3.5
39104,INVENT,3.5
39114,Late Delivery,4.0
39119,Estou aguardando,3.5
39122,Missing Parts,3.5
39136,Poor Quality,3.5
39138,Late Delivery,2.0
39156,Late Delivery,3.5
39158,Missing Parts,3.5
39162,Late Delivery,3.5
39165,Late Delivery,3.5
39175,Late Delivery,3.5
39178,Late Delivery,3.5
39182,Late Delivery,3.5
39186,Cancelled Order,1.0
39193,Misinfo,4.0
39202,No Delivery,5.0
39212,Late Delivery,3.5
39215,Missing Parts,3.5
39219,Cancelled Order,3.5
39220,Wrong Item,4.0
39232,Manca,3.5
39234,Não recebi,5.0
39236,Late Delivery,3.5
39255,Total Falta de Respeito e Compromisso,3.0
39256,Traves de Alça,3.5
39258,Late Delivery,3.5
39265,Late Delivery,3.5
39283,Poor Quality,3.5
39295,Late Delivery,3.5
39304,Late Delivery,4.0
39309,Wrong Item,3.5
39310,Late Delivery,3.5
39315,Wrong Item,3.5
39330,Late Delivery,4.0
39334,Category,2.5
39338,Late Delivery,3.5
39340,Late Delivery,3.5
39341,Wrong Item,3.5
39344,Wrong Item,4.0
39352,Gostei bastante,1.0
39377,Missing Information,3.5
39378,Damaged Goods,4.0
39386,No Item,4.0
39387,Missing Parts,3.5
39433,Poor Quality,3.0
39449,Wrong Item,4.0
39457,Missing Parts,3.5
39459,Wrong Item,4.0
39466,Late Delivery,3.5
39473,Late Delivery,3.5
39479,"Produto ok, recomendo. Entregou no prazo combinado.",2.5
39499,Late Delivery,3.5
39504,Missing Parts,3.5
39517,Late Delivery,3.5
39518,Late Delivery,4.0
39525,Late Delivery,3.5
39526,Late Delivery,3.5
39538,Wrong Item,3.5
39545,Wrong Item,4.0
39565,No Issue Found,1.0
39566,Late Delivery,1.0
39570,INVENT,3.5
39577,Wrong Item,4.0
39583,Wrong Item,4.0
39587,Late Delivery,3.5
39592,Wrong Item,4.0
39612,Late Delivery,3.5
39615,No Fit,3.5
39620,Nota Fiscal Divergente,3.5
39621,Missing Parts,3.5
39622,Late Delivery,3.5
39626,Missing Parts,3.5
39628,Late Delivery,3.5
39638,Poor Quality,3.5
39640,Late Delivery,3.5
39649,Poor Quality,4.0
39650,Missing Parts,3.5
39656,Late Delivery,3.5
39670,Poor Quality,4.0
39673,Missing Parts,3.5
39684,Late Delivery,4.0
39688,Late Delivery,4.0
39690,Late Delivery,3.5
39692,Late Delivery,5.0
39694,Late Delivery,4.0
39696,Wrong Item,5.0
39699,No Product Availability,4.0
39701,Not Received,3.5
39702,Missing Parts,3.5
39705,Poor Quality,3.5
39706,Wrong Item,4.0
39712,No Rastreio,4.0
39714,Late Delivery,3.5
39726,Quality,3.5
39735,Damaged Goods,4.0
39736,Late Delivery,3.5
39746,Late Delivery,3.5
39748,Late Delivery,4.0
39760,Late Delivery,4.0
39765,Wrong Item,4.0
39777,Missing Parts,3.5
39782,None of the provided categories fit. Invent Category,2.5
39784,Late Delivery,3.5
39786,Not Delivered,4.0
39794,Poor Quality,3.5
39807,Wrong Item,3.5
39812,Missing Parts,3.5
39814,Late Delivery,4.0
39816,Invent,3.5
39819,Late Delivery,3.5
39828,INVENT,2.0
39852,Wrong Item,4.0
39856,Wrong Item,3.5
39860,Category,1.0
39865,No Arrival,5.0
39869,Falhado,4.0
39875,INVENT,3.5
39878,Wrong Item,3.5
39886,Misrepresentation,4.0
39893,INVENT,3.5
39897,Poor Quality,3.5
39917,Non-refund,3.5
39920,Late Delivery,4.0
39921,Late Delivery,4.0
39922,Late Delivery,3.5
39935,Late Delivery,4.0
39938,Wrong Item,4.0
39944,Inconvenience,3.5
39951,Wrong Item,4.0
39958,Poor Quality,4.0
39978,Wrong Item,3.5
39980,Missing Parts,4.0
39981,Poor Quality,3.5
39986,Wrong Item,3.5
39992,Missing Parts,3.5
39995,Poor Quality,3.5
40004,Missing Parts,4.0
40007,Wrong Item,4.0
40009,Missing Parts,3.5
40017,Wrong Item,3.5
40022,Late Delivery,4.0
40031,Late Delivery,3.5
40043,Late Delivery,3.5
40045,Produto Defeituoso,4.0
40049,INVENT,3.5
40052,Late Delivery,3.5
40063,Late Delivery,1.0
40066,Poor Quality,4.0
40081,Wrong Item,4.0
40100,Late Delivery,3.5
40101,Late Delivery,3.5
40105,Communication Issues,3.5
40113,Late Delivery,3.5
40115,Late Delivery,3.5
40128,Poor Quality,4.0
40171,Late Delivery,4.0
40180,Wrong Item,3.5
40187,Late Delivery,3.5
40203,Late Delivery,3.5
40206,Wrong Item,4.0
40210,Wrong Item,4.0
40211,Late Delivery,3.5
40214,INVENT,1.0
40215,Not Delivered,5.0
40224,Wrong Item,3.5
40226,Wrong Item,4.0
40239,Late Delivery,3.5
40245,Wrong Item,4.0
40263,Produto Faltante,3.5
40266,INVENT,1.0
40270,Non-Received Item,4.0
40271,INVENT,3.5
40276,INVENT,3.5
40281,Late Delivery,3.5
40288,No New Category,5.0
40293,Poor Quality,4.0
40297,Wrong Item,4.0
40315,Missing Parts,3.5
40316,Produto Estraviado,2.5
40319,nada,1.0
40348,Size Mismatch,4.0
40367,Late Delivery,3.5
40369,Wrong Item,4.0
40372,INVENT,3.5
40379,Late Delivery,3.5
40380,Material Defect,3.5
40383,Wrong Item,4.0
40393,Late Delivery,3.5
40398,Wrong Item,4.0
40402,Late Delivery,3.5
40409,Late Delivery,3.5
40416,Wrong Item,4.0
40419,Missing Parts,3.5
40421,Wrong Item,4.0
40431,Not Found,3.5
40448,INVENT,3.5
40450,Entrega incompleta,4.0
40454,Missing Parts,3.5
40460,Wrong Item,3.5
40462,Wrong Item,3.5
40466,Late Delivery,4.0
40468,Poor Quality,4.0
40469,Language Issue,3.5
40470,Late Delivery,4.0
40472,Poor Quality,4.0
40476,Aguardo o produto.,1.0
40488,Wrong Item,3.5
40500,Late Delivery,4.0
40510,Wrong Item,3.5
40519,Late Delivery,3.5
40522,Wrong Item,3.5
40523,No Issue,1.0
40528,Late Delivery,3.5
40554,Missing Parts,3.5
40562,INVENT,3.5
40563,Damaged Goods,4.0
40566,Missing Parts,3.5
40575,Wrong Item,4.0
40578,Late Delivery,4.0
40597,Wrong Item,3.5
40603,Product Issue,3.5
40649,Late Delivery,3.5
40656,INVENT,3.5
40677,Late Delivery,3.5
40684,INVENT,3.5
40694,Damaged Goods,3.5
40713,Late Delivery,3.5
40720,Damaged Goods,3.5
40723,Pedido Incompleto,3.5
40724,Late Delivery,3.5
40734,Late Delivery,2.5
40739,Late Delivery,4.0
40752,Late Delivery,4.0
40757,Wrong Item,3.5
40774,Late Delivery,4.0
40780,Poor Quality,3.0
40785,Wrong Item,4.0
40798,No Delivery,5.0
40819,Late Delivery,3.5
40834,Stock Shortage,5.0
40836,Not Received,5.0
40838,Trust Woes,3.5
40846,No Issue,1.0
40847,Missing Parts,3.5
40857,No Arrival,5.0
40858,Late Delivery,3.5
40859,Wrong Item,3.5
40861,Late Delivery,3.5
40862,No Issue,1.0
40864,Poor Quality,4.0
40867,Late Delivery,4.0
40875,INVENT,3.5
40877,Missing Parts,3.5
40878,Wrong Item,3.5
40884,Late Delivery,4.0
40886,INVENT,3.5
40894,Wrong Item,3.5
40897,Missing Parts,3.5
40901,Late Delivery,4.0
40905,Late Delivery,3.5
40915,Wrong Item,3.5
40926,Damaged Goods,4.0
40931,Poor Quality,3.5
40938,Missing Parts,3.5
40940,Wrong Item,3.5
40942,Wrong Item,4.0
40949,Poor Quality,3.5
40956,INVENT,1.0
40960,Missing Parts,3.5
40961,No Fit,1.0
40962,Poor Quality,3.5
40978,Late Delivery,3.5
40985,Wrong Item,4.0
41011,Poor Quality,3.5
41016,Late Delivery,3.5
41027,Missing Parts,3.5
41031,Damaged Goods,4.0
41034,Poor Quality,3.5
41040,Heat Issue,4.0
41041,Furado,4.0
41055,Not Received,5.0
41059,Late Delivery,4.0
41060,No Arrival,5.0
41070,Late Delivery,3.5
41074,Late Delivery,3.5
41076,Poor Quality,3.5
41077,No Site Constatado Entregue,4.0
41084,Late Delivery,4.0
41087,No Issue,1.0
41090,Wrong Item,3.5
41099,Counterfeits,4.0
41113,INVENT,3.5
41114,Late Delivery,3.5
41115,Wrong Item,4.0
41122,Late Delivery,3.5
41130,Late Delivery,3.5
41147,Late Delivery,4.0
41151,Wrong Item,4.0
41157,Late Delivery,3.5
41166,Wrong Item,4.0
41175,Late Delivery,3.5
41177,Vazamento de Tinta,3.5
41194,Wrong Item,4.0
41212,Late Delivery,3.5
41230,Late Delivery,3.5
41235,Late Delivery,3.5
41239,Wrong Item,3.5
41240,INVENT,3.5
41243,Late Delivery,4.0
41245,INVENT,3.5
41268,Missing Parts,3.5
41271,No Issue Found,1.0
41304,Late Delivery,4.0
41317,Missing Parts,3.5
41318,Late Delivery,3.5
41342,Late Delivery,3.5
41348,Late Delivery,3.5
41355,Poor Quality,4.0
41359,Late Delivery,4.0
41375,INVENT,3.5
41377,Late Delivery,3.5
41383,Late Delivery,3.5
41385,Late Delivery,3.5
41386,Wrong Item,4.0
41387,Wrong Item,4.0
41391,Wrong Item,3.5
41396,Missing Parts,3.5
41397,Wrong Item,4.0
41399,Poor Quality,3.0
41411,Late Delivery,3.5
41420,Damaged Goods,4.0
41423,Late Delivery,3.5
41426,Wrong Item,4.0
41429,Late Delivery,3.5
41438,Late Delivery,4.0
41444,Late Delivery,3.5
41450,Wrong Item,4.0
41451,Wrong Item,4.0
41452,Missing Parts,3.5
41457,Late Delivery,3.5
41458,Late Delivery,3.5
41464,Late Delivery,3.5
41478,INVENT,3.5
41479,Late Delivery,4.0
41483,Não Encontrado,3.5
41495,Wrong Item,3.5
41504,Wrong Item,3.5
41506,Broken Product,2.5
41515,Late Delivery,4.0
41517,Wrong Item,4.0
41525,INVENT,3.5
41533,Missing Parts,3.5
41539,Late Delivery,3.5
41550,Late Delivery,4.0
41560,Late Delivery,3.5
41565,Late Delivery,3.5
41570,Missing Parts,3.5
41579,Late Delivery,3.5
41584,Late Delivery,3.5
41587,Wrong Item,3.5
41590,Late Delivery,3.5
41609,Late Delivery,3.5
41632,Wrong Item,3.5
41633,Late Delivery,3.5
41638,Late Delivery,4.0
41640,INVENT,3.5
41641,Missing Parts,4.0
41643,INVENTED CATEGORY,2.5
41644,Incomplete Delivery,4.0
41646,Wrong Item,4.0
41652,No Delivery,5.0
41661,Late Delivery,3.5
41662,INVENT,3.5
41674,Late Delivery,4.0
41676,Wrong Item,3.5
41689,Late Delivery,3.5
41696,Poor Quality,3.5
41713,Late Delivery,3.5
41717,Late Delivery,4.0
41718,Not Satisfied,3.5
41720,Late Delivery,3.5
41730,Wrong Item,3.5
41738,INVENT,2.0
41743,Late Delivery,3.5
41744,Misleading Information,3.5
41746,Rude Courier,3.5
41759,Poor Quality,3.0
41769,Late Delivery,3.5
41772,Missing Parts,3.5
41777,Late Delivery,3.5
41784,Wrong Item,3.5
41798,Missing Parts,3.5
41804,Late Delivery,3.5
41806,Late Delivery,3.5
41812,Avarias esteticas,3.5
41816,Late Delivery,3.5
41818,Delayed Refund,4.0
41825,Late Delivery,3.5
41826,Late Delivery,3.5
41829,Late Delivery,3.5
41831,Wrong Item,4.0
41836,Wrong Item,3.5
41837,Not Received,5.0
41844,Late Delivery,3.5
41853,Poor Quality,3.5
41870,Late Delivery,3.5
41872,Late Delivery,3.5
41874,Wrong Item,4.0
41879,Satisfeito,1.0
41880,Missing Parts,3.5
41887,Wrong Item,3.5
41900,Poor Quality,3.0
41915,Não Recebi Produto,3.5
41917,Late Delivery,4.0
41931,Late Delivery,4.0
41940,Wrong Item,3.5
41947,Wrong Voltage,4.0
41951,Missing Parts,3.5
41955,Missing Parts,3.5
41970,Late Delivery,3.5
41983,Late Delivery,3.5
41984,No Delivery,5.0
41992,Late Delivery,3.5
41994,Poor Quality,3.5
41996,Poor Quality,4.0
42004,Incêndio,5.0
42006,Fraud,5.0
42017,Missing Parts,3.5
42023,Wrong Item,4.0
42028,INVENT,3.5
42033,Late Delivery,3.5
42040,Rude Courier,3.5
42042,Wrong Item,3.5
42066,Late Delivery,3.5
42079,Wrong Item,3.5
42090,Misdescription,3.5
42100,Late Delivery,4.0
42104,Sem Explicações,4.0
42116,Not Received,5.0
42117,No Fit,1.0
42120,Late Delivery,3.5
42122,Late Delivery,3.5
42128,Wrong Item,3.5
42133,Late Delivery,4.0
42134,Wrong Item,4.0
42137,Late Delivery,4.0
42146,Poor Quality,4.0
42151,INVENT,3.5
42163,Incongruence,3.5
42164,Counterfeit Product,3.5
42168,Late Delivery,4.0
42175,Missing Parts,3.5
42183,No New Category,3.5
42184,Late Delivery,4.0
42194,Late Delivery,3.5
42231,Missing Parts,3.5
42236,Bom produto,1.0
42243,Late Delivery,3.5
42246,Late Delivery,3.5
42247,Late Delivery,3.5
42250,Late Delivery,3.5
42260,Poor Quality,4.0
42261,Wrong Item,4.0
42264,Late Delivery,3.5
42274,Wrong Item,3.5
42283,Item Not Received,2.5
42285,INVENT,3.5
42290,Late Delivery,3.5
42291,Late Delivery,3.5
42292,Damaged Goods,4.0
42312,INVENT,3.5
42313,Missing Parts,3.5
42323,Wrong Item,4.0
42325,Late Delivery,3.5
42333,Late Delivery,3.5
42341,Entrega Incompleta,4.0
42345,Late Delivery,3.5
42359,Missing Parts,4.0
42362,Pouch Failure,4.0
42363,Product Non-Functional,4.0
42364,Late Delivery,3.5
42369,Wrong Item,4.0
42376,INVENT,3.5
42393,Late Delivery,3.5
42394,Misleading Content,3.5
42404,INVENT,1.0
42405,Wrong Item,4.0
42409,Late Delivery,4.0
42415,Late Delivery,3.5
42418,Wrong Item,3.5
42420,Late Delivery,4.0
42439,Poor Quality,3.5
42445,Late Delivery,3.5
42471,Missing Parts,3.5
42474,Payment Error,3.5
42485,Wrong Item,4.0
42489,Poor Quality,4.0
42498,Late Delivery,4.0
42511,Poor Quality,3.5
42518,Frustration,3.5
42519,Late Delivery,3.5
42522,Missing Parts,3.5
42532,Missing Parts,4.0
42539,Entregue no prazo,1.0
42558,Wrong Item,4.0
42559,Communication Issues,3.5
42561,Missing Parts,3.5
42565,Late Delivery,3.5
42579,Late Delivery,4.0
42587,Late Delivery,3.5
42596,Late Delivery,3.5
42605,Missing Parts,4.0
42610,Late Delivery,3.5
42614,No Arrival,5.0
42620,Late Delivery,3.5
42625,Frustration,3.5
42630,Missing Parts,3.5
42638,Wrong Item,4.0
42649,Wrong Item,4.0
42660,Late Delivery,3.5
42664,Missing Details,3.5
42667,Poor Quality,3.5
42675,Missing Parts,3.5
42685,Late Delivery,3.5
42692,No Expectations,3.5
42697,Wrong Item,4.0
42710,Late Delivery,3.5
42711,Wrong Item,3.5
42715,Missing Parts,3.5
42725,Late Delivery,3.5
42746,Missing Parts,3.5
42747,Poor Quality,3.0
42759,Poor Quality,4.0
42779,Missing Parts,3.5
42781,Late Delivery,3.5
42792,Wrong Item,4.0
42806,Late Delivery,4.0
42810,Late Delivery,3.5
42830,Late Delivery,3.5
42842,Good Product Quality,1.0
42850,Late Delivery,3.5
42852,Late Delivery,4.0
42853,Missing Parts,4.0
42855,Late Delivery,4.0
42858,Late Delivery,3.5
42862,Late Delivery,3.5
42864,Late Delivery,4.0
42876,Late Delivery,3.5
42882,Missing Parts,3.5
42896,Late Delivery,4.0
42901,Rude Courier,3.5
42921,Wrong Item,4.0
42940,Wrong Item,4.0
42951,Late Delivery,4.0
42960,Poor Quality,3.5
42961,Poor Quality,3.5
42966,Not Received,5.0
42967,Software Issue,3.5
42984,Wrong Item,4.0
43012,Wrong Item,4.0
43023,Late Delivery,4.0
43025,Not Received,3.5
43026,NA,1.0
43029,Late Delivery,3.5
43044,Wrong Item,4.0
43046,Wrong Item,4.0
43058,Wrong Item,3.5
43059,INVENT,2.5
43060,Late Delivery,4.0
43064,Late Delivery,3.5
43069,No Issue Found,1.0
43072,No Issue,1.0
43075,Late Delivery,3.5
43078,Missing Parts,3.5
43080,Missing Parts,3.5
43095,INVENT,3.5
43100,Lack of Delivery,5.0
43118,Wrong Item,3.5
43126,Wrong Item,4.0
43130,Late Delivery,3.5
43138,Late Delivery,4.0
43140,Late Delivery,3.5
43142,Unable to Assign,3.5
43156,Late Delivery,4.0
43158,Late Delivery,3.5
43161,INVENT,3.5
43171,Wrong Item,4.0
43176,INVENT,3.5
43177,Damaged Goods,3.5
43178,Surprise Delivery,3.5
43187,Late Delivery,3.5
43189,INVENT,3.5
43194,Poor Quality,4.0
43199,Pedido Incompleto,3.5
43225,Não Recebido,4.0
43231,Missing Parts,4.0
43234,Late Delivery,3.5
43242,Late Delivery,3.5
43247,INVENT,1.0
43250,Damaged Goods,3.5
43251,N/A,1.0
43262,Late Delivery,3.5
43267,Not Received,5.0
43271,Late Delivery,3.5
43281,Late Delivery,4.0
43295,Late Delivery,3.5
43301,Late Delivery,3.5
43310,Missing Parts,3.5
43316,Inconvenience,3.5
43317,Wrong Item,3.5
43322,Late Delivery,3.5
43327,No Issue Found,1.0
43333,INVENT,1.0
43336,Wrong Item,4.0
43338,Missing Parts,3.5
43339,Quality Variance,3.5
43344,Wrong Item,4.0
43348,Missing Parts,3.5
43357,Late Delivery,3.5
43360,Missing Parts,3.5
43361,Missing Parts,4.0
43362,Functionality Issues,3.5
43380,INVENT,3.5
43381,No Delivery,5.0
43384,Late Delivery,2.0
43386,Wrong Item,4.0
43390,No Appropriate Category,1.0
43392,"Loja excelente, mas o produto ",2.5
43397,Late Delivery,3.5
43401,Wrong Item,3.5
43403,Late Delivery,3.5
43408,Late Delivery,3.5
43417,Wrong Item,4.0
43432,INVENT,1.0
43433,Wrong Item,4.0
43437,Late Delivery,4.0
43448,Wrong Item,4.0
43464,Missing Parts,4.0
43473,Late Delivery,3.5
43474,Late Delivery,3.5
43478,None of the given categories fit. Invent Category,2.5
43490,Wrong Item,4.0
43494,Wrong Item,3.5
43502,Wrong Item,3.5
43505,Late Delivery,3.5
43524,INVENT,3.5
43531,Late Delivery,4.0
43533,Missing Parts,4.0
43543,Late Delivery,3.5
43545,None of the provided categories fit. Invent Category,2.5
43550,Wrong Item,4.0
43553,Late Delivery,4.0
43556,Damaged Goods,3.5
43558,Late Delivery,4.0
43559,Late Delivery,3.5
43568,Wrong Item,3.5
43584,No Delivery,5.0
43587,Wrong Item,4.0
43593,Price Incorrect,4.0
43601,Rude Courier,3.5
43621,Late Delivery,3.5
43623,Wrong Item,3.5
43624,Wrong Item,4.0
43633,Fraud,5.0
43637,Item Never Arrived,5.0
43638,Late Delivery,3.5
43643,Wrong Item,3.5
43650,Poor Quality,4.0
43655,Not Received,5.0
43690,INVENT,1.0
43709,Missing Parts,3.5
43711,No Delivery,3.0
43717,Missing Parts,3.5
43738,Late Delivery,4.0
43740,Wrong Item,4.0
43742,Late Delivery,3.5
43773,Wrong Item,4.0
43779,Late Delivery,3.5
43803,Late Delivery,3.5
43804,Late Delivery,4.0
43805,INVENT,3.5
43833,Wrong Item,4.0
43839,Wrong Item,4.0
43852,Wrong Item,4.0
43858,INVENT,3.5
43866,Delayed Arrival,3.5
43871,Wrong Item,3.5
43878,Wrong Item,4.0
43879,Late Delivery,3.5
43885,Missing Parts,4.0
43899,INVENT,3.5
43901,Fraud,5.0
43910,Late Delivery,3.5
43913,No New Category,3.5
43917,Wrong Item,4.0
43920,No Issue Found,1.0
43921,Late Delivery,3.5
43942,Wrong Item,3.5
43944,Late Delivery,3.5
43948,Late Delivery,3.5
43952,Missing Parts,4.0
43953,Missing Parts,4.0
43961,INVENT,3.5
43964,Cancelled Purchase,3.5
43968,Damaged Goods,3.5
43969,Produto Quebrado,4.0
43973,Late Delivery,4.0
43993,INVENT,3.5
43997,No Product Received,5.0
43999,Late Delivery,4.0
44008,Wrong Item,4.0
44009,Wrong Item,3.5
44012,Missing Parts,4.0
44026,Damaged Goods,3.5
44034,Missing Parts,4.0
44039,Wrong Item,3.5
44056,Pouch Defect,3.5
44057,Wrong Item,3.5
44062,Late Delivery,4.0
44070,Late Delivery,3.5
44080,Poor Quality,4.0
44087,INVENT,1.0
44097,Wrong Item,4.0
44099,Product Fraud,5.0
44103,Wrong Item,4.0
44104,Late Delivery,3.5
44106,Missing Parts,3.5
44112,Late Delivery,3.5
44114,Late Delivery,4.0
44118,INVENT,3.5
44123,Late Delivery,4.0
44131,Late Delivery,4.0
44139,Rude Response,3.5
44143,Late Delivery,3.5
44157,Wrong Item,4.0
44161,Late Delivery,3.5
44171,INVENT,1.0
44172,Cancelled Product,3.5
44176,Late Delivery,3.5
44179,Missing Parts,3.5
44192,Late Delivery,3.5
44193,Wrong Item,4.0
44201,Missing Parts,3.5
44208,Not Received,5.0
44211,Late Delivery,3.5
44217,Late Delivery,3.5
44219,Late Delivery,3.5
44220,Poor Quality,4.0
44227,Late Delivery,3.5
44228,Late Delivery,4.0
44245,No Fit,1.0
44246,Wrong Item,4.0
44252,Late Delivery,3.5
44258,Pobre Qualidade,3.5
44261,Wrong Item,4.0
44262,Late Delivery,3.5
44269,Late Delivery,3.5
44270,Quality,4.0
44271,Late Delivery,3.5
44280,Late Delivery,3.5
44291,Late Delivery,3.5
44297,Late Delivery,3.5
44304,Quality,4.0
44310,Absurdo,5.0
44315,Wrong Item,3.5
44317,Missing Parts,3.5
44318,Missing Parts,3.5
44353,Late Delivery,3.5
44363,Late Delivery,3.5
44384,Poor Quality,3.0
44398,Sem Preparação,3.5
44399,Poor Quality,3.5
44401,No Fit,1.0
44413,Wrong Item,3.5
44414,Wrong Item,3.5
44416,Late Delivery,3.5
44417,INVENT,3.5
44427,No Issue,1.0
44438,Delayed Cancellation,4.0
44440,Missing Parts,3.5
44445,Late Delivery,3.5
44462,Missing Parts,3.5
44465,Pessimo,5.0
44471,Late Delivery,3.5
44477,Poor Quality,3.5
44482,Poor Quality,3.5
44484,Counterfeit Part,4.0
44491,Poor Quality,3.0
44494,Late Delivery,3.5
44496,Wrong Item,4.0
44497,Wrong Item,4.0
44499,Wrong Item,3.5
44505,Wrong Item,4.0
44513,Rude Courier,3.5
44515,Missing Parts,4.0
44535,Wrong Item,4.0
44540,Poor Quality,3.0
44543,Late Delivery,3.5
44549,Late Delivery,4.0
44551,Late Delivery,3.5
44556,Late Delivery,3.5
44557,Late Delivery,3.5
44565,Late Delivery,3.5
44572,Late Delivery,3.5
44581,Late Delivery,4.0
44588,Poor Quality,3.5
44596,Poor Quality,3.5
44604,Wrong Item,4.0
44605,No Delivery,4.0
44607,Late Delivery,4.0
44626,Péssimos...,4.0
44630,Wrong Item,3.5
44644,Late Delivery,3.5
44649,INVENT,1.0
44652,Late Delivery,4.0
44654,INVENT,2.0
44659,Late Delivery,3.5
44667,Wrong Item,3.5
44672,Missing Parts,3.5
44684,Late Delivery,3.5
44689,Late Delivery,3.5
44695,Wrong Item,4.0
44704,Wrong Item,4.0
44708,Color Mismatch,4.0
44711,Late Delivery,3.5
44713,INVENT,3.5
44729,Late Delivery,3.5
44733,No Category,1.0
44744,Missing Parts,3.5
44749,Missing Parts,3.5
44754,Late Delivery,3.5
44755,Missing Parts,3.5
44761,Missing Items,4.0
44769,Late Delivery,3.5
44770,No Arrival,5.0
44771,Late Delivery,3.5
44776,Poor Quality,3.5
44788,Produto Não Entregue,4.0
44794,Wrong Item,4.0
44797,Late Delivery,3.5
44801,Wrong Item,4.0
44824,Missing Parts,3.5
44832,Late Delivery,3.5
44838,Broken,4.0
44841,Poor Quality,3.5
44849,Produto conforme descrito,1.0
44868,INVENT,1.0
44885,Poor Quality,3.0
44908,Missing Parts,3.5
44911,Non Functional Product,4.0
44916,Produto Não Recebido,5.0
44924,Late Delivery,3.5
44945,Wrong Item,4.0
44948,Invent,3.5
44951,Rude Courier,3.5
44954,Late Delivery,3.5
44968,Late Delivery,2.0
44980,Wrong Item,3.5
44985,Missing Parts,3.5
44987,Late Delivery,1.0
44994,Late Delivery,3.5
44999,Wrong Item,4.0
45009,INVENT,1.0
45016,Wrong Item,3.0
45021,Missing Parts,3.5
45029,Critical Failure / Scam,5.0
45035,Produto Danificado,4.0
45036,Late Delivery,3.5
45044,INVENT,3.5
45047,Wrong Item,4.0
45053,Not Received,5.0
45055,Missing Parts,3.5
45057,Wrong Item,4.0
45062,No Delivery,4.0
45065,Missing Parts,3.5
45066,Non Funciona,4.0
45070,Late Delivery,3.5
45075,Non Functional Product,4.0
45079,No Fit,1.0
45083,Wrong Item,4.0
45090,Food Safety Issue,4.0
45091,Weak Fasteners,3.5
45106,Missing Parts,3.5
45112,Late Delivery,4.0
45113,Inappropriate Handling,4.0
45118,Late Delivery,3.5
45119,Wrong Item,3.5
45134,Wrong Item,4.0
45142,Late Delivery,3.5
45146,Late Delivery,4.0
45158,Late Delivery,3.5
45159,Poor Quality,3.5
45161,Misalignment,3.5
45163,Missing Parts,3.5
45166,Color Mismatch,3.5
45172,INVENT,3.5
45174,Poor Quality,3.5
45175,Wrong Item,4.0
45177,Wrong Item,4.0
45178,INVENT,3.5
45179,Late Delivery,3.5
45181,Wrong Item,4.0
45205,Late Delivery,3.5
45206,Missing Parts,3.5
45210,Late Delivery,4.0
45212,Missing Parts,3.5
45213,Late Delivery,3.5
45217,No Rating,1.0
45222,Wrong Item,4.0
45223,Funcionalidade Defectiva,3.5
45232,No Issue,1.0
45245,INVENT,3.5
45272,INVENT,3.5
45287,INVENT,3.5
45290,Insatisfação Negativo,3.5
45294,Incompatibilidade Cartucho,3.5
45298,Late Delivery,3.5
45302,Late Delivery,3.5
45307,Late Delivery,3.5
45317,Late Delivery,4.0
45335,Missing Parts,3.5
45345,Category,2.5
45348,Late Delivery,4.0
45349,Rude Courier,3.5
45357,Late Delivery,3.5
45374,Late Delivery,4.0
45376,Poor Quality,4.0
45377,Late Delivery,4.0
45385,Late Delivery,3.5
45387,No Issue Found,1.0
45391,Late Delivery,3.5
45397,Late Delivery,3.5
45403,Late Delivery,4.0
45408,Late Delivery,4.0
45411,Poor Quality,3.5
45425,Poor Quality,3.5
45428,Wrong Item,4.0
45438,Late Delivery,1.0
45451,Missing Parts,3.5
45453,Missing Parts,3.5
45469,No Delivery,5.0
45470,'...',2.5
45474,Late Delivery,3.5
45476,Late Delivery,3.5
45478,Late Delivery,3.5
45488,Misaligned,3.5
45506,Late Delivery,3.5
45510,Late Delivery,1.0
45525,INVENT,1.0
45528,Produto Incompleto,2.5
45541,Late Delivery,3.5
45542,Late Delivery,3.5
45549,Missing Parts,3.5
45550,Wrong Item,4.0
45555,Late Delivery,4.0
45570,Missing Parts,3.5
45576,Sempre comprei na loja nunca tive problemas...,1.0
45585,Dental Issue,3.5
45586,Late Delivery,4.0
45588,Wrong Item,3.5
45589,Poor Quality,4.0
45590,Color Mismatch,3.5
45591,Late Delivery,4.0
45599,Late Delivery,3.5
45605,Missing Parts,3.5
45612,Late Delivery,3.5
45616,Missing Parts,3.5
45619,Wrong Item,4.0
45620,INVENT,2.0
45622,Late Delivery,3.5
45652,No Fit,3.5
45660,Late Delivery,3.5
45664,Poor Quality,3.5
45666,Missing Parts,3.5
45674,Late Delivery,5.0
45685,Wrong Item,4.0
45693,INVENT,3.5
45694,Late Delivery,4.0
45704,Defective Product,4.0
45708,Late Delivery,3.5
45709,INVENT,2.0
45712,Missing Parts,3.5
45715,Wrong Item,4.0
45729,No Fit,1.0
45749,No Fit,1.0
45751,Late Delivery,3.5
45768,Wrong Item,4.0
45774,INVENT,3.5
45777,Unresolved Issue,3.5
45783,Missing Parts,3.5
45788,Poor Quality,3.5
45790,Late Delivery,4.0
45792,Late Delivery,3.5
45799,Inquiry Not Responded To,3.5
45808,Wrong Item,4.0
45815,Product Variance,3.5
45824,Missing Parts,3.5
45826,Product Not Available,4.0
45832,Missing Parts,3.5
45833,Late Delivery,4.0
45834,Late Delivery,4.0
45878,Wrong Item,3.5
45882,Produto péssimo,4.0
45884,Late Delivery,3.5
45886,Frete Caro,3.5
45910,Late Delivery,4.0
45911,No Feedback Provided,1.0
45913,Communication Issue,3.5
45914,Late Delivery,3.5
45917,Urgent Resolution,4.0
45918,Late Delivery,3.5
45919,Scratches,3.5
45926,No Issue Found,1.0
45928,No Issue,1.0
45946,Satisfeita,1.0
45961,Late Delivery,3.5
45964,Late Delivery,3.5
45965,Late Delivery,3.5
45977,Chưa giao đúng sản phẩm,2.5
45979,Late Delivery,3.5
45981,Missing Parts,4.0
45983,Not Received,5.0
45984,Missing Parts,3.5
45985,Late Delivery,3.5
45987,Missing Parts,4.0
45993,Leaking Product,4.0
45997,Late Delivery,3.5
46000,Late Delivery,3.5
46005,Late Delivery,4.0
46008,Dirty Product,4.0
46027,Wrong Item,4.0
46036,Counterfeit Product,4.0
46037,Veio tudo certo,1.0
46039,Late Delivery,3.5
46042,Entregue corretamente,1.0
46046,Late Delivery,3.5
46049,INVENT,3.5
46054,Color Mismatch,3.5
46064,Wrong Item,4.0
46065,Wrong Item,4.0
46066,Expired Products,4.0
46070,Wrong Item,4.0
46080,Late Delivery,3.5
46098,Wrong Item,3.5
46101,Missing Parts,3.5
46105,Wrong Item,3.5
46107,Late Delivery,3.5
46121,Wrong Item,4.0
46124,Falta de consideração com o cliente.,3.5
46131,Wrong Item,4.0
46132,Late Delivery,3.5
46137,Late Delivery,4.0
46144,Late Delivery,3.5
46145,Category,2.5
46149,Rude Courier,3.5
46158,Missing Parts,3.5
46163,Late Delivery,3.5
46178,Late Delivery,3.5
46180,Produto Inferior,4.0
46195,Wrong Item,3.5
46201,No Delivery,5.0
46203,Late Delivery,3.5
46207,Poor Quality,4.0
46220,Fit for Purpose,3.5
46226,No Delivery,5.0
46231,Missing Parts,3.5
46232,Late Delivery,3.5
46240,Missing Parts,4.0
46241,Late Delivery,3.5
46250,Missing Parts,4.0
46257,Inavalidation,3.5
46258,Late Delivery,4.0
46261,Wrong Item,4.0
46262,Wrong Item,3.5
46263,INVENT,1.0
46264,Pouco Qualidade,3.5
46265,Not Received,5.0
46277,Late Delivery,3.5
46286,Late Delivery,3.5
46287,Produto Falsificado,5.0
46288,Late Delivery,3.5
46290,No Delivery,5.0
46300,INVENT,1.0
46302,INVENT,3.5
46305,No Received,5.0
46306,Damaged Goods,4.0
46310,Late Delivery,3.5
46312,No Delivery,5.0
46316,Missing Parts,3.5
46325,Damaged Goods,4.0
46330,Negatively Incorrect Color,3.5
46334,Rude Courier,3.5
46335,Category,2.5
46336,Wrong Item,3.5
46345,INVENT,1.0
46350,Late Delivery,3.5
46351,Late Delivery,3.5
46359,Late Delivery,3.5
46371,Não Recomendado,3.5
46378,INVENT,3.5
46381,Damaged Goods,4.0
46389,Poor Quality,3.5
46406,Wrong Item,3.5
46410,Late Delivery,3.5
46412,Wrong Item,3.5
46414,Wrong Item,4.0
46415,Late Delivery,4.0
46420,Late Delivery,4.0
46427,Late Delivery,4.0
46437,Wrong Item,4.0
46445,Poor Quality,3.5
46451,Late Delivery,3.5
46454,Late Delivery,4.0
46470,Poor Quality,3.0
46492,Late Delivery,3.5
46493,No Issue Found,1.0
46501,Late Delivery,4.0
46507,Late Delivery,3.5
46512,Missing Parts,3.5
46513,Late Delivery,3.5
46514,No Contact Information,3.5
46516,Wrong Item,3.5
46518,Wrong Item,3.5
46527,Missing Parts,3.5
46538,Wrong Item,4.0
46539,Late Delivery,4.0
46541,Late Delivery,3.5
46544,Late Delivery,3.5
46546,Missing Parts,3.5
46547,Missing Parts,3.5
46553,Wrong Item,3.5
46560,Late Delivery,3.5
46561,Wrong Item,3.5
46573,Missing Parts,3.5
46574,Late Delivery,3.5
46579,N/A,3.5
46599,Late Delivery,4.0
46607,Wrong Item,3.5
46610,Late Delivery,3.5
46615,Late Delivery,4.0
46620,Wrong Item,4.0
46626,Late Delivery,3.5
46627,Poor Quality,4.0
46631,Late Delivery,3.5
46633,INVENT,3.5
46636,Late Delivery,2.0
46637,Wrong Item,3.5
46639,Cancelled Order,2.0
46643,Fraud,5.0
46651,Late Delivery,3.5
46679,Poor Quality,4.0
46680,Wrong Item,4.0
46681,Late Delivery,4.0
46695,Missing Parts,3.5
46701,Wrong Item,3.5
46772,Missing Parts,3.5
46778,Late Delivery,4.0
46783,Missing Parts,3.5
46792,Chato e pagar o frete,3.5
46816,Late Delivery,3.5
46824,Wrong Item,3.5
46830,Late Delivery,3.5
46833,No Issue,1.0
46835,Wrong Item,3.5
46842,INVENT,3.5
46845,Not Received,5.0
46846,Wrong Item,4.0
46850,Missing Parts,3.5
46862,Wrong Item,4.0
46865,Misnamed,3.5
46878,Wrong Item,3.5
46892,Nao Eficiente,3.5
46904,Poor Quality,4.0
46907,Wrong Item,3.5
46914,No Estoque,4.0
46920,Language Barrier,3.5
46926,Entrega incompleta,3.5
46933,Late Delivery,3.5
46965,Wrong Item,4.0
46971,Late Delivery,3.5
46974,Rough Packaging,3.5
46975,INVENT,3.5
46976,Late Delivery,3.5
47003,Late Delivery,4.0
47013,Late Delivery,3.5
47020,Missing Parts,4.0
47034,Missing Parts,3.5
47035,INVENT,3.5
47057,Late Delivery,3.5
47061,Wrong Item,4.0
47064,Wrong Item,3.5
47065,Not Notified,3.5
47067,Missing Parts,3.5
47073,Damaged Goods,3.5
47086,Late Delivery,3.5
47102,Late Delivery,3.5
47110,Poor Quality,3.5
47113,Late Delivery,3.5
47116,Late Delivery,3.5
47122,Late Delivery,3.5
47135,Late Delivery,3.5
47138,Wrong Item,4.0
47150,Wrong Item,3.5
47151,Missing Parts,3.5
47153,Used Product,4.0
47161,Wrong Item,4.0
47164,Wrong Item,4.0
47166,Missing Parts,3.5
47174,Missing Parts,3.5
47178,Late Delivery,4.0
47179,Late Delivery,3.5
47180,Defective Product,3.5
47183,Wrong Item,4.0
47189,No Fit,1.0
47200,Wrong Item,4.0
47203,Insuficiente,3.5
47208,Missing Parts,3.5
47217,Poor Quality,4.0
47219,Late Delivery,3.5
47222,Late Delivery,3.5
47230,Late Delivery,4.0
47241,Wrong Item,4.0
47250,Late Delivery,4.0
47286,Wrong Item,3.5
47292,Damaged Goods,4.0
47293,Late Delivery,3.5
47295,Fraude,5.0
47323,Porcariaaaaa,5.0
47324,Fit for Purpose,3.5
47338,Late Delivery,3.5
47342,Late Delivery,3.5
47344,Late Delivery,3.5
47346,Late Delivery,4.0
47355,Wrong Item,4.0
47359,Late Delivery,3.5
47364,Late Delivery,3.5
47370,Color Mismatch,2.5
47378,Damaged Goods,4.0
47382,Late Delivery,3.5
47383,Late Delivery,3.5
47384,Misaligned,3.5
47387,Late Delivery,3.5
47390,Good Experience,1.0
47426,Late Delivery,3.5
47437,Late Delivery,3.5
47439,Late Delivery,4.0
47444,Wrong Item,4.0
47459,Late Delivery,3.5
47462,Wrong Item,4.0
47471,Late Delivery,4.0
47477,Late Delivery,3.5
47478,Não recebi,5.0
47494,Late Delivery,3.5
47497,Damaged Goods,4.0
47505,Satisfied Purchase,1.0
47514,Poor Quality,4.0
47526,Late Delivery,4.0
47528,INVENT,3.5
47534,Late Delivery,3.5
47536,Wrong Item,4.0
47537,Poor Quality,4.0
47539,INVENT,1.0
47540,Wrong Item,4.0
47543,Late Delivery,4.0
47553,Late Delivery,3.5
47555,Wrong Item,3.5
47560,Late Delivery,4.0
47563,Late Delivery,3.5
47568,Missing Parts,4.0
47572,Missing Parts,3.5
47573,Not Delivered,4.0
47574,Missing Parts,3.5
47578,Late Delivery,4.0
47583,Wrong Item,4.0
47586,Late Delivery,3.5
47587,Wrong Item,4.0
47590,Not Received,5.0
47594,Wrong Item,3.5
47599,INVENT,3.5
47601,Incompatible Product,4.0
47603,Late Delivery,3.5
47614,Defective Packaging,3.5
47621,Late Delivery,3.5
47625,Late Delivery,3.5
47634,Wrong Item,3.5
47639,Late Delivery,4.0
47647,Wrong Item,4.0
47655,Wrong Item,4.0
47660,INVENT,3.5
47662,Late Delivery,3.5
47664,Late Delivery,3.5
47671,Late Delivery,3.5
47680,Late Delivery,3.5
47692,Não Recebido,3.5
47700,Late Delivery,3.5
47711,Poor Quality,4.0
47716,Missing Parts,4.0
47728,Wrong Item,4.0
47731,Missing Parts,4.0
47737,No Pedido Canceleado,3.5
47751,Wrong Item,4.0
47758,Wrong Item,4.0
47762,Late Delivery,3.5
47766,Late Delivery,3.5
47783,Wrong Item,4.0
47792,Late Delivery,4.0
47808,Late Delivery,4.0
47809,Late Delivery,3.5
47816,Product Fraud,5.0
47817,Missing Parts,3.5
47826,Poor Quality,3.0
47845,Wrong Item,4.0
47853,Late Delivery,3.5
47868,Late Delivery,3.5
47869,INVENT,3.5
47874,Late Delivery,4.0
47885,Late Delivery,3.5
47892,Late Delivery,3.5
47907,Wrong Item,4.0
47909,Late Delivery,4.0
47912,Late Delivery,3.5
47921,Missing Parts,3.5
47925,INVENT,3.5
47929,Poor Quality,4.0
47942,Wrong Item,4.0
47944,Wrong Item,4.0
47956,Late Delivery,3.5
47959,Wrong Item,4.0
47966,Wrong Item,3.5
47972,Entregue corretamente,1.0
47978,Missing Parts,3.5
47979,Late Delivery,3.5
48000,Late Delivery,3.5
48011,Late Delivery,3.5
48012,Missing Parts,3.5
48019,Late Delivery,3.5
48031,Late Delivery,2.5
48035,Wrong Item,3.5
48038,Wrong Item,4.0
48043,Pouco Qualidade,3.5
48049,Late Delivery,3.5
48053,Missing Parts,3.5
48054,Wrong Item,4.0
48059,Poor Quality,4.0
48072,Wrong Item,4.0
48080,Wrong Item,4.0
48087,Produto Não Encontrado,2.5
48089,Late Delivery,4.0
48093,No Delivery,5.0
48094,Late Delivery,3.5
48105,Rude Courier,3.5
48113,Missing Parts,3.5
48115,Late Delivery,3.5
48119,Poor Quality,3.0
48122,Wrong Item,3.5
48126,Color Mismatch,3.5
48129,Late Delivery,3.5
48130,Late Delivery,3.5
48140,Wrong Item,3.5
48143,Late Delivery,3.5
48144,Wrong Item,3.5
48154,Late Delivery,3.5
48159,Late Delivery,4.0
48171,No Delivery,5.0
48192,Poor Quality,4.0
48202,Wrong Item,3.5
48203,Wrong Item,4.0
48211,No Issue,1.0
48213,Missing Parts,3.5
48214,Poor Quality,3.0
48222,INVENT,3.5
48223,Poor Quality,3.5
48227,Late Delivery,3.5
48230,No New Category,4.0
48231,Late Delivery,3.5
48234,Late Delivery,3.5
48241,Wrong Item,4.0
48253,No Issue,1.0
48256,Missing Parts,3.5
48257,Chegou bem,1.0
48258,Late Delivery,3.5
48264,Wrong Item,3.5
48268,Poor Quality,4.0
48270,Late Delivery,4.0
48282,Missing Parts,3.5
48296,Missing Parts,3.5
48303,Late Delivery,4.0
48333,Late Delivery,3.5
48344,Late Delivery,3.5
48351,Poor Quality,4.0
48363,Wrong Item,4.0
48366,Wrong Item,4.0
48368,Wrong Item,4.0
48372,Late Delivery,3.5
48375,N/A,3.5
48386,Wrong Item,3.5
48412,Wrong Item,3.5
48444,Late Delivery,3.5
48459,Late Delivery,3.5
48471,Produto Ruim,4.0
48481,Not Provided,3.5
48501,Wrong Item,3.5
48502,Late Delivery,3.5
48507,Missing Parts,3.5
48510,Late Delivery,3.5
48525,Wrong Item,3.5
48535,Poor Quality,3.5
48542,Late Delivery,3.5
48544,Invent Category,2.5
48548,Late Delivery,3.5
48551,Late Delivery,3.5
48561,Late Delivery,4.0
48563,Late Delivery,3.5
48565,Late Delivery,3.5
48566,Poor Quality,4.0
48576,Late Delivery,3.5
48602,Late Delivery,3.5
48604,Late Delivery,3.5
48605,Descaso Total,4.0
48617,Delayed Refund,3.5
48620,Late Delivery,4.0
48631,Wrong Item,3.5
48634,Wrong Item,4.0
48651,Late Delivery,3.5
48659,Missing Parts,3.5
48663,No Fit,1.0
48675,Wrong Item,3.5
48681,Wrong Item,3.0
48682,INVENT,3.5
48701,INVENT,3.5
48702,Late Delivery,3.5
48709,Missing Parts,3.5
48710,INVENT,3.5
48716,Missing Parts,3.5
48717,Late Delivery,4.0
48720,Wrong Item,3.5
48730,Late Delivery,3.5
48742,Late Delivery,3.5
48745,Late Delivery,3.5
48750,Late Delivery,2.0
48751,Late Delivery,4.0
48752,Missing Parts,3.5
48759,Wrong Item,4.0
48762,Wrong Item,3.5
48774,Missing Parts,4.0
48780,Late Delivery,3.5
48782,Missing Parts,3.5
48791,Wrong Item,3.5
48795,Poor Quality,3.5
48796,Missing Parts,3.5
48798,Late Delivery,3.5
48803,Cancelled Order,3.5
48805,Wrong Item,4.0
48808,Late Delivery,3.5
48813,Late Delivery,3.5
48815,Late Delivery,3.5
48829,Missing Parts,3.5
48830,Missing Parts,3.5
48837,Produto Defeituoso,4.0
48839,Late Delivery,3.5
48849,Customer Review Not Provided,2.5
48852,Wrong Item,3.5
48871,Missing Parts,4.0
48876,Late Delivery,3.5
48881,Late Delivery,4.0
48888,Wrong Item,4.0
48893,Late Delivery,3.5
48900,Late Delivery,3.5
48902,Misinformation,4.0
48905,Late Delivery,3.5
48909,Late Delivery,3.5
48910,Péssimo e gosto horrível!,5.0
48920,Not Received All Items,3.5
48922,Wrong Item,4.0
48925,Late Delivery,3.5
48929,Wrong Item,4.0
48939,Wrong Item,3.5
48960,Late Delivery,3.5
48974,Produto de péssima qualidade,4.0
48976,Late Delivery,3.5
48979,Late Delivery,3.5
48986,No Fit,1.0
48988,Missing Parts,3.5
48995,Late Delivery,3.5
49004,Late Delivery,4.0
49011,Missing Parts,3.5
49016,Lost Customer,3.5
49017,Missing Parts,3.5
49020,Category,2.5
49027,No Delivery,5.0
49035,Defective Products,4.0
49039,Late Delivery,3.5
49042,Not Received,5.0
49053,Late Delivery,3.5
49056,Missing Parts,3.5
49071,INVENT,3.5
49072,Não Encontrado,3.5
49081,Wrong Item,4.0
49083,Missing Parts,2.0
49084,Late Delivery,3.5
49085,Late Delivery,3.5
49087,Late Delivery,3.5
49092,Late Delivery,3.5
49094,Poor Quality,4.0
49105,Wrong Item,4.0
49113,Missing Parts,3.5
49115,Late Delivery,3.5
49125,Wrong Item,4.0
49132,Late Delivery,1.0
49133,Poor Quality,3.5
49137,Poor Quality,3.5
49138,Wrong Item,3.5
49140,Late Delivery,3.5
49143,Late Delivery,4.0
49145,Wrong Item,4.0
49148,Item Never Arrived,5.0
49151,Late Delivery,3.5
49154,Late Delivery,3.5
49159,Late Delivery,3.5
49165,Late Delivery,4.0
49168,Wrong Item,4.0
49169,Wrong Item,4.0
49173,Wrong Item,3.5
49174,No Item,5.0
49175,Delayed Delivery,3.5
49214,INVENT,3.5
49225,Late Delivery,3.5
49226,Wrong Item,4.0
49256,Produto Ruim,4.0
49269,Late Delivery,3.5
49281,Missing Parts,4.0
49285,Missing Parts,3.5
49292,Produto Vazando,3.5
49295,Late Delivery,3.5
49296,Mislabelled,3.5
49314,Price Mismatch,3.5
49333,Late Delivery,3.5
49339,INVENT,1.0
49344,Missing Parts,4.0
49357,Poor Quality,3.5
49359,Missing Parts,3.5
49361,Late Delivery,3.5
49362,Late Delivery,3.5
49365,Wrong Item,3.5
49366,Péssimo,5.0
49372,Wrong Item,3.5
49378,Late Delivery,3.5
49381,Non Arrival,5.0
49383,No Fit,2.5
49384,Missing Parts,4.0
49395,Late Delivery,3.5
49396,Counterfeit Product,3.5
49406,Late Delivery,3.5
49440,Wrong Item,3.5
49444,Poor Quality,4.0
49448,Chemical Off-Gassing,4.0
49451,No Delivery Information,4.0
49452,Wrong Item,4.0
49458,Late Delivery,3.5
49468,Late Delivery,3.5
49474,Late Delivery,3.5
49475,Wrong Item,3.5
49484,Wrong Item,4.0
49486,Late Delivery,3.5
49489,Incompleto,3.5
49492,Late Delivery,3.5
49505,INVENT,1.0
49521,Wrong Item,4.0
49522,Late Delivery,3.5
49526,Delayed Delivery,3.5
49528,Missing Parts,3.5
49531,Late Delivery,3.5
49536,Late Delivery,3.5
49538,Wrong Item,3.5
49543,INVENT,3.5
49545,Late Delivery,3.5
49548,Poor Quality,4.0
49552,Late Delivery,3.5
49560,Late Delivery,1.0
49567,Late Delivery,3.5
49582,No Fit,1.0
49585,Missing Parts,3.5
49595,Late Delivery,3.5
49598,Late Delivery,3.5
49599,Late Delivery,3.5
49607,No Issue,1.0
49610,Wrong Item,3.5
49627,Poor Quality,4.0
49629,Late Delivery,3.5
49631,Poor Quality,3.5
49637,Late Delivery,4.0
49642,Wrong Item,4.0
49643,Corrosão,4.0
49645,Poor Quality,4.0
49653,Late Delivery,3.5
49655,Sneaky Material,4.0
49667,INVENT,2.0
49677,No Stock,3.5
49683,Late Delivery,3.5
49687,Wrong Item,4.0
49696,Late Delivery,3.5
49706,Late Delivery,3.5
49708,Wrong Item,4.0
49718,Late Delivery,3.5
49723,Late Delivery,4.0
49728,Poor Quality,3.5
49745,Wrong Item,3.5
49747,Late Delivery,3.5
49756,Missing Parts,3.5
49764,Late Delivery,3.5
49765,Missing Parts,3.5
49766,Não Recebido,4.0
49778,Material Frágil,4.0
49781,Wrong Item,3.5
49788,No Fit,1.0
49790,Missing Parts,3.5
49795,Late Delivery,4.0
49807,No Product Received,5.0
49809,Missing Parts,3.5
49818,Damaged Goods,3.5
49846,Misaligned,4.0
49861,No Issue,1.0
49870,Late Delivery,2.0
49876,Wrong Item,4.0
49888,Item Never Arrived,5.0
49894,INVENT,3.5
49901,Late Delivery,3.5
49911,Late Delivery,4.0
49923,Late Delivery,3.5
49932,Late Delivery,3.5
49943,Late Delivery,3.5
49955,Late Delivery,3.5
49956,Late Delivery,4.0
49962,Missing Parts,3.5
49970,Late Delivery,4.0
49971,Late Delivery,3.5
49974,Wrong Item,3.5
49978,Late Delivery,3.5
49979,Entrega muito eficiente,1.0
49986,Wrong Item,3.5
49995,INVENT,1.0
50005,INVENT,3.5
50007,Wrong Item,4.0
50011,Late Delivery,4.0
50031,Poor Quality,4.0
50032,Expired Product,3.5
50033,Late Delivery,3.5
50041,Late Delivery,3.5
50053,Late Delivery,4.0
50072,Wrong Item,4.0
50088,Missing Parts,3.5
50095,Missing Parts,4.0
50099,Late Delivery,3.5
50125,Poor Quality,4.0
50134,No Category,1.0
50153,No Delivery,5.0
50158,Late Delivery,4.0
50164,Late Delivery,4.0
50165,Cancelamento da Compra,4.0
50177,Não Ecebi Produtos,3.5
50194,Missing Parts,3.5
50199,Wrong Item,4.0
50200,Late Delivery,3.5
50205,Missing Parts,3.5
50206,No Recommendation,3.5
50216,Poor Quality,4.0
50218,Cancelled Order,3.5
50221,Rude Courier,3.5
50223,Late Delivery,4.0
50225,Missing Parts,3.5
50238,Wrong Item,4.0
50240,Pulseira,4.0
50252,Color Mismatch,3.5
50254,Wrong Item,4.0
50256,Poor Quality,4.0
50260,Late Delivery,3.5
50266,No Delivery,5.0
50271,Missing Parts,4.0
50276,INVENT,3.5
50298,Late Delivery,3.5
50299,Wrong Item,4.0
50303,Late Delivery,3.5
50308,Missing Parts,3.5
50309,Late Delivery,3.5
50315,Damaged Goods,4.0
50323,Late Delivery,4.0
50326,INVENT,3.5
50328,INVENT,1.0
50338,Wrong Item,3.5
50339,Poor Quality,3.5
50347,Targaryen,4.0
50355,Late Delivery,4.0
50376,Late Delivery,3.5
50377,Wrong Item,4.0
50380,Late Delivery,3.5
50382,Late Delivery,3.5
50385,No Delivery,4.0
50386,No Received Product,3.5
50393,Late Delivery,3.5
50398,Late Delivery,3.5
50414,Wrong Item,4.0
50420,Late Delivery,4.0
50424,Late Delivery,3.5
50427,Poor Quality,4.0
50434,Late Delivery,3.5
50444,Damaged Goods,4.0
50448,Missing Parts,3.5
50451,Late Delivery,3.5
50458,Late Delivery,3.5
50466,Produto Não Recebido,3.5
50470,Late Delivery,3.5
50474,Late Delivery,3.5
50480,Mal Embalado,3.5
50481,Late Delivery,4.0
50487,Missing Parts,4.0
50489,Late Delivery,3.5
50493,Late Delivery,3.5
50501,Wrong Item,3.5
50509,Late Delivery,3.5
50512,Wrong Item,4.0
50520,Missing Parts,3.5
50522,No Issue,1.0
50529,Not Gotten Product,3.5
50540,Damaged Goods,3.5
50549,No Issue,1.0
50554,INVENT,1.0
50561,Late Delivery,4.0
50563,Item Not Arrived,5.0
50579,Late Delivery,3.5
50589,Late Delivery,4.0
50591,Late Delivery,3.5
50594,Late Delivery,3.5
50608,Late Delivery,3.5
50609,Late Delivery,3.5
50611,Missing Parts,3.5
50614,Late Delivery,4.0
50616,INVENT,3.5
50617,Missing Parts,3.5
50618,Missing Parts,3.5
50619,Entrega,3.5
50620,Late Delivery,3.5
50627,Late Delivery,3.5
50629,Damaged Goods,3.5
50630,Not Provided,3.5
50632,Late Delivery,4.0
50641,Late Delivery,3.5
50646,Missing Parts,4.0
50653,Expiration Date Not Informalized,3.5
50654,Late Delivery,4.0
50664,Late Delivery,3.5
50670,Missing Parts,3.5
50674,Late Delivery,3.5
50679,Late Delivery,4.0
50682,Missing Parts,3.5
50683,Pessima Escolha,2.5
50695,Late Delivery,3.5
50699,Late Delivery,4.0
50702,Late Delivery,4.0
50712,Software Issue,3.5
50716,Poor Quality,3.5
50717,Late Delivery,4.0
50723,NAO_POSSO_AVALIAR,3.5
50732,Misdescription,3.5
50733,Produto Quebrado,4.0
50735,INVENT,3.5
50740,Late Delivery,4.0
50753,Late Delivery,3.5
50754,Wrong Item,4.0
50756,Wrong Item,4.0
50762,Wrong Item,4.0
50766,Late Delivery,3.5
50767,Wrong Item,3.5
50775,Wrong Item,3.5
50777,Late Delivery,3.5
50779,Wrong Item,4.0
50796,Missing Parts,3.5
50805,INVENT,3.5
50808,INVENT,3.5
50813,Late Delivery,4.0
50814,Late Delivery,3.5
50833,Late Delivery,4.0
50842,tudo ok,1.0
50870,INVENT,3.5
50876,Não Recebe Cores Pedidas,3.5
50880,INVENT,3.5
50883,Missing Parts,3.5
50889,No Arrival,5.0
50900,Late Delivery,3.5
50906,INVENT,3.5
50913,Missing Parts,3.5
50914,Late Delivery,3.5
50920,Product Variance,3.5
50933,Late Delivery,3.5
50937,Late Delivery,3.5
50941,Late Delivery,3.5
50950,No Information Provided,1.0
50953,Late Delivery,3.5
50963,Poor Quality,3.5
50966,Late Delivery,2.0
50969,Late Delivery,3.5
50977,Late Delivery,3.5
50982,Communication Issues,3.5
50986,Wrong Item,4.0
50994,Late Delivery,3.5
51003,Late Delivery,3.5
51017,INVENT,3.5
51020,Wrong Item,3.5
51023,Color Mismatch,3.5
51031,Poor Quality,4.0
51049,INVENT,3.5
51063,Late Delivery,3.5
51070,Late Delivery,3.5
51076,Late Delivery,4.0
51081,Damaged Goods,3.5
51088,Wrong Item,4.0
51096,Non Functional Product,4.0
51102,Poor Quality,3.0
51111,Late Delivery,3.5
51113,Wrong Item,3.5
51115,Late Delivery,4.0
51125,Poor Quality,2.0
51126,Late Delivery,4.0
51133,Late Delivery,3.5
51135,Late Delivery,3.5
51137,Late Delivery,4.0
51144,Late Delivery,3.5
51145,Late Delivery,3.5
51163,Late Delivery,3.5
51166,No New Category,5.0
51171,Late Delivery,3.5
51176,Totalmente Desorganizada,3.5
51179,Late Delivery,3.5
51192,No Issue Found,1.0
51195,No Delivery,5.0
51201,Damaged Goods,3.5
51205,Missing Parts,3.5
51207,Missing Parts,3.5
51214,Late Delivery,4.0
51224,Late Delivery,3.5
51229,Fraud,5.0
51232,Missing Parts,3.5
51236,Wrong Item,4.0
51242,Wrong Item,3.5
51254,Category,2.5
51267,Late Delivery,3.5
51273,Missing Parts,3.5
51276,Late Delivery,2.0
51279,Late Delivery,3.5
51290,Late Delivery,3.5
51295,Late Delivery,3.5
51297,Late Delivery,3.5
51308,Late Delivery,3.5
51312,Wrong Item,4.0
51338,Late Delivery,3.5
51341,Late Delivery,3.5
51343,Late Delivery,3.5
51350,Poor Quality,3.5
51352,Cancelamento do Pedido,2.5
51358,Missing Parts,4.0
51363,Late Delivery,3.5
51366,Fraud,5.0
51370,No Delivery,4.0
51372,Fraud,4.0
51376,Poor Quality,3.5
51382,Late Delivery,3.5
51391,"Manual em inglês, site chines",2.5
51397,Late Delivery,3.5
51408,Missing Parts,3.5
51410,Poor Quality,3.5
51415,Late Delivery,3.5
51416,INVENT,1.0
51420,Missing Parts,4.0
51421,Pouco Conteúdo,3.5
51423,Poor Quality,4.0
51436,Late Delivery,3.5
51442,Missing Parts,3.5
51443,Late Delivery,4.0
51445,Missing Parts,4.0
51449,Wrong Item,3.5
51458,Late Delivery,3.5
51468,Missing Parts,3.5
51472,Wrong Item,4.0
51482,Late Delivery,3.5
51489,Wrong Item,4.0
51493,Missing Parts,3.5
51494,No Fit,3.5
51500,Not Received,5.0
51507,Protestos Mentirosos,3.5
51519,Poor Quality,4.0
51525,Poor Quality,3.5
51533,Missing Parts,3.5
51540,Poor Quality,4.0
51548,No Issue,1.0
51550,Late Delivery,3.5
51556,Late Delivery,3.5
51561,Late Delivery,3.5
51572,Wrong Item,3.5
51578,Wrong Item,3.5
51580,Missing Parts,3.5
51589,Produto Diferente,2.5
51612,Missing Parts,4.0
51613,Non-Arrival,4.0
51621,Late Delivery,3.5
51630,Wrong Item,4.0
51644,Late Delivery,3.5
51646,Not Delivered,3.5
51656,Não recomendo,3.5
51657,Missing Parts,3.5
51662,Late Delivery,3.5
51671,Color Mismatch,4.0
51672,Late Delivery,3.5
51674,Mispricing,3.5
51684,Missing Parts,3.5
51692,INVENT,3.5
51694,Late Delivery,4.0
51696,Cancelled Unilaterally,3.5
51698,Missing Parts,3.5
51700,Missing Parts,3.5
51704,Wrong Item,3.5
51707,Late Delivery,3.5
51709,Late Delivery,3.5
51716,Late Delivery,4.0
51720,Late Delivery,3.5
51740,Missing Parts,3.5
51745,Late Delivery,3.5
51746,Product Defect,3.5
51754,Wrong Item,3.5
51755,Late Delivery,3.5
51764,Late Delivery,3.5
51765,Missing Parts,3.5
51775,Missing Parts,3.5
51776,Missing Parts,3.5
51785,Late Delivery,3.5
51791,None of the given categories fit,1.0
51809,Misrepresentation,3.5
51814,Late Delivery,3.5
51816,Late Delivery,4.0
51828,Late Delivery,3.5
51835,Late Delivery,3.5
51844,Late Delivery,3.5
51846,Late Delivery,4.0
51851,Missing Parts,3.5
51866,Missing Parts,3.5
51867,Insatisfação,3.5
51874,Poor Quality,3.5
51875,Late Delivery,3.5
51887,Not Received,5.0
51889,Late Delivery,4.0
51895,Zero Nunca mais comprarei a es,2.5
51900,Wrong Item,3.5
51909,Late Delivery,4.0
51910,Late Delivery,3.5
51924,Misfit,3.5
51925,Late Delivery,3.5
51941,Late Delivery,4.0
51943,Late Delivery,3.5
51945,Late Delivery,3.5
51946,Wrong Item,4.0
51953,Misleading Product,3.5
51957,Wrong Item,3.5
51966,Wrong Item,3.5
51967,Late Delivery,3.5
51973,Late Delivery,3.5
51994,Wrong Item,3.5
52013,Late Delivery,3.5
52015,INVENT,3.5
52029,Late Delivery,3.5
52030,Late Delivery,4.0
52032,Late Delivery,4.0
52041,Produto Mal Acabado,3.5
52047,No Applicable,1.0
52051,Wrong Item,4.0
52052,Rude Support,4.0
52058,Late Delivery,4.0
52067,Late Delivery,4.0
52069,Material Discrepância,3.5
52072,Wrong Item,4.0
52078,Late Delivery,3.5
52103,Wrong Item,4.0
52104,No Arrival,5.0
52118,Communication Failure,3.5
52128,Wrong Item,4.0
52138,Poor Quality,3.5
52143,No Delivery,4.0
52146,INVENT,1.0
52149,Cancelled Purchase,5.0
52151,Short Cable,2.5
52153,Missing Parts,4.0
52164,Not Delivered,4.0
52175,Late Delivery,3.5
52181,Late Delivery,3.5
52192,Late Delivery,3.5
52206,Missing Parts,4.0
52213,Wrong Item,3.5
52215,Poor Fit,3.5
52224,Not Delivered,4.0
52229,Late Delivery,3.5
52232,Late Delivery,4.0
52233,Not Received,5.0
52241,Late Delivery,3.5
52249,No Issue,1.0
52253,Late Delivery,3.5
52255,Missing Parts,3.5
52259,Late Delivery,3.5
52261,INVENT,3.5
52264,Late Delivery,3.5
52276,Missing Parts,3.5
52282,Wrong Item,3.5
52297,Late Delivery,3.5
52301,Wrong Item,4.0
52319,Late Delivery,4.0
52324,Late Delivery,4.0
52338,INVENT,3.5
52344,Rude Courier,3.5
52356,Late Delivery,3.5
52359,No Fit,1.0
52361,Poor Quality,3.5
52368,Non-Shipped,4.0
52371,Incomplete Transaction,3.5
52376,Missing Parts,3.5
52381,Late Delivery,3.5
52382,Poor Quality,2.0
52386,Poor Quality,3.5
52398,Late Delivery,4.0
52403,Wrong Item,4.0
52407,Wrong Item,3.5
52409,Poor Quality,3.5
52416,Late Delivery,3.5
52422,Late Delivery,4.0
52429,Wrong Item,4.0
52433,Late Delivery,4.0
52434,Product Quality,3.5
52436,Poor Quality,3.5
52437,Late Delivery,3.5
52442,INVENT,3.5
52445,Wrong Item,3.5
52461,Missing Parts,3.5
52464,Wrong Item,4.0
52472,INVENT,3.5
52482,Late Delivery,3.5
52503,Wrong Item,4.0
52505,Wrong Item,4.0
52516,Late Delivery,4.0
52537,Late Delivery,3.5
52538,Wrong Item,4.0
52546,Incompatibilidade,3.5
52547,Late Delivery,3.5
52548,Wrong Item,4.0
52550,Wrong Item,4.0
52566,Late Delivery,4.0
52570,Poor Quality,3.0
52571,Wrong Item,4.0
52574,Wrong Item,4.0
52585,Late Delivery,3.5
52588,Late Delivery,3.5
52596,Heat Issue,2.5
52606,Improv,2.0
52616,Late Delivery,4.0
52622,Missing Parts,3.5
52626,Late Delivery,4.0
52631,Late Delivery,4.0
52640,Poor Quality,3.5
52641,Wrong Item,3.5
52654,No Fit,1.0
52657,Late Delivery,3.5
52658,Late Delivery,3.5
52660,Late Delivery,4.0
52665,Wrong Item,4.0
52670,Late Delivery,3.5
52671,Poor Quality,3.5
52673,N/A,1.0
52682,No Issue,1.0
52688,Late Delivery,3.5
52698,Damaged Goods,4.0
52719,Color Mismatch,4.0
52729,Late Delivery,3.5
52743,Missing Parts,3.5
52747,Poor Quality,4.0
52762,Late Delivery,3.5
52769,Wrong Item,4.0
52770,Late Delivery,4.0
52772,Wrong Item,3.5
52786,Não Recebido,4.0
52791,Wrong Item,4.0
52799,Late Delivery,3.5
52815,Wrong Item,3.5
52817,INVENT,1.0
52823,Late Delivery,3.5
52836,Missing Parts,3.5
52844,Missing Parts,3.5
52847,Late Delivery,3.5
52858,Late Delivery,3.5
52859,Damaged Goods,3.5
52864,Late Delivery,3.5
52878,Not Received,5.0
52879,Late Delivery,3.5
52880,Late Delivery,3.5
52891,Missing Parts,3.5
52902,Missing Parts,3.5
52924,Poor Quality,4.0
52926,Produto Mal Embalado,4.0
52927,Item Not Received,5.0
52936,Poor Quality,4.0
52938,Fraud,5.0
52951,Late Delivery,3.5
52956,Late Delivery,3.5
52958,Late Delivery,3.5
52969,INVENT,3.5
52970,Missing Parts,3.5
52971,Poor Quality,3.5
52974,Late Delivery,3.5
52976,Wrong Item,4.0
52979,Missing Parts,3.5
52980,Missing Parts,3.5
53003,Poor Quality,4.0
53005,Missing Parts,3.5
53019,Poor Quality,4.0
53024,Missing Parts,3.5
53026,Late Delivery,3.5
53041,Late Delivery,3.5
53050,Safety Concerns,2.5
53054,Late Delivery,3.5
53060,No Fit,3.5
53065,Poor Quality,3.5
53068,Late Delivery,3.5
53077,Missing Parts,3.5
53084,Missing Parts,3.5
53087,Late Delivery,3.5
53091,Missing Parts,3.5
53095,Late Delivery,4.0
53102,Poor Quality,3.5
53108,Defective Product,4.0
53112,Rude Courier,3.5
53114,Poor Quality,3.5
53115,No Delivery,3.0
53119,Missing Parts,3.5
53125,Poor Quality,4.0
53132,Late Delivery,3.5
53134,Missing Parts,3.5
53139,Wrong Item,4.0
53173,Not Satisfied,3.5
53180,Rude Courier,3.5
53183,Late Delivery,3.5
53187,Late Delivery,3.5
53199,Wrong Item,3.5
53212,Wrong Item,4.0
53213,Produto Veio Quebrado,4.0
53217,Late Delivery,3.5
53218,Late Delivery,3.5
53227,Late Delivery,3.5
53229,Produto Erro,4.0
53236,Wrong Item,4.0
53248,Late Delivery,3.5
53251,Functional Issue,3.5
53252,Late Delivery,3.5
53259,Late Delivery,3.5
53267,Late Delivery,3.5
53268,Wrong Item,4.0
53272,Late Delivery,4.0
53273,Late Delivery,4.0
53283,Late Delivery,3.5
53284,Late Delivery,4.0
53286,No Fit,1.0
53298,Wrong Item,3.5
53299,Foi entregue no prazo,1.0
53303,Poor Quality,3.5
53312,Wrong Item,4.0
53322,Wrong Item,3.5
53336,Late Delivery,3.5
53345,Wrong Item,4.0
53352,Poor Quality,3.5
53353,Total absurdo!,5.0
53357,Late Delivery,1.0
53361,INVENT,1.0
53364,Sem nota fiscal,2.5
53366,Missing Parts,3.5
53380,Rude Courier,3.5
53385,Wrong Item,4.0
53387,Poor Quality,3.5
53391,Missing Parts,3.5
53395,Rude Staff,3.5
53396,Damaged Goods,3.5
53397,INVENT,3.5
53400,Wrong Item,4.0
53401,Late Delivery,3.5
53403,Non Functioning,4.0
53404,Late Delivery,4.0
53412,Rude Courier,3.5
53424,Late Delivery,3.5
53430,Late Delivery,3.5
53433,Poor Quality,3.0
53437,Wrong Item,4.0
53451,Late Delivery,3.5
53466,Late Delivery,3.5
53471,No Information,1.0
53482,Missing Parts,3.5
53486,INVENT,3.5
53496,Poor Quality,4.0
53502,Late Delivery,3.5
53505,Wrong Item,3.5
53510,Poor Quality,4.0
53513,Continuo no aguardo da encomenda,1.0
53535,Late Delivery,3.5
53546,Poor Fit,3.5
53556,Poor Quality,3.5
53559,Missing Parts,3.5
53571,Missing Parts,4.0
53592,Wrong Item,4.0
53610,INVENT,2.0
53618,Late Delivery,3.5
53619,Wrong Item,4.0
53622,Late Delivery,3.5
53631,No Issue,1.0
53632,Missing Parts,3.5
53645,Late Delivery,3.5
53654,Late Delivery,3.5
53661,No Fit,1.0
53669,Late Delivery,4.0
53675,Poor Quality,4.0
53681,Late Delivery,3.5
53688,Late Delivery,3.5
53692,Wrong Item,3.5
53693,Late Delivery,3.5
53697,Late Delivery,3.5
53710,Late Delivery,3.5
53712,Wrong Item,4.0
53724,INVENT,3.5
53726,Poor Quality,3.5
53740,Color Mismatch,3.5
53742,Late Delivery,3.5
53744,Incompetent Service,3.5
53758,Late Delivery,3.5
53761,Produto Normal,1.0
53770,Poor Quality,4.0
53776,Poor Quality,4.0
53792,Missing Parts,4.0
53811,Not Received,5.0
53815,Missing Parts,3.5
53819,No Fit,2.0
53826,Poor Quality,3.5
53829,Late Delivery,3.5
53832,Late Delivery,3.5
53855,Wrong Item,4.0
53862,Missing Parts,3.5
53863,Late Delivery,3.5
53865,Late Delivery,4.0
53878,Late Delivery,3.5
53882,Late Delivery,3.5
53884,Missing Parts,3.5
53889,Wrong Item,4.0
53896,Poor Quality,4.0
53897,Late Delivery,3.5
53906,Late Delivery,3.5
53908,Late Delivery,3.5
53916,Wrong Item,4.0
53918,Rude Courier,3.5
53942,Late Delivery,3.5
53944,No Arrival,5.0
53949,Não Chegou,5.0
53953,Poor Quality,3.5
53956,Late Delivery,3.5
53975,Wrong Item,4.0
53976,Late Delivery,3.5
53981,Wrong Item,4.0
53998,Poor Quality,4.0
54007,Late Delivery,3.5
54010,No Issue,1.0
54011,Wrong Item,4.0
54012,Late Delivery,3.5
54038,Late Delivery,3.5
54040,Wrong Item,3.5
54044,Late Delivery,4.0
54068,INVENT,3.5
54081,Late Delivery,3.5
54086,Wrong Item,3.5
54098,Missing Parts,3.5
54101,Late Delivery,1.0
54105,Missing Parts,3.5
54119,INVENT,1.0
54120,Wrong Item,4.0
54128,No Issue Found,1.0
54143,INVENT,3.5
54153,Late Delivery,3.5
54159,Late Delivery,4.0
54162,No Arrival,5.0
54163,Not Received,5.0
54165,Non-Original Product,4.0
54171,Late Delivery,3.5
54175,Late Delivery,3.5
54177,Quality,2.0
54180,No Product Fit,3.5
54181,Poor Quality,4.0
54198,Poor Quality,3.5
54200,Late Delivery,3.5
54209,No Delivery,4.0
54212,Missing Parts,3.5
54213,Late Delivery,3.5
54220,Missing Parts,3.5
54222,Late Delivery,3.5
54225,Missing Parts,3.5
54226,Missing Parts,3.5
54227,Late Delivery,4.0
54234,Wrong Item,4.0
54251,Late Delivery,3.5
54265,Wrong Item,4.0
54288,Late Delivery,3.5
54293,Late Delivery,4.0
54294,Não Comunicação,4.0
54300,INVENT,3.5
54314,Late Delivery,3.5
54315,Poor Quality,3.5
54321,Wrong Item,3.5
54331,Late Delivery,3.5
54332,Rude Courier,3.5
54337,Late Delivery,3.5
54338,Poor Quality,3.5
54347,Wrong Item,4.0
54350,Rude Communication,3.5
54356,Wrong Item,3.5
54368,Poor Quality,3.5
54385,Inconvenience,2.0
54395,Missing Parts,3.5
54420,Color Mismatch,2.5
54426,Non-Compliance,3.5
54433,Not Received,5.0
54445,Missing Parts,3.5
54446,Delayed Confirmation,3.5
54447,Poor Quality,4.0
54448,Incompatible Product,4.0
54465,Wrong Item,3.5
54467,Wrong Item,3.5
54468,Missing Parts,3.5
54476,Late Delivery,3.5
54487,Poor Quality,3.5
54506,Late Delivery,3.5
54508,Missing Parts,3.5
54509,Wrong Item,4.0
54514,Late Delivery,3.5
54522,Missing Parts,3.5
54523,Não Recebi Meus Produtos,5.0
54528,Late Delivery,3.5
54536,Wrong Item,4.0
54543,Não Recomendo,2.5
54544,Late Delivery,3.5
54545,Missing Parts,4.0
54553,Color Mismatch,3.5
54567,Not Received,5.0
54572,INVENT,3.5
54579,Desconectado,4.0
54584,Late Delivery,3.5
54592,Wrong Item,4.0
54593,Late Delivery,3.5
54611,Wrong Item,4.0
54618,Wrong Item,4.0
54624,Late Delivery,3.5
54631,Late Delivery,3.5
54638,INVENT,1.0
54641,Missing Parts,3.5
54652,Wrong Item,3.5
54658,Missing Parts,3.5
54659,Wrong Item,4.0
54662,Wrapping Defect,3.5
54665,No Delivery,3.0
54668,Wrong Item,3.5
54687,Wrong Item,4.0
54688,Poor Quality,3.5
54694,Missing Parts,3.5
54701,No New Category,4.0
54702,Late Delivery,3.5
54703,Wrong Item,4.0
54707,Missing Parts,3.5
54720,Late Delivery,3.5
54732,Late Delivery,4.0
54742,Color Mismatch,3.5
54767,Late Delivery,3.5
54773,Late Delivery,3.5
54777,Poor Quality,3.5
54779,Missing Parts,3.5
54782,Wrong Item,4.0
54788,Late Delivery,4.0
54789,Damaged Goods,4.0
54793,Rude Courier,3.5
54799,Para funcionamento,3.5
54807,Late Delivery,4.0
54818,Missing Parts,3.5
54850,Missing Parts,3.5
54851,Late Delivery,3.5
54855,Aguardando para avaliar,3.5
54863,No Delivery,5.0
54865,Late Delivery,3.5
54871,Late Delivery,4.0
54872,Missing Parts,3.5
54876,Late Delivery,3.5
54880,Cancelled Order,3.5
54891,Late Delivery,3.5
54894,Late Delivery,4.0
54901,Not Delivered,4.0
54905,Odor,3.5
54912,Late Delivery,4.0
54924,Poor Quality,3.5
54926,Late Delivery,3.5
54945,Wrong Item,4.0
54950,Color Mismatch,3.5
54974,Late Delivery,4.0
54988,Wrong Item,4.0
54990,Delayed Delivery,3.5
54994,Damaged Goods,3.5
54998,Late Delivery,3.5
55018,Late Delivery,3.5
55034,Wrong Item,4.0
55042,No Response,3.5
55044,Late Delivery,4.0
55048,Late Delivery,4.0
55061,Late Delivery,3.5
55063,INVENT,1.0
55064,Invent,1.0
55068,Não Recebido,5.0
55076,Late Delivery,3.5
55078,Late Delivery,3.5
55085,Wrong Item,3.5
55086,Late Delivery,3.5
55093,Poor Quality,3.5
55100,Counterfeit Product,4.0
55102,Wrong Item,4.0
55106,Poor Quality,3.5
55109,Wrong Item,4.0
55117,Incomplete Purchase,2.5
55121,Late Delivery,3.5
55126,Wrong Item,3.5
55132,Late Delivery,3.5
55143,Late Delivery,3.5
55147,Late Delivery,3.5
55170,Late Delivery,3.5
55172,Wrong Item,4.0
55183,Late Delivery,3.5
55186,Late Delivery,3.5
55196,Poor Quality,3.5
55198,Late Delivery,4.0
55201,Late Delivery,4.0
55214,Missing Parts,3.5
55226,Late Delivery,3.5
55228,INVENT,3.5
55231,Vergonhoso,3.5
55242,Late Delivery,3.5
55244,Wrong Item,4.0
55248,Late Delivery,4.0
55257,Wrong Item,4.0
55261,Late Delivery,4.0
55265,Wrong Item,4.0
55269,Late Delivery,3.5
55270,Poor Quality,3.5
55274,Não Recomendo,3.5
55279,Wrong Item,3.5
55281,Late Delivery,4.0
55283,Poor Quality,3.5
55286,Missing Parts,4.0
55290,Late Delivery,3.5
55304,Non-Arrival,5.0
55320,Missing Parts,3.5
55328,Not Delivered,4.0
55337,Late Delivery,3.5
55368,Não Recebido,3.5
55391,Missing Parts,3.5
55405,Late Delivery,3.5
55407,Late Delivery,3.5
55408,Late Delivery,4.0
55409,Late Delivery,3.5
55417,Late Delivery,4.0
55426,Missing Parts,4.0
55439,INVENT,3.5
55444,Late Delivery,3.5
55449,Wrong Item,3.5
55451,INVENT,3.5
55470,INVENT,2.0
55472,Poor Quality,3.5
55475,Wrong Item,3.5
55478,INVENT,3.5
55485,Total Descaso Com o Cliente,4.0
55490,Wrong Item,4.0
55498,Poor Quality,4.0
55516,Poor Quality,4.0
55521,N/A,1.0
55537,Poor Quality,4.0
55542,INVENT,3.5
55546,Late Delivery,4.0
55552,Wrong Item,3.5
55576,INVENT,3.5
55577,Late Delivery,3.5
55583,Wrong Item,4.0
55592,Missing Parts,4.0
55599,Missing Parts,3.5
55600,No Delivery,5.0
55607,Late Delivery,3.5
55617,Missing Parts,3.5
55618,No Response,3.5
55621,Material Incorrecto,3.5
55625,Late Delivery,2.0
55627,Item Not Arrived,5.0
55628,Late Delivery,3.5
55638,Wrong Item,3.5
55645,Poor Quality,3.5
55652,Late Delivery,4.0
55673,Extremely Late,4.0
55681,Late Delivery,4.0
55690,No Issue,1.0
55695,Late Delivery,3.5
55703,Missing Parts,3.5
55708,Wrong Item,3.5
55717,Wrong Item,4.0
55719,Wrong Item,4.0
55720,No Delivery,5.0
55725,Late Delivery,3.5
55734,INVENT,1.0
55739,Late Delivery,4.0
55746,Wrong Item,4.0
55747,Missing Parts,3.5
55748,Poor Quality,3.5
55751,Late Delivery,3.5
55759,Late Delivery,3.5
55772,Late Delivery,3.5
55775,Late Delivery,3.5
55780,Late Delivery,4.0
55783,Poor Quality,3.5
55786,Poor Quality,3.5
55797,No Issue,1.0
55801,Late Delivery,3.5
55808,Late Delivery,4.0
55810,Late Delivery,3.5
55819,Wrong Item,3.5
55827,Damaged Goods,3.5
55839,Missing Parts,3.5
55844,Late Delivery,3.5
55848,Late Delivery,4.0
55856,Missing Parts,3.5
55864,Late Delivery,4.0
55867,Late Delivery,3.5
55871,Late Delivery,3.5
55873,Rogue Product,4.0
55877,Late Delivery,3.5
55904,Wrong Item,4.0
55905,Missing Parts,3.5
55909,Late Delivery,3.5
55913,Encomenda Incompleta,4.0
55916,Wrong Item,4.0
55928,Late Delivery,3.5
55932,Late Delivery,4.0
55938,Late Delivery,3.5
55961,Não Rastreado,4.0
55967,Late Delivery,3.5
55971,Insuficiente,2.0
55973,Missing Parts,3.5
55974,Not Received,5.0
55975,Late Delivery,3.5
56011,Poor Quality,3.5
56013,Late Delivery,3.5
56022,Wrong Item,4.0
56023,Poor Quality,4.0
56027,Horrível,3.5
56035,Late Delivery,3.5
56040,Late Delivery,3.5
56043,Late Delivery,4.0
56052,Incongruence,3.5
56069,Late Delivery,3.5
56071,Counterfeit Product,3.5
56097,INVENT,3.5
56106,Poor Quality,3.5
56119,Never Arrived,5.0
56120,Wrong Item,3.5
56122,Electrical Fault,4.0
56123,Wrong Item,4.0
56132,No Arrival,5.0
56144,Late Delivery,3.5
56152,Poor Quality,4.0
56172,Rude Treatment,3.5
56173,Missing Parts,3.5
56174,Wrong Item,3.5
56184,INVENT,3.5
56191,Late Delivery,3.5
56202,No Arrival,5.0
56206,Wrong Item,4.0
56207,No Issue Found,1.0
56223,Late Delivery,3.5
56225,INVENT,3.5
56239,Length Variance,3.5
56242,No Issue,1.0
56243,Late Delivery,3.5
56268,Poor Quality,3.5
56269,Late Delivery,4.0
56279,Wrong Item,4.0
56285,Wrong Item,3.5
56288,Counterfeit Parts,4.0
56290,Missing Parts,3.5
56297,Missing Parts,3.5
56301,Wrong Item,4.0
56321,Late Delivery,3.5
56347,Late Delivery,3.5
56357,Damaged Goods,4.0
56375,Poor Quality,4.0
56385,Late Delivery,3.5
56401,Missing Parts,3.5
56409,Wrong Item,4.0
56411,Late Delivery,4.0
56421,Late Delivery,4.0
56443,Damaged Goods,4.0
56453,Wrong Item,3.5
56458,No Delivery,3.0
56461,Late Delivery,3.5
56466,Wrong Item,4.0
56475,Late Delivery,3.5
56484,Chưa giao đúng sản phẩm,2.5
56494,Missing Parts,3.5
56500,Late Delivery,3.5
56507,Poor Quality,4.0
56509,Wrong Item,4.0
56521,No Issue,1.0
56536,INVENT,3.5
56538,Missing Parts,3.5
56546,Function Failure,4.0
56551,Missing Parts,4.0
56556,Late Delivery,4.0
56557,Wrong Item,4.0
56558,Wrong Item,3.5
56564,Rush Delay,3.5
56570,Misleading Info,3.5
56573,Color Mismatch,4.0
56574,Incomplete,3.5
56578,Late Delivery,3.5
56579,High Fees,4.0
56580,Poor Quality,4.0
56581,Late Delivery,3.5
56583,Wrong Item,3.5
56593,No Fit,3.5
56609,Wrong Item,4.0
56616,Missing Parts,3.5
56617,Wrong Item,4.0
56622,Poor Quality,4.0
56623,Wrong Item,4.0
56647,Late Delivery,4.0
56653,Late Delivery,4.0
56660,Wrong Item,4.0
56663,INVENT,3.5
56675,Late Delivery,4.0
56676,Material Mismatch,3.5
56686,Missing Parts,3.5
56692,Wrong Item,4.0
56693,Missing Parts,3.5
56696,Late Delivery,3.5
56698,Poor Quality,3.0
56706,Missing Parts,3.5
56734,Poor Quality,3.5
56735,Late Delivery,3.5
56744,Wrong Item,4.0
56747,Wrong Item,4.0
56754,Missing Parts,3.5
56776,Late Delivery,3.5
56780,Late Delivery,3.5
56782,Late Delivery,3.5
56783,Late Delivery,4.0
56791,Late Delivery,4.0
56797,INVENT,1.0
56801,Wrong Item,3.5
56806,Late Delivery,3.5
56808,Late Delivery,1.0
56810,Não Recebido,5.0
56813,Wrong Item,3.5
56815,Wrong Item,4.0
56819,Late Delivery,3.5
56850,Wrong Item,3.5
56855,Wrong Item,3.5
56857,Late Delivery,3.5
56860,Inconvenience,3.5
56867,Late Delivery,2.0
56868,Late Delivery,3.5
56874,Dificuldade Entrega,3.5
56875,Wrong Item,4.0
56884,Late Delivery,3.5
56894,Poor Quality,3.5
56899,INVENT,3.5
56901,Missing Parts,3.5
56910,Not Received,5.0
56919,Wrong Item,4.0
56923,Delivery Delay,3.5
56936,Poor Quality,4.0
56946,Missing Parts,4.0
56951,Late Delivery,3.5
56957,No Fit,1.0
56962,Late Delivery,4.0
56966,Late Delivery,3.5
56969,Pobre Qualidade,4.0
56970,Late Delivery,3.5
56990,Wrong Item,3.5
57016,Missing Parts,3.5
57019,Not Received,5.0
57029,Late Delivery,4.0
57032,Wrong Item,3.5
57046,Late Delivery,3.5
57053,Late Delivery,4.0
57086,Late Delivery,3.5
57089,Late Delivery,3.5
57092,Late Delivery,3.5
57097,Wrong Item,4.0
57098,Late Delivery,3.5
57115,INVENT,3.5
57120,Late Delivery,3.5
57122,Wrong Item,4.0
57123,Late Delivery,3.5
57126,Missing Parts,3.5
57148,Fraud,5.0
57155,Late Delivery,3.5
57167,Late Delivery,4.0
57169,Late Delivery,3.5
57173,Color Mismatch,3.5
57175,No Problema,1.0
57184,No Received,5.0
57186,Late Delivery,3.5
57189,Wrong Item,4.0
57199,Produto Usado,4.0
57202,Poor Quality,3.0
57206,Late Delivery,4.0
57210,INVENT,3.5
57212,Missing Parts,3.5
57216,Wrong Item,3.5
57217,Late Delivery,3.5
57218,INVENT,1.0
57220,Missing Parts,3.5
57221,Invent,3.5
57227,No Delivery,5.0
57231,INVENT,3.5
57232,Wrong Item,4.0
57243,Late Delivery,3.5
57251,Late Delivery,3.5
57252,Wrong Item,4.0
57253,Cancelamento,3.5
57259,Wrong Item,4.0
57261,Late Delivery,3.5
57267,Late Delivery,3.5
57269,Non Functional,4.0
57275,Late Delivery,3.5
57281,Missing Parts,3.5
57285,Inquiry Not Responded To,3.5
57294,Late Delivery,4.0
57312,Wrong Item,4.0
57314,Inconvenience,3.5
57328,Late Delivery,3.5
57330,Poor Quality,3.5
57335,Wrong Item,3.5
57337,INVENT,3.5
57339,Wrong Item,4.0
57343,Late Delivery,3.5
57352,Missing Parts,3.5
57361,Wrong Item,4.0
57363,Missing Parts,3.5
57364,Late Delivery,4.0
57365,INVENT,1.0
57366,Missing Parts,3.5
57368,Wrong Item,3.5
57379,Color Mismatch,3.5
57380,Não Entendido,3.5
57391,Late Delivery,4.0
57395,Late Delivery,3.5
57397,Late Delivery,3.5
57400,Poor Quality,3.5
57402,Late Delivery,3.5
57414,Late Delivery,3.5
57417,Late Delivery,3.5
57430,Poor Quality,4.0
57444,Late Delivery,3.5
57449,Wrong Item,3.5
57451,Poor Quality,4.0
57453,No Received,5.0
57473,Late Delivery,3.5
57492,Missing Parts,4.0
57496,Wrong Item,4.0
57501,No Arrival,5.0
57509,Late Delivery,4.0
57511,Late Delivery,3.5
57512,INVENT,3.5
57523,Wrong Item,4.0
57524,Missing Parts,3.5
57525,Late Delivery,4.0
57538,Wrong Item,4.0
57545,Missing Parts,3.5
57548,Late Delivery,3.5
57560,No Fit,3.5
57563,Cancelamento da Compra,5.0
57566,Late Delivery,3.5
57572,Late Delivery,3.5
57574,Late Delivery,3.5
57584,Produto Duvidoso,3.5
57588,Poor Quality,3.5
57594,Late Delivery,4.0
57595,No Invoice Provided,2.5
57599,Wrong Item,3.5
57600,Late Delivery,4.0
57615,Late Delivery,3.5
57618,Late Delivery,3.5
57635,Wrong Item,4.0
57636,Defective Packaging,3.5
57639,Missing Parts,3.5
57641,Late Delivery,3.5
57663,Missing Parts,3.5
57671,Missing Parts,3.5
57672,Wrong Item,4.0
57673,Invent,2.5
57675,Wrong Item,4.0
57678,INVENT,3.5
57692,Late Delivery,3.5
57693,Poor Quality,3.5
57697,Produto FALSIFICADO,5.0
57707,Missing Parts,4.0
57712,Late Delivery,3.5
57714,Late Delivery,3.5
57729,Not Delivered,4.0
57731,Wrong Item,4.0
57752,Late Delivery,4.0
57754,Missing Parts,4.0
57759,Wrong Item,4.0
57766,Wrong Item,3.5
57780,Late Delivery,3.5
57781,Wrong Item,3.5
57791,Late Delivery,4.0
57796,INVENT,3.5
57801,Delay,3.5
57802,No Issue,1.0
57805,No Delivery,5.0
57808,Wrong Item,3.5
57817,Missing Parts,4.0
57819,Wrong Item,4.0
57820,Late Delivery,3.5
57824,Late Delivery,4.0
57829,Late Delivery,3.5
57831,Late Delivery,4.0
57833,Late Delivery,3.5
57836,Wrong Item,4.0
57844,Wrong Item,4.0
57846,No Communication,3.5
57849,Delayed Delivery,3.5
57851,Produto com Defeito,4.0
57857,Wrong Item,4.0
57863,INVENT,2.5
57868,Atendimento Péssimo,4.0
57869,Missing Parts,3.5
57878,Poor Quality,3.5
57879,Late Delivery,4.0
57888,Late Delivery,3.5
57894,INVENT,3.5
57896,Late Delivery,4.0
57906,Wrong Item,3.5
57907,Late Delivery,4.0
57911,Late Delivery,3.5
57912,Late Delivery,2.0
57913,Late Delivery,4.0
57922,No Arrival,5.0
57932,Late Delivery,4.0
57949,Missing Parts,3.5
57953,Wrong Item,3.5
57954,Wrong Item,3.5
57957,Late Delivery,3.5
57958,Late Delivery,4.0
57962,Missing Parts,3.5
57968,Péssimo,5.0
57976,No Fit,1.0
57986,Wrong Item,3.5
57989,Late Delivery,3.5
57990,Late Delivery,3.5
57994,Late Delivery,5.0
58003,Damaged Goods,3.5
58020,Misfit Product,3.5
58021,Poor Quality,4.0
58023,Damaged Goods,4.0
58028,INVENT,3.5
58032,Damaged Goods,3.5
58034,Not Received,5.0
58040,Wrong Item,4.0
58045,Wrong Item,4.0
58057,Product Variance,3.5
58063,Late Delivery,4.0
58066,Product Quality,3.5
58101,Late Delivery,4.0
58106,Propaganda,3.5
58114,Late Delivery,3.5
58115,Late Delivery,3.5
58117,Bom produto,1.0
58123,Late Delivery,4.0
58128,Não Compre Mais,4.0
58133,Missing Parts,5.0
58143,Poor Quality,3.5
58146,INVENT,3.5
58152,No Fit,1.0
58161,Wrong Item,3.5
58162,Poor Quality,3.5
58165,Missing Parts,3.5
58168,Poor Quality,4.0
58183,Péssima Atendimento,4.0
58193,Late Delivery,4.0
58200,Wrong Item,4.0
58201,Wrong Item,4.0
58205,Late Delivery,4.0
58209,INVENT,1.0
58217,Late Delivery,3.5
58231,Wrong Item,3.5
58239,Missing Parts,3.5
58241,Late Delivery,3.5
58244,Late Delivery,3.5
58250,Missing Parts,4.0
58253,Poor Quality,4.0
58260,Late Delivery,1.0
58263,Wrong Item,4.0
58270,Late Delivery,3.5
58271,Wrong Item,4.0
58277,Wrong Item,3.5
58278,Defective Product,4.0
58290,Damaged Goods,3.5
58291,Late Delivery,3.5
58297,INVENT,1.0
58302,Late Delivery,3.5
58304,Poor Quality,3.5
58307,Late Delivery,3.5
58320,Poor Quality,4.0
58339,Missing Parts,3.5
58350,Wrong Item,4.0
58355,Late Delivery,3.5
58356,Category,2.5
58362,Late Delivery,4.0
58381,Missing Parts,4.0
58384,Missing Parts,3.5
58387,Poor Quality,4.0
58390,INVENT,3.5
58394,Late Delivery,3.5
58396,Missing Parts,5.0
58399,No Delivery,5.0
58401,Damaged Goods,4.0
58418,Missing Parts,3.5
58424,Late Delivery,3.5
58426,Missing Parts,3.5
58443,Late Delivery,3.5
58447,Late Delivery,4.0
58448,Wrong Item,3.5
58456,Late Delivery,3.5
58476,Poor Quality,4.0
58481,Missing Parts,3.5
58487,Missing Parts,3.5
58488,Late Delivery,3.5
58522,INVENT,1.0
58531,Poor Quality,3.5
58532,Late Delivery,3.5
58537,Late Delivery,3.5
58553,Category,2.5
58555,Fraud,5.0
58566,Late Delivery,4.0
58574,No Issue Found,1.0
58577,Item Missing,5.0
58583,Missing Parts,4.0
58592,Wrong Item,3.5
58597,Wrong Item,4.0
58600,Wrong Item,4.0
58609,Missing Parts,4.0
58613,Late Delivery,4.0
58619,Late Delivery,3.5
58624,Expired Product,3.5
58635,No Issue,1.0
58637,Missing Parts,3.5
58646,No Delivery,5.0
58650,Damaged Goods,4.0
58652,Missing Parts,4.0
58657,Missing Parts,3.5
58658,Late Delivery,4.0
58677,Late Delivery,4.0
58684,Late Delivery,3.5
58687,No Delivery,4.0
58692,INVENT,2.0
58705,Missing Parts,3.5
58721,Wrong Item,4.0
58725,Não recebi,5.0
58743,Missing Parts,3.5
58758,Wrong Item,4.0
58761,Late Delivery,2.0
58774,Late Delivery,3.5
58775,Wrong Item,4.0
58777,Missing Parts,3.5
58783,Late Delivery,3.5
58787,Missing Parts,3.5
58789,Missing Parts,3.5
58790,Missing Parts,3.5
58810,"Zero Muito bagunçado, não recomendo",3.5
58814,Late Delivery,1.0
58817,Damaged Goods,4.0
58823,Insatisfação,3.5
58826,INVENT,3.5
58828,Wrong Item,4.0
58840,Late Delivery,3.5
58847,Wrong Item,4.0
58861,Late Delivery,3.5
58873,Rude Communication,3.5
58876,Overpricing,4.0
58882,RECEB,3.5
58900,Late Delivery,3.5
58905,Wrong Item,3.5
58906,Late Delivery,3.5
58927,Sem Opinião,2.5
58929,Missing Parts,3.5
58932,Late Delivery,4.0
58935,Late Delivery,3.5
58939,Damaged Goods,4.0
58940,Wrong Item,3.5
58950,Late Delivery,3.5
58972,INVENT,3.5
58999,INVENT,3.5
59012,Wrong Item,4.0
59015,Late Delivery,3.5
59017,Not Inferiority,4.0
59018,Late Delivery,3.5
59020,Late Delivery,4.0
59024,Poor Quality,4.0
59028,Late Delivery,4.0
59033,Late Delivery,3.5
59035,Late Delivery,3.5
59038,Wrong Item,4.0
59041,INVENT,1.0
59049,Poor Quality,4.0
59056,Late Delivery,4.0
59071,Quality,4.0
59073,Wrong Item,3.5
59077,Late Delivery,4.0
59081,Inconvenience,3.5
59084,Poor Quality,4.0
59085,Late Delivery,3.5
59089,Wrong Item,3.5
59090,Late Delivery,4.0
59100,Not Received,5.0
59104,Wrong Item,3.5
59109,Horrível,4.0
59112,Late Delivery,4.0
59124,Wrong Item,4.0
59149,Poor Quality,3.5
59150,INVENT,3.5
59152,Missing Parts,3.5
59153,INVENT,1.0
59154,INVENT,3.5
59156,Missing Parts,3.5
59162,Não comprem dessa loja!,5.0
59164,Late Delivery,3.5
59170,Late Delivery,3.5
59178,Late Delivery,3.5
59181,Late Delivery,3.5
59187,Falsification,4.0
59189,No Delivery,5.0
59197,Late Delivery,4.0
59208,Delayed Delivery,3.5
59211,Missing Parts,3.5
59221,Wrong Item,3.5
59223,Late Delivery,3.5
59231,Late Delivery,3.5
59232,Strange Noise,3.5
59243,Late Delivery,3.5
59244,Anúncio Vício,3.5
59257,Late Delivery,3.5
59264,No Fit,1.0
59265,Damaged Goods,4.0
59267,Category,2.5
59270,Wrong Item,4.0
59271,Late Delivery,4.0
59281,Missing Parts,4.0
59287,No Purchase Again,3.5
59306,Late Delivery,2.0
59314,Late Delivery,3.5
59318,Late Delivery,3.5
59340,Poor Quality,3.5
59374,Wrong Item,4.0
59379,Late Delivery,3.5
59380,Wrong Item,4.0
59384,Missing Parts,3.5
59390,Wrong Item,3.5
59392,Late Delivery,3.5
59396,Poor Quality,3.5
59403,Late Delivery,4.0
59405,Not Received Information,3.5
59422,INVENT,3.5
59426,Wrong Item,3.5
59433,Cancelled Order,3.5
59434,Performance Issues,3.5
59463,Wrong Item,4.0
59468,Late Delivery,3.5
59473,Late Delivery,3.5
59480,Late Delivery,4.0
59484,Zero Response,3.5
59487,No Fit,1.0
59488,Missing Parts,3.5
59495,Poor Quality,4.0
59500,Late Delivery,3.5
59520,Wrong Item,4.0
59521,Wrong Item,3.5
59528,Late Delivery,3.5
59537,Não Recebido,4.0
59552,Wrong Item,4.0
59557,Late Delivery,3.5
59558,Missing Parts,3.5
59565,Defective Factory,4.0
59589,Language Issue,3.5
59591,Missing Parts,3.5
59592,Produto de Péssima Qualidade,4.0
59603,Wrong Item,3.5
59604,Wrong Item,3.5
59624,Late Delivery,3.5
59625,Late Delivery,4.0
59626,Zero p stark,3.5
59637,Wrong Item,4.0
59641,Wrong Item,3.5
59656,Late Delivery,3.5
59665,Poor Quality,3.5
59669,Late Delivery,4.0
59677,No Applicable,1.0
59686,Late Delivery,3.5
59697,Wrong Item,4.0
59698,Category,2.5
59701,INVENT,2.0
59704,Late Delivery,4.0
59709,Late Delivery,3.5
59712,Category,2.5
59717,Missing Parts,3.5
59725,No Fit,1.0
59734,Poor Quality,4.0
59755,Wrong Item,3.5
59761,INVENT,3.5
59778,No Received,5.0
59780,Late Delivery,3.5
59784,Late Delivery,4.0
59800,Wrong Item,4.0
59808,Poor Quality,3.5
59810,INVENT,1.0
59819,No Fit,3.5
59836,INVENTED CATEGORY,2.5
59844,No Fit,1.0
59853,Late Delivery,4.0
59854,Late Delivery,1.0
59861,Poor Quality,3.0
59881,Customer Review Not Provided,2.5
59883,Late Delivery,3.5
59889,Late Delivery,3.5
59891,Cancelled Purchase,1.0
59892,Late Delivery,3.5
59904,Late Delivery,3.5
59914,Late Delivery,2.0
59921,Poor Quality,3.5
59926,Wrong Item,4.0
59942,Late Delivery,3.5
59947,Late Delivery,3.5
59948,N/A,1.0
59949,Late Delivery,3.5
59950,Poor Quality,3.0
59958,No Delivery,4.0
59961,Late Delivery,3.5
59968,Missing Parts,5.0
59985,Misleading Info,3.5
59990,Late Delivery,2.0
60005,Poor Quality,4.0
60006,Poor Quality,3.5
60019,INVENT,1.0
60020,Defective Product,4.0
60040,Damaged Goods,4.0
60045,Late Delivery,4.0
60051,Late Delivery,3.5
60058,Rude Seller,3.5
60064,Poor Quality,3.5
60065,Wrong Item,4.0
60067,Late Delivery,3.5
60074,Late Delivery,3.5
60082,Late Delivery,4.0
60087,Late Delivery,3.5
60089,Poor Quality,3.5
60090,Not Received,5.0
60093,No Fit,1.0
60101,Late Delivery,3.5
60107,Late Delivery,3.5
60113,Late Delivery,4.0
60121,Late Delivery,3.5
60123,Wrong Item,4.0
60126,Missing Parts,3.5
60127,Late Delivery,4.0
60139,Late Delivery,3.5
60140,Wrong Item,4.0
60141,Late Delivery,3.5
60149,Missing Parts,3.5
60151,Wrong Item,3.5
60156,Wrong Item,3.5
60157,Not Conforming Expectations,3.5
60159,Late Delivery,3.5
60162,Wrong Item,3.5
60163,Péssimo,5.0
60173,Late Delivery,3.5
60176,Wrong Item,4.0
60178,Missing Parts,3.5
60198,Poor Quality,3.5
60202,Poor Quality,3.5
60205,Late Delivery,3.5
60224,Wrong Item,4.0
60238,Wrong Item,4.0
60253,Late Delivery,3.5
60256,Product Missing,3.5
60258,Late Delivery,3.5
60287,Late Delivery,3.5
60299,INVENT,3.5
60316,Wrong Item,4.0
60319,Wrong Item,4.0
60323,Notified Delay,3.5
60329,Not Received,5.0
60345,Late Delivery,3.5
60364,Wrong Item,4.0
60368,Damaged Goods,4.0
60372,Communication Issues,3.5
60374,Poor Quality,4.0
60377,Missing Parts,3.5
60378,Late Delivery,3.5
60383,Late Delivery,4.0
60391,Falsification,4.0
60395,Wrong Item,4.0
60401,Late Delivery,4.0
60403,Late Delivery,4.0
60410,Wrong Item,3.5
60417,Invent,2.5
60422,INVENT,3.5
60423,Late Delivery,3.5
60424,Vague,3.5
60429,Poor Quality,3.5
60443,Wrong Item,4.0
60444,Late Delivery,4.0
60453,Wrong Item,3.5
60455,Wrong Item,4.0
60457,Missing Parts,3.5
60468,Late Delivery,3.5
60478,Missing Parts,3.5
60486,Wrong Item,3.5
60493,No Fit,1.0
60500,Late Delivery,3.5
60508,Wrong Item,4.0
60510,Late Delivery,4.0
60524,Poor Quality,3.5
60538,Late Delivery,4.0
60541,Missing Parts,3.5
60547,Late Delivery,3.5
60552,Voice Issues,3.5
60558,Late Delivery,3.5
60562,Misrepresentation,3.5
60565,Late Delivery,3.5
60570,No Issue Found,1.0
60574,Poor Quality,3.5
60582,Missing Parts,3.5
60583,Poor Quality,3.5
60589,Late Delivery,3.5
60596,INVENT,3.5
60603,Missing Parts,3.5
60618,Wrong Item,4.0
60619,Late Delivery,3.5
60620,Late Delivery,3.5
60625,Wrong Item,4.0
60631,Wrong Item,4.0
60633,Missing Parts,3.5
60637,Poor Quality,4.0
60640,Late Delivery,3.5
60643,Late Delivery,4.0
60645,Wrong Item,3.5
60664,Poor Quality,3.0
60672,No Fit,3.5
60673,Wrong Item,3.5
60693,Wrong Item,3.5
60713,Não Entendido,3.5
60730,No Information,3.5
60732,Estoque Zerado,3.5
60737,Inquiry Not Responded To,3.5
60750,Wrong Size,3.5
60764,Wrong Size,3.5
60779,Poor Quality,4.0
60780,Wrong Item,3.5
60787,Wrong Item,4.0
60796,Missing Parts,3.5
60797,Late Delivery,3.5
60804,Poor Quality,4.0
60810,Poor Quality,3.5
60813,Late Delivery,4.0
60824,Late Delivery,3.5
60828,Late Delivery,3.5
60833,Wrong Item,4.0
60834,INVENT,3.5
60835,Wrong Item,3.5
60841,Late Delivery,4.0
60842,Poor Quality,4.0
60847,Late Delivery,2.0
60859,INVENT,2.0
60862,Category,2.5
60865,Color Mismatch,4.0
60868,Wrong Item,4.0
60885,Wrong Item,4.0
60894,Poor Quality,3.5
60895,Wrong Item,4.0
60897,Poor Quality,4.0
60908,Rude Courier,3.5
60937,No Issue,1.0
60940,Late Delivery,3.5
60948,Mislead,4.0
60956,Late Delivery,3.5
60981,Late Delivery,4.0
60988,Missing Parts,3.5
60995,INVENT,3.5
60998,Wrong Item,4.0
61000,Late Delivery,4.0
61049,Pessima,3.5
61052,Late Delivery,3.5
61066,Late Delivery,3.5
61075,Wrong Item,4.0
61078,Late Delivery,3.5
61079,Late Delivery,3.5
61085,Late Delivery,3.5
61087,Wrong Item,3.5
61090,Poor Quality,3.5
61091,Wrong Item,4.0
61107,Wrong Item,4.0
61108,Late Delivery,3.5
61112,Late Delivery,3.5
61113,Missing Parts,3.5
61123,Late Delivery,4.0
61132,Late Delivery,3.5
61135,Late Delivery,3.5
61138,Poor Quality,3.5
61139,Missing Parts,4.0
61150,Late Delivery,3.5
61151,Wrong Item,3.5
61157,Wrong Item,4.0
61164,Late Delivery,4.0
61173,Late Delivery,3.5
61178,No Issue,1.0
61181,Missing Parts,3.5
61186,Late Delivery,2.0
61188,Poor Quality,3.5
61197,Item Never Arrived,5.0
61198,Late Delivery,3.5
61231,Nota Zero,1.0
61234,Late Delivery,3.5
61240,Not Invented Category,2.5
61247,Missing Parts,3.5
61248,Late Delivery,4.0
61261,Late Delivery,3.5
61275,Wrong Item,4.0
61288,INVENT,3.5
61290,Wrong Item,3.5
61292,Wrong Item,4.0
61311,Missing Parts,3.5
61332,Wrong Item,4.0
61339,No Fit,3.5
61345,Poor Quality,4.0
61346,Wrong Item,3.5
61348,Late Delivery,3.5
61357,Late Delivery,3.5
61365,Late Delivery,4.0
61368,Wrong Item,4.0
61371,Late Delivery,3.5
61386,Late Delivery,3.5
61391,Entrega Fracionada,4.0
61422,Late Delivery,3.5
61427,Late Delivery,4.0
61453,Late Delivery,3.5
61456,Late Delivery,3.5
61458,Late Delivery,2.0
61469,Late Delivery,4.0
61476,Late Delivery,4.0
61478,Late Delivery,4.0
61479,Produto não condiz com a descrição,4.0
61488,Late Delivery,3.5
61497,Late Delivery,3.5
61499,Enganação,5.0
61504,Late Delivery,3.5
61506,Missing Parts,3.5
61514,Decepção Estava esperando o pr,2.5
61518,Rude Courier,3.5
61519,Wrong Item,3.5
61530,Late Delivery,3.5
61544,Wrong Item,3.5
61552,INVENT,3.5
61557,Late Delivery,3.5
61559,Late Delivery,3.5
61561,Wrong Item,4.0
61571,Missing Parts,3.5
61587,Wrong Item,4.0
61596,Fraud,5.0
61602,INVENT,3.5
61605,INVENT,3.5
61614,Late Delivery,3.5
61615,Poor Quality,3.5
61626,No Received,5.0
61629,Late Delivery,4.0
61640,Wrong Item,4.0
61648,Produto Falso,4.0
61649,Late Delivery,3.5
61653,Wrong Item,4.0
61655,Damaged Goods,3.5
61660,Category,2.5
61697,Category,2.5
61701,Wrong Item,3.5
61702,Não Recebido,4.0
61709,Late Delivery,3.5
61712,Poor Quality,3.5
61718,Late Delivery,3.5
61724,Wrong Item,3.5
61726,Wrong Item,3.5
61729,Late Delivery,3.5
61735,Late Delivery,3.5
61742,Late Delivery,3.5
61751,Mispricing,3.5
61762,Missing Parts,3.5
61764,Wrong Item,4.0
61768,Missing Parts,3.5
61778,Late Delivery,4.0
61783,Late Delivery,3.5
61789,Missing Parts,3.5
61790,Late Delivery,3.5
61795,Late Delivery,1.0
61798,Missing Parts,3.5
61809,Late Delivery,3.5
61812,Missing Parts,3.5
61814,Wrong Item,4.0
61825,Late Delivery,3.5
61830,Late Delivery,3.5
61833,Late Delivery,3.5
61848,Late Delivery,3.5
61860,Late Delivery,3.5
61865,Late Delivery,4.0
61867,Misleading Info,3.5
61870,Wrong Item,4.0
61871,Missing Parts,3.5
61874,Incomplete Order,4.0
61878,Wrong Item,3.5
61885,Late Delivery,3.5
61889,No Delivery,5.0
61893,No Applicability,3.5
61917,Non-Receipt,5.0
61919,Wrong Item,4.0
61928,Late Delivery,4.0
61939,Wrong Item,4.0
61948,Poor Quality,4.0
61952,Late Delivery,3.5
61969,Late Delivery,3.5
61973,Late Delivery,3.5
61976,Late Delivery,3.5
61979,Late Delivery,3.5
61983,No Delivery,4.0
61987,INVENT,1.0
62001,Missing Parts,3.5
62003,Item Never Arrived,5.0
62006,Late Delivery,4.0
62007,Category,2.5
62024,Size Variance,3.5
62027,Late Delivery,3.5
62033,Missing Parts,5.0
62049,Missing Parts,3.5
62053,Late Delivery,3.5
62054,Bom Produto,1.0
62059,Missing Parts,4.0
62062,Late Delivery,3.5
62066,Missing Parts,3.5
62079,Wrong Item,4.0
62081,Wrong Item,4.0
62101,Late Delivery,4.0
62105,Wrong Item,3.5
62114,Late Delivery,4.0
62116,Wrong Item,4.0
62121,Wrong Item,3.5
62122,Late Delivery,4.0
62138,Wrong Item,3.5
62155,Wrong Item,4.0
62163,Wrong Item,3.5
62167,INVENT,3.5
62168,Late Delivery,3.5
62171,Late Delivery,4.0
62180,Lightweight Product,3.5
62181,Late Delivery,3.5
62182,Missing Parts,3.5
62188,N/A,3.5
62193,Respeito Falta,3.5
62197,Missing Parts,4.0
62223,No Issue,1.0
62228,Late Delivery,3.5
62230,Wrong Item,3.5
62234,Wrong Item,4.0
62249,INVENT,3.5
62251,Poor Quality,3.5
62256,Wrong Item,3.5
62279,Late Delivery,4.0
62282,Missing Parts,3.5
62284,Wrong Item,4.0
62291,Late Delivery,4.0
62292,Missing Parts,4.0
62296,Missing Parts,4.0
62312,Missing Parts,3.5
62333,Wrong Item,3.5
62339,Wrong Item,4.0
62344,INVENT,3.5
62345,Late Delivery,2.0
62346,Wrong Item,3.5
62351,Wrong Item,4.0
62363,Poor Quality,3.5
62364,Missing Parts,3.5
62371,Cadeira Incorreta,3.5
62373,Late Delivery,4.0
62375,Missing Parts,3.5
62382,INVENT,1.0
62384,Late Delivery,3.5
62393,No Delivery,4.0
62395,No Delivery,5.0
62399,Wrong Item,4.0
62400,Late Delivery,3.5
62410,Não Recebi,4.0
62414,No Issue Found,1.0
62418,Damaged Goods,4.0
62422,Late Delivery,3.5
62423,Poor Quality,3.5
62429,Wrong Item,4.0
62438,Missing Parts,3.5
62441,Missing Parts,3.5
62447,Late Delivery,3.5
62484,Ruim,3.5
62486,Late Delivery,3.5
62498,Late Delivery,4.0
62506,Late Delivery,4.0
62508,Wrong Item,4.0
62521,No Fit,1.0
62523,Late Delivery,4.0
62530,Late Delivery,1.0
62531,Late Delivery,3.5
62541,INVENT,3.5
62543,Unmet Request,4.0
62544,Wrong Item,4.0
62547,Wrong Item,4.0
62554,Late Delivery,3.5
62556,Late Delivery,3.5
62557,Produto Defeituoso,3.5
62563,Rude Courier,3.5
62569,Wrong Item,4.0
62580,Missing Parts,3.5
62593,Late Delivery,4.0
62600,Late Delivery,3.5
62614,Late Delivery,3.5
62618,Late Delivery,3.5
62632,Late Delivery,3.5
62637,Poor Quality,4.0
62641,Wrong Item,4.0
62642,INVENT,3.5
62644,Late Delivery,3.5
62645,Late Delivery,3.5
62667,Imprecisa,3.5
62669,INVENT,3.5
62673,Missing Parts,3.5
62674,Não Encontrado,3.5
62676,Wrong Item,3.5
62677,Late Delivery,3.5
62697,Wrong Item,4.0
62705,Wrong Item,4.0
62706,Wrong Item,3.5
62712,Late Delivery,3.5
62718,Late Delivery,3.5
62719,Missing Parts,4.0
62752,Wrong Item,4.0
62756,Wrong Item,4.0
62760,Late Delivery,4.0
62765,Produto nunca chegou,5.0
62772,Poor Quality,4.0
62774,Missing Parts,3.5
62775,Late Delivery,3.5
62778,Non Functional Parts,4.0
62779,Category,2.5
62781,No Issue,1.0
62786,Poor Quality,4.0
62800,Late Delivery,3.5
62827,Late Delivery,3.5
62838,Communication Issues,3.5
62841,INVENT,1.0
62845,Late Delivery,3.5
62849,Poor Quality,3.5
62850,Missing Parts,3.5
62866,Wrong Item,4.0
62876,Late Delivery,4.0
62881,Late Delivery,4.0
62892,Color Mismatch,3.5
62893,Late Delivery,4.0
62898,Wrong Item,3.5
62908,Missing Parts,5.0
62921,Late Delivery,3.5
62922,Late Delivery,3.5
62929,Late Delivery,3.5
62937,Late Delivery,3.5
62944,INVENT,3.5
62948,Wrong Item,3.5
62957,Late Delivery,3.5
62968,Late Delivery,3.5
62979,Poor Quality,2.0
62980,Wrong Item,4.0
62981,Wrong Item,4.0
62987,Misinfo,3.5
62996,Poor Quality,3.5
63000,Wrong Item,4.0
63006,Produto Bom,1.0
63015,Late Delivery,4.0
63019,Wrong Item,4.0
63039,Produto conforme,1.0
63043,Late Delivery,4.0
63053,Late Delivery,3.5
63064,Wrong Item,4.0
63090,Product Fraud,5.0
63094,Missing Parts,4.0
63096,Late Delivery,3.5
63102,Late Delivery,4.0
63103,Late Delivery,3.5
63113,Wrong Item,5.0
63115,Poor Quality,3.5
63117,Wrong Item,3.5
63121,Missing Parts,3.5
63126,Late Delivery,3.5
63136,Missing Parts,3.5
63141,Late Delivery,4.0
63144,Late Delivery,4.0
63170,Poor Quality,4.0
63171,Poor Quality,2.0
63178,Not Gotten,3.5
63185,Late Delivery,3.5
63197,Late Delivery,3.5
63200,Late Delivery,3.5
63202,Wrong Item,4.0
63214,Late Delivery,4.0
63220,Wrong Item,3.5
63225,Wrong Item,4.0
63226,Não Recebido,4.0
63232,Late Delivery,3.5
63256,INVENT,3.5
63261,Not Received,5.0
63262,Late Delivery,3.5
63270,Damaged Goods,4.0
63281,Wrong Item,3.5
63289,Late Delivery,3.5
63301,Late Delivery,3.5
63312,Missing Parts,4.0
63319,Wrong Item,4.0
63326,Missing Parts,3.5
63327,Wrong Item,4.0
63330,INVENT,1.0
63333,Missing Parts,3.5
63335,Wrong Item,4.0
63346,Missing Parts,3.5
63352,Wrong Item,4.0
63353,INVENT,3.5
63354,Wrong Size,3.5
63360,Late Delivery,4.0
63371,Late Delivery,3.5
63383,Late Delivery,3.5
63389,Late Delivery,3.5
63401,Poor Quality,3.5
63406,Late Delivery,4.0
63408,Communication Failure,3.5
63409,Received the Product,1.0
63411,INVENT,1.0
63419,Late Delivery,3.5
63425,Late Delivery,3.5
63426,Late Delivery,1.0
63436,Poor Quality,3.5
63438,Wrong Item,4.0
63439,Wrong Item,3.5
63444,Mal Acabado,4.0
63453,No Delivery,5.0
63459,Poor Quality,4.0
63472,Late Delivery,4.0
63474,Missing Parts,3.5
63483,Not Received,5.0
63497,Late Delivery,3.5
63502,INVENT,3.5
63503,Missing Parts,3.5
63504,Late Delivery,3.5
63514,Missing Parts,3.5
63518,Late Delivery,3.5
63522,Late Delivery,3.5
63523,Late Delivery,3.5
63530,Late Delivery,3.5
63537,Missing Parts,3.5
63545,Produto Deficiente,3.5
63549,Missing Parts,3.5
63554,Missing Parts,3.5
63560,Late Delivery,4.0
63584,Late Delivery,3.5
63588,Poor Quality,3.5
63590,Wrong Item,4.0
63598,INVENT,3.5
63602,Poor Quality,3.5
63604,Late Delivery,4.0
63619,No Issue,1.0
63626,Late Delivery,3.5
63631,Category,2.5
63632,Late Delivery,3.5
63633,Wrong Item,4.0
63638,INVENT,3.5
63640,No Issue Found,1.0
63651,Missing Parts,3.5
63660,Damaged Goods,4.0
63670,Missing Parts,4.0
63671,Late Delivery,3.5
63672,Late Delivery,3.5
63674,Wrong Item,4.0
63677,Rude Service,4.0
63680,Wrong Item,3.5
63689,Poor Quality,4.0
63694,Late Delivery,3.5
63704,Damaged Goods,4.0
63709,INVENT,3.5
63716,INVENT,3.5
63719,Missing Parts,3.5
63735,Péssima Estou muito insatisfeito!,3.5
63737,Missing Parts,3.5
63738,Poor Quality,3.5
63739,Damaged Goods,3.5
63745,Poor Quality,4.0
63746,No Arrival,5.0
63751,Not Received,5.0
63759,INVENT,2.0
63761,Atendeu às expectativas,1.0
63762,Wrong Item,3.5
63763,INVENT,2.0
63788,Missing Parts,3.5
63795,Missing Parts,3.5
63806,Late Delivery,3.5
63814,Damaged Goods,4.0
63826,Late Delivery,4.0
63835,Wrong Item,4.0
63838,Missing Parts,3.5
63840,Late Delivery,3.5
63847,Late Delivery,3.5
63850,Late Delivery,4.0
63854,Wrong Item,3.5
63855,Wrong Item,4.0
63856,Missing Parts,3.5
63867,No Item,5.0
63868,Falta Respeito,4.0
63901,Missing Parts,3.5
63909,Late Delivery,4.0
63911,Produto Não Recebido,5.0
63918,INVENT,3.5
63920,Late Delivery,3.5
63938,Missing Parts,3.5
63942,Late Delivery,4.0
63944,Late Delivery,3.5
63947,Poor Quality,3.5
63948,Late Delivery,3.5
63955,Late Delivery,4.0
63956,N/A,3.5
63960,Missing Parts,4.0
63965,Wrong Item,3.5
63967,Wrong Item,3.5
63971,INVENT,3.5
63988,Late Delivery,3.5
63991,Poor Quality,4.0
64001,Late Delivery,3.5
64002,No Arrival,5.0
64009,Late Delivery,3.5
64014,Late Delivery,3.5
64024,Title Different,2.5
64030,Invent,2.5
64047,Não recebi,5.0
64048,Poor Quality,4.0
64052,Category,2.5
64058,Late Delivery,3.5
64059,Wrong Item,4.0
64067,Late Delivery,4.0
64075,Late Delivery,4.0
64079,Late Delivery,4.0
64081,Wrong Item,4.0
64105,Late Delivery,3.5
64109,INVENT,3.5
64118,Late Delivery,2.0
64133,Late Delivery,4.0
64136,Quality,3.5
64149,Voltage Mismatch,3.5
64157,Wrong Item,4.0
64160,Wrong Item,4.0
64162,Late Delivery,3.5
64172,No Delivery,5.0
64173,Late Delivery,3.5
64183,Late Delivery,3.5
64185,Wrong Item,3.5
64194,Wrong Item,4.0
64206,Late Delivery,4.0
64211,Missing Parts,3.5
64218,Wrong Item,4.0
64219,INVENT,3.5
64228,Late Delivery,3.5
64236,Não Encontrado,3.5
64238,Wrong Item,3.5
64244,Late Delivery,3.5
64253,Poor Quality,3.0
64256,Late Delivery,3.5
64262,Missing Parts,3.5
64263,Missing Parts,3.5
64267,Wrong Item,4.0
64268,Language Issue,3.5
64283,Late Delivery,3.5
64285,Late Delivery,3.5
64290,No Delivery,4.0
64306,INVENTED CATEGORY,2.5
64316,Produto de péssima qualidade,4.0
64324,Missing Parts,3.5
64333,INVENT,3.5
64336,Missing Parts,3.5
64338,INVENT,3.5
64341,Poor Quality,4.0
64343,INVENT,1.0
64351,Missing Parts,3.5
64356,Missing Parts,4.0
64358,No Issue,1.0
64360,Late Delivery,3.5
64363,Missing Parts,3.5
64375,Wrong Item,4.0
64379,Late Delivery,3.5
64384,No Product in Stock,3.5
64390,Category,2.5
64416,Mal Acondicionamento,2.5
64423,Wrong Item,4.0
64428,Missing Parts,3.5
64447,No Particular Category,3.5
64465,Late Delivery,3.5
64489,Falta de compromisso,3.5
64491,No Issue,1.0
64497,Missing Parts,4.0
64502,Wrong Item,3.5
64508,Late Delivery,4.0
64511,Wrong Item,4.0
64513,Late Delivery,3.5
64518,Defective Goods,3.5
64521,Late Delivery,3.5
64523,Poor Quality,3.5
64541,Late Delivery,3.5
64547,Late Delivery,4.0
64550,Missing Parts,4.0
64551,INVENT,1.0
64558,Late Delivery,3.5
64559,Late Delivery,3.5
64561,Late Delivery,4.0
64565,Late Delivery,3.5
64568,Late Delivery,3.5
64576,Size Mismatch,3.5
64579,Wrong Item,3.5
64587,Late Delivery,4.0
64592,Late Delivery,4.0
64599,Wrong Item,3.5
64605,Missing Parts,3.5
64618,Wrong Item,4.0
64621,Cancelamento da Compra,2.5
64623,Poor Fit,3.5
64626,Late Delivery,3.5
64633,Poor Quality,3.5
64642,Fraude,5.0
64648,Poor Quality,4.0
64657,No Delivery,4.0
64671,No Delivery,3.0
64675,Late Delivery,3.5
64678,Wrong Item,4.0
64691,Poor Quality,4.0
64695,Late Delivery,4.0
64696,Late Delivery,3.5
64700,Missing Parts,3.5
64713,Late Delivery,4.0
64716,Not Applicable,3.5
64719,Wrong Item,3.5
64733,Poor Quality,3.5
64738,Missing Parts,4.0
64759,INVENT,3.5
64771,Color Incorrect,2.5
64782,Wrong Item,4.0
64806,Péssimo,5.0
64808,Missing Parts,3.5
64815,Wrong Item,3.5
64824,INVENT,1.0
64828,Pedido Cancelado,4.0
64831,Expired Product,3.5
64832,Wrong Item,3.5
64847,Rodinha Torta,2.5
64859,Late Delivery,4.0
64881,Poor Quality,4.0
64885,Late Delivery,4.0
64894,Late Delivery,4.0
64895,Late Delivery,4.0
64909,Late Delivery,4.0
64912,Missing Parts,3.5
64919,Late Delivery,3.5
64925,No Fit,1.0
64927,Late Delivery,3.5
64928,Missing Parts,3.5
64933,Wrong Item,4.0
64953,Late Delivery,4.0
64962,Late Delivery,3.5
64970,Wrong Item,4.0
64971,Não  Não recebi,3.5
64972,Wrong Item,4.0
64980,Late Delivery,3.5
64983,Wrong Item,3.5
64986,Poor Quality,3.5
64987,Late Delivery,3.5
64989,Defective Product,4.0
64997,Missing Parts,3.5
64998,Missing Parts,3.5
65002,Late Delivery,3.5
65004,Late Delivery,5.0
65008,Poor Quality,4.0
65013,No Arrival,5.0
65014,Late Delivery,3.5
65015,Late Delivery,3.5
65018,Wrong Item,4.0
65031,Packing Defects,3.5
65036,Late Delivery,3.5
65056,Poor Quality,3.5
65065,Poor Quality,4.0
65080,Wrong Item,4.0
65083,Rude Courier,3.5
65089,Installation Issues,3.5
65095,No Delivery,5.0
65099,Rude Courier,3.5
65113,Poor Quality,4.0
65121,Damaged Goods,4.0
65135,Wrong Item,4.0
65136,Missing Parts,4.0
65147,Late Delivery,3.5
65154,INVENT,2.5
65155,Invent Category,2.5
65164,Late Delivery,3.5
65178,Non Functional,4.0
65182,Late Delivery,3.5
65188,Poor Quality,4.0
65207,Cancelled Order,3.5
65210,Rude Treatment,3.5
65227,Rude Courier,3.5
65235,Late Delivery,3.5
65245,INVENT,3.5
65253,Late Delivery,3.5
65255,Wrong Item,4.0
65256,Late Delivery,3.5
65257,Late Delivery,3.5
65258,Missing Parts,3.5
65266,Late Delivery,3.5
65267,INVENT,3.5
65271,Poor Quality,3.5
65273,Trust Issues,3.5
65280,Wrong Item,3.5
65290,Wrong Item,4.0
65291,Wrong Item,4.0
65294,Damaged Goods,4.0
65306,Missing Parts,3.5
65317,Missing Parts,3.5
65318,Missing Parts,4.0
65328,Late Delivery,3.5
65340,Late Delivery,3.5
65343,INVENT,3.5
65345,Wrong Item,3.5
65356,No Delivery,3.0
65361,Missing Parts,3.5
65364,Missing Parts,3.5
65365,Late Delivery,3.5
65372,No New Category,3.5
65373,Late Delivery,3.5
65374,Wrong Item,4.0
65380,Missing Parts,3.5
65408,Expectations Not Met,3.5
65420,Wrong Item,4.0
65428,Late Delivery,3.5
65438,Missing Parts,3.5
65445,Late Delivery,3.5
65447,Not Received,5.0
65448,Late Delivery,3.5
65451,INVENT,1.0
65465,No Issue,1.0
65471,Missing Parts,3.5
65475,Late Delivery,3.5
65480,Poor Quality,3.5
65484,Late Delivery,3.5
65489,Late Delivery,3.5
65507,Late Delivery,3.5
65509,Late Delivery,3.5
65510,Late Delivery,4.0
65527,Missing Parts,3.5
65529,Missing Parts,3.5
65535,Late Delivery,3.5
65551,Wrong Item,4.0
65563,Late Delivery,3.5
65579,Poor Quality,3.5
65585,Late Delivery,3.5
65587,Missing Parts,3.5
65593,Wrong Item,4.0
65594,Late Delivery,3.5
65618,Wrong Item,3.5
65621,Not Applicable,3.5
65627,Missing Parts,3.5
65629,Poor Quality,3.5
65631,Missing Parts,4.0
65632,Late Delivery,3.5
65640,Late Delivery,3.5
65653,Wrong Item,4.0
65666,Water Damage,4.0
65668,Missing Parts,3.5
65675,No Issue,1.0
65676,Communication Issues,3.5
65683,Não Recebido,3.5
65685,Ruim,3.5
65692,Wrong Item,4.0
65694,Late Delivery,3.5
65695,No Received Goods,5.0
65737,Wrong Item,4.0
65740,Missing Parts,3.5
65741,No Delivery,5.0
65743,Late Delivery,4.0
65744,Missing Parts,3.5
65745,Wrong Item,4.0
65748,Overpricing,3.5
65750,Late Delivery,3.5
65756,Broken Product,4.0
65778,Late Delivery,4.0
65785,Late Delivery,4.0
65787,Late Delivery,3.5
65789,Wrong Item,3.5
65790,INVENT,2.0
65791,Late Delivery,3.5
65795,INVENT,3.5
65818,Wrong Item,3.5
65820,Late Delivery,3.5
65836,INVENT,3.5
65862,INVENT,3.5
65871,Late Delivery,3.5
65874,No Issue,1.0
65893,Late Delivery,3.5
65900,Late Delivery,3.5
65907,Late Delivery,3.5
65908,Late Delivery,3.5
65916,Never Received Product,5.0
65921,Late Delivery,3.5
65937,Late Delivery,4.0
65938,Wrong Item,4.0
65940,Late Delivery,3.5
65941,Wrong Item,4.0
65943,INVENT,3.5
65952,Entrega Pontual,1.0
65958,Wrong Item,4.0
65961,Late Delivery,3.5
65975,INVENT,3.5
65976,Communication Issue,3.5
65979,Color Mismatch,3.5
65984,Missing Parts,3.5
65988,Poor Quality,3.5
66007,Late Delivery,4.0
66011,Late Delivery,3.5
66018,Late Delivery,3.5
66021,Separation of Orders,3.5
66026,No Arrival,5.0
66038,Late Delivery,3.5
66039,Por se tratar de um produto de,2.5
66044,Missing Parts,3.5
66052,Late Delivery,3.5
66060,Wrong Item,4.0
66065,Péssima,3.5
66069,No New Category,3.5
66073,Late Delivery,3.5
66078,Late Delivery,3.5
66085,Wrong Item,4.0
66110,Late Delivery,3.5
66126,Late Delivery,3.5
66142,Late Delivery,3.5
66146,Damaged Goods,3.5
66149,Late Delivery,3.5
66151,Late Delivery,4.0
66159,Poor Quality,4.0
66167,INVENT,1.0
66177,Damaged Goods,3.5
66178,Late Delivery,3.5
66186,Late Delivery,4.0
66203,Wrong Item,4.0
66216,Missing Parts,3.5
66221,Wrong Item,3.5
66222,Missing Parts,3.5
66229,Late Delivery,4.0
66237,Late Delivery,3.5
66243,Late Delivery,3.5
66270,Late Delivery,4.0
66276,Late Delivery,3.5
66278,Wrong Item,3.5
66280,Late Delivery,4.0
66289,Wrong Item,4.0
66299,Fit Issue,3.5
66301,Wrong Item,4.0
66307,Defective Part,3.5
66310,Missing Parts,3.5
66313,Missing Parts,3.5
66324,Embalagem muito mal feita,3.5
66328,Missing Parts,3.5
66329,Wrong Item,4.0
66339,Poor Quality,3.5
66341,Poor Quality,4.0
66348,Late Delivery,2.0
66349,Missing Parts,3.5
66355,Late Delivery,3.5
66358,Late Delivery,3.5
66361,Insatisfação,3.5
66364,Trincada,4.0
66367,Wrong Item,4.0
66369,Late Delivery,4.0
66377,Missing Parts,3.5
66379,Poor Quality,3.5
66387,Wrong Item,4.0
66391,Late Delivery,4.0
66404,Late Delivery,4.0
66423,Late Delivery,3.5
66427,Wrong Item,4.0
66432,Service Excellent,1.0
66434,Wrong Item,3.5
66438,Late Delivery,3.5
66460,Wrong Item,4.0
66470,Late Delivery,3.5
66474,Late Delivery,4.0
66475,Missing Parts,3.5
66479,Missing Parts,4.0
66484,Late Delivery,4.0
66490,Cancelled Order,5.0
66492,Missing Parts,3.5
66493,Missing Parts,3.5
66499,No Delivery,5.0
66501,Late Delivery,4.0
66513,Missing Parts,3.5
66514,Missing Parts,3.5
66520,Late Delivery,3.5
66525,No Fit,1.0
66535,Expired Product,4.0
66541,Late Delivery,3.5
66542,Late Delivery,3.5
66546,No Fit,2.0
66551,Missing Parts,3.5
66553,Late Delivery,3.5
66558,INVENT,3.5
66559,Late Delivery,3.5
66562,Late Delivery,3.5
66564,Late Delivery,4.0
66569,Late Delivery,4.0
66574,No Delivery,5.0
66575,Missing Parts,4.0
66592,Late Delivery,3.5
66604,Propaganda Dubia,3.5
66605,Late Delivery,3.5
66614,Wrong Item,4.0
66618,Wrong Item,4.0
66636,Wrong Item,3.5
66643,Late Delivery,4.0
66651,Wrong Item,4.0
66652,Damaged Goods,3.5
66658,INVENT,3.5
66676,Late Delivery,4.0
66678,No Fit,3.5
66681,Poor Quality,4.0
66685,Late Delivery,4.0
66702,Late Delivery,3.5
66707,Late Delivery,3.5
66720,Poor Quality,4.0
66721,Missing Parts,3.5
66723,Late Delivery,3.5
66729,No Delivery,5.0
66733,Late Delivery,3.5
66734,INVENT,3.5
66743,Wrong Item,4.0
66748,Late Delivery,3.5
66758,Late Delivery,4.0
66805,Late Delivery,4.0
66822,Wrong Item,3.5
66830,Missing Parts,3.5
66836,Late Delivery,3.5
66846,Late Delivery,3.5
66851,INVENT,3.5
66870,Missing Parts,4.0
66872,Missing Parts,3.5
66884,Missing Parts,3.5
66886,Poor Quality,3.0
66890,Missing Parts,3.5
66894,Late Delivery,4.0
66896,Late Delivery,3.5
66899,Late Delivery,4.0
66906,Not Delivered,4.0
66911,Late Delivery,3.5
66917,Poor Quality,4.0
66924,Late Delivery,1.0
66929,Late Delivery,3.5
66930,Late Delivery,3.5
66938,Entrega Incompleta,4.0
66943,Not Received,5.0
66948,Late Delivery,3.5
66953,Wrong Item,4.0
66957,Wrong Item,4.0
66977,Wrong Item,4.0
66986,Wrong Item,4.0
67010,Wrong Item,3.5
67020,Late Delivery,3.5
67022,Missing Parts,3.5
67035,Color Mismatch,4.0
67036,Late Delivery,4.0
67038,Late Delivery,3.5
67039,Late Delivery,3.5
67057,Wrong Item,4.0
67062,INVENT,1.0
67066,No Delivery,5.0
67068,Missing Parts,3.5
67071,Late Delivery,3.5
67076,Late Delivery,3.5
67087,Missing Parts,3.5
67091,Missing Parts,3.5
67095,Late Delivery,4.0
67105,Wrong Item,4.0
67109,Late Delivery,3.5
67113,No Arrival,5.0
67116,Late Delivery,4.0
67130,Late Delivery,3.5
67135,Missing Parts,4.0
67137,Wrong Item,5.0
67150,Poor Quality,4.0
67151,No Email Informando Entrega,3.5
67154,Defective Internally,3.5
67155,Critical Failure / Scam,5.0
67156,Late Delivery,3.5
67158,Late Delivery,3.5
67161,Late Delivery,4.0
67165,Fit for Purpose,3.5
67174,Missing Parts,3.5
67176,Fraud,5.0
67190,Category,1.0
67191,Late Delivery,3.5
67198,Poor Quality,4.0
67200,Late Delivery,3.5
67202,Late Delivery,3.5
67210,Late Delivery,4.0
67213,No Delivery,3.0
67218,Não Entregue,5.0
67219,Damaged Goods,4.0
67232,Late Delivery,3.5
67248,Late Delivery,3.5
67252,Late Delivery,3.5
67257,Invent Category,2.5
67262,Late Delivery,3.5
67266,Late Delivery,3.5
67272,Damaged Goods,4.0
67275,Wrong Item,4.0
67277,Poor Quality,3.5
67281,Late Delivery,3.5
67301,Rude Courier,3.5
67302,Ruim,3.5
67303,Poor Quality,4.0
67318,Late Delivery,4.0
67337,Horrível,4.0
67339,Late Delivery,3.5
67341,Late Delivery,3.5
67358,Late Delivery,4.0
67359,Late Delivery,3.5
67374,Wrong Item,3.5
67378,N/A,3.5
67383,Produto Veio Com Defeito,2.5
67386,Late Delivery,3.5
67410,Late Delivery,3.5
67421,Awaiting Position About The Product,3.5
67422,Late Delivery,3.5
67428,Late Delivery,3.5
67439,Water Leakage,3.5
67456,Wrong Item,4.0
67466,Late Delivery,3.5
67468,Late Delivery,3.5
67478,Wrong Item,4.0
67484,Mercadoria Queimada,4.0
67500,Late Delivery,3.5
67503,Missing Parts,3.5
67517,Insatisfeito,3.5
67536,Late Delivery,3.5
67546,Non-Compliance,4.0
67547,Wrong Item,4.0
67552,Poor Quality,3.5
67553,INVENT,3.5
67571,Wrong Item,4.0
67577,Wrong Item,4.0
67579,Wrong Item,3.5
67595,No Issue,1.0
67601,Wrong Item,4.0
67611,Late Delivery,3.5
67624,Not Conforming,3.5
67625,Wrong Item,4.0
67649,Missing Parts,3.5
67653,Late Delivery,3.5
67654,No Arrival,5.0
67656,Late Delivery,3.5
67663,No Fit,2.0
67664,Rude Courier,3.5
67668,Late Delivery,3.5
67678,Missing Parts,3.5
67681,Missing Parts,4.0
67686,Produto Quebrado,4.0
67688,Poor Quality,4.0
67694,Não Recebido,5.0
67703,Late Delivery,3.5
67705,Late Delivery,4.0
67715,INVENT,3.5
67730,Late Delivery,3.5
67731,Por fora bem,2.0
67734,Poor Quality,3.5
67738,Late Delivery,3.5
67739,Wrong Item,3.5
67740,Missing Parts,3.5
67745,Missing Parts,3.5
67757,Wrong Item,4.0
67762,Late Delivery,3.5
67784,Wrong Item,3.5
67790,Wrong Item,4.0
67792,Entregue no prazo,1.0
67798,Missing Parts,3.5
67810,Damaged Goods,3.5
67812,Late Delivery,4.0
67831,Poor Quality,3.5
67834,Late Delivery,3.5
67850,Wrong Item,3.5
67852,Unclear Information,3.5
67855,Missing Parts,3.5
67869,Measurement Mismatch,3.5
67874,Wrong Item,4.0
67877,Late Delivery,3.5
67897,Wrong Item,3.5
67901,No Delivery,5.0
67959,Late Delivery,3.5
67973,Late Delivery,3.5
67975,Poor Quality,3.5
67976,Poor Quality,4.0
67978,Late Delivery,3.5
67985,INVENT,3.5
67986,Late Delivery,3.5
67990,Customer Service,3.5
67993,Late Delivery,3.5
67997,Late Delivery,4.0
68002,Late Delivery,3.5
68008,Late Delivery,4.0
68021,Missing Parts,3.5
68026,Unclear,3.5
68029,Late Delivery,3.5
68042,Wrong Item,3.5
68045,Wrong Item,4.0
68048,Late Delivery,3.5
68058,Late Delivery,3.5
68060,Wrong Item,4.0
68069,Late Delivery,3.5
68075,Late Delivery,4.0
68083,Missing Parts,4.0
68091,Poor Quality,3.5
68098,Totalmente insatisfeita,5.0
68112,Late Delivery,3.5
68123,Wrong Item,3.5
68131,Non Conformity,4.0
68143,Poor Quality,4.0
68160,Missing Parts,3.5
68161,Wrong Item,4.0
68163,Late Delivery,3.5
68171,Defectos na Cola,4.0
68183,No Feedback Provided,1.0
68184,Late Delivery,3.5
68185,Falta Peças,3.5
68187,No Delivery,4.0
68188,Late Delivery,4.0
68192,Rude Courier,3.5
68198,Wrong Item,4.0
68201,Late Delivery,3.5
68207,Late Delivery,3.5
68217,Poor Quality,3.5
68222,No Issue,1.0
68223,Wrong Item,4.0
68231,Missing Parts,3.5
68233,Late Delivery,3.5
68242,Produto Falha de Embalagem,3.5
68245,No Fit,3.5
68246,Missing Parts,4.0
68250,Wrong Item,4.0
68251,Late Delivery,4.0
68255,Poor Quality,3.0
68266,Wrong Item,4.0
68267,Wrong Item,4.0
68271,Wrong Item,3.5
68284,Poor Quality,3.5
68297,Late Delivery,3.5
68304,Missing Parts,3.5
68308,Wrong Item,3.5
68327,Late Delivery,3.5
68330,Wrong Item,3.5
68331,Poor Quality,3.5
68340,Late Delivery,3.5
68345,Wrong Item,4.0
68350,Late Delivery,3.5
68364,No Issue Reported,1.0
68365,Não recomendo,3.5
68369,Wrong Item,3.5
68371,Wrong Item,3.5
68372,Late Delivery,3.5
68375,Late Delivery,3.5
68387,Poor Quality,4.0
68388,Wrong Item,4.0
68401,Late Delivery,4.0
68411,Wrong Item,4.0
68425,Late Delivery,3.5
68436,Poor Quality,4.0
68444,Late Delivery,3.5
68453,Entrega Em Desacordo,3.5
68488,Late Delivery,3.5
68491,No Delivery,3.0
68511,Missing Parts,3.5
68512,Wrong Item,4.0
68517,Wrong Item,3.5
68518,Damaged Goods,4.0
68519,Missing Parts,3.5
68520,Poor Quality,3.5
68521,Late Delivery,3.5
68524,Produto Ruim,4.0
68527,Rude Courier,3.5
68539,Vazamento,3.5
68550,Poor Quality,4.0
68579,Communication Error,3.5
68585,INVENT,2.5
68588,Late Delivery,4.0
68596,Poor Quality,3.5
68597,Late Delivery,4.0
68601,Missing Parts,3.5
68615,Late Delivery,4.0
68616,Late Delivery,3.5
68623,Late Delivery,3.5
68624,Poor Quality,3.0
68625,Late Delivery,3.5
68628,Inconvenience,3.5
68638,Falsification,4.0
68640,Late Delivery,3.5
68641,Late Delivery,4.0
68643,Missing Parts,3.5
68647,Ruptured Goods,4.0
68653,Fraud,5.0
68689,No Problema,1.0
68695,Late Delivery,4.0
68709,Poor Quality,4.0
68710,Wrong Item,3.5
68721,Extremely Late Delivery,4.0
68730,Descaso Com Cliente,2.5
68732,Late Delivery,4.0
68743,Damaged Goods,4.0
68745,No Issue Found,1.0
68748,Missing Parts,3.5
68764,No Delivery,3.0
68772,Late Delivery,3.5
68789,Late Delivery,3.5
68797,Missing Parts,3.5
68803,No Issue Found,1.0
68805,Wrong Item,4.0
68809,Late Delivery,3.5
68810,Missing Parts,3.5
68815,Late Delivery,4.0
68823,Late Delivery,3.5
68824,Late Delivery,3.5
68829,No Delivery,5.0
68830,Late Delivery,3.5
68832,Poor Quality,4.0
68836,Wrong Item,4.0
68847,Wrong Item,4.0
68873,No Delivery,5.0
68882,Missing Parts,3.5
68888,Late Delivery,3.5
68894,Esperando,3.5
68896,INVENT,1.0
68897,Late Delivery,2.0
68906,Late Delivery,4.0
68917,Late Delivery,3.5
68934,No Applicability,3.5
68951,Late Delivery,4.0
68955,Wrong Item,4.0
68959,INVENT,3.5
68970,Lixo,3.5
68971,Late Delivery,3.5
68976,Late Delivery,3.5
68980,Ripped Package,4.0
69002,Produto fora de especificação,4.0
69004,INVENT,1.0
69014,Category,2.5
69019,Late Delivery,3.5
69020,No Fit,1.0
69032,Late Delivery,3.5
69060,Late Delivery,3.5
69064,Poor Quality,4.0
69071,Incongruence,3.5
69073,Late Delivery,3.5
69074,Late Delivery,4.0
69084,Late Delivery,3.5
69088,Poor Quality,3.5
69091,Wrong Item,4.0
69096,Sem Comunicação,3.5
69098,Missing Parts,3.5
69103,No Delivery,5.0
69128,Late Delivery,3.5
69151,No Arrival,5.0
69159,Wrong Item,4.0
69173,Wrong Item,4.0
69178,Late Delivery,3.5
69191,Poor Quality,3.5
69192,Late Delivery,3.5
69209,Late Delivery,3.5
69215,INVENT,3.5
69225,Late Delivery,2.0
69228,Wrong Item,3.5
69235,Late Delivery,3.5
69240,No Issue,1.0
69242,Late Delivery,3.5
69251,Rude Courier,3.5
69252,Cancellation Requested,3.5
69253,Late Delivery,3.5
69256,Problems,3.5
69260,INVENT,3.5
69263,Missing Parts,3.5
69269,Wrong Item,4.0
69271,Wrong Item,4.0
69284,Late Delivery,3.5
69286,Poor Quality,3.5
69297,Poor Quality,4.0
69303,Missing Parts,3.5
69323,Wrong Item,4.0
69337,Late Delivery,4.0
69340,Late Delivery,3.5
69342,No Received,4.0
69346,Wrong Item,3.5
69347,Missing Parts,4.0
69353,Late Delivery,3.5
69354,Late Delivery,3.5
69383,Late Delivery,3.5
69388,Pobre Qualidade,4.0
69391,Late Delivery,3.5
69393,Missing Parts,3.5
69402,Wrong Item,4.0
69408,INVENT,1.0
69410,Missing Parts,3.5
69419,Missing Parts,5.0
69422,Missing Parts,3.5
69424,Wrong Item,3.5
69438,Material Bom,1.0
69439,Late Delivery,3.5
69442,Late Delivery,4.0
69444,Missing Parts,3.5
69445,Poor Quality,3.5
69447,Late Delivery,3.5
69448,Wrong Item,3.5
69457,Late Delivery,3.5
69471,Poor Quality,3.5
69478,Late Delivery,4.0
69483,Late Delivery,4.0
69497,Late Delivery,3.5
69499,Delayed Delivery,3.5
69516,Late Delivery,3.5
69525,Wrong Item,4.0
69526,INVENT,3.5
69536,Late Delivery,3.5
69545,Wrong Item,3.5
69556,Late Delivery,3.5
69561,Late Delivery,4.0
69562,Poor Quality,3.5
69568,Late Delivery,3.5
69569,Missing Parts,3.5
69571,INVENT,3.5
69607,Rápida Entrega,1.0
69626,Missing Parts,3.5
69628,Wrong Item,4.0
69631,No Item,5.0
69660,INVENT,2.5
69661,Wrong Item,4.0
69672,Late Delivery,3.5
69677,Late Delivery,3.5
69681,Late Delivery,3.5
69683,Wrong Item,4.0
69684,Missing Parts,3.5
69709,Missing Parts,3.5
69715,Late Delivery,3.5
69717,INVENT,1.0
69721,Late Delivery,3.5
69725,Missing Parts,3.5
69740,Wrong Item,3.5
69742,Wrong Item,3.5
69744,No Issue,1.0
69745,Relógios Quebrados,4.0
69747,Late Delivery,3.5
69749,Entrega Incompleta,3.5
69751,Late Delivery,3.5
69771,Poor Quality,4.0
69786,Late Delivery,3.5
69790,Missing Parts,4.0
69799,Poor Quality,4.0
69801,Incomplete Order,4.0
69817,Wrong Item,4.0
69826,Late Delivery,4.0
69827,Wrong Item,4.0
69830,Late Delivery,3.5
69835,Chateada,3.5
69849,Late Delivery,3.5
69857,Missing Parts,3.5
69867,Late Delivery,3.5
69869,Missing Parts,3.5
69882,Produto Amassado,3.5
69883,Late Delivery,4.0
69889,Late Delivery,3.5
69891,Late Delivery,3.5
69893,No Issue,1.0
69895,Missing Parts,4.0
69911,Pessimo,5.0
69923,No Issue,1.0
69940,Late Delivery,4.0
69945,Poor Quality,4.0
69946,INVENT,3.5
69957,Missing Parts,3.5
69960,Item Never Arrived,5.0
69963,Missing Parts,3.5
69972,Late Delivery,3.5
69987,Late Delivery,3.5
69992,Missing Parts,3.5
69993,Late Delivery,3.5
69994,Late Delivery,3.5
70019,Wrong Item,4.0
70020,Delayed Return Process,4.0
70029,Late Delivery,3.5
70041,Late Delivery,3.5
70052,Late Delivery,3.5
70053,Late Delivery,3.5
70054,Poor Quality,3.5
70063,Not Received,5.0
70067,Missing Parts,4.0
70069,Late Delivery,3.5
70075,INVENT,3.5
70078,No Delivery,4.0
70079,Late Delivery,4.0
70080,Wrong Item,4.0
70082,No Delivery,5.0
70085,INVENT,3.5
70086,Wrong Item,4.0
70095,Late Delivery,3.5
70102,Poor Fit,4.0
70105,Wrong Item,4.0
70107,Poor Quality,3.5
70109,INVENT,3.5
70120,Late Delivery,2.0
70122,Poor Quality,4.0
70123,Missing Parts,4.0
70131,Not Received,5.0
70139,Late Delivery,3.5
70142,Late Delivery,3.5
70145,Wrong Item,3.5
70147,Por enquanto,3.5
70150,Late Delivery,3.5
70154,Mismatch,3.5
70163,Wrong Item,4.0
70164,Late Delivery,3.5
70167,Late Delivery,4.0
70168,INVENT,1.0
70174,Wrong Item,4.0
70178,Late Delivery,3.5
70186,Late Delivery,3.5
70196,Late Delivery,4.0
70197,Late Delivery,3.5
70201,Late Delivery,3.5
70212,Late Delivery,3.5
70224,Late Delivery,3.5
70225,No Issue,1.0
70226,Late Delivery,3.5
70227,Late Delivery,3.5
70245,Late Delivery,4.0
70258,Late Delivery,3.5
70263,INVENT,3.5
70268,Late Delivery,4.0
70279,Poor Fit,3.5
70286,Late Delivery,4.0
70288,No Delivery,5.0
70291,Late Delivery,4.0
70292,Late Delivery,3.5
70295,Late Delivery,3.5
70302,Inconvenience,3.5
70306,No Arrival,5.0
70311,Confusion,3.5
70315,Missing Parts,3.5
70321,Late Delivery,3.5
70326,Not Fit,3.5
70327,Missing Parts,4.0
70337,Missing Parts,3.5
70344,Poor Quality,3.5
70351,Missing Parts,4.0
70361,Late Delivery,3.5
70362,Wrong Item,3.5
70364,Poor Quality,3.0
70375,Communication Issues,3.5
70377,Missing Parts,3.5
70381,Wrong Item,4.0
70383,Late Delivery,3.5
70400,Poor Quality,3.5
70408,No Site Havia O Produto,3.5
70412,Wrong Item,4.0
70413,Delayed Delivery,3.5
70419,Poor Fit,3.5
70421,Wrong Item,4.0
70425,Late Delivery,4.0
70428,Late Delivery,4.0
70431,Não Receber Produto,3.5
70433,INVENT,3.5
70437,Wrong Item,4.0
70443,No Fit,1.0
70445,Wrong Item,3.5
70446,Missing Parts,3.5
70447,Late Delivery,3.5
70462,Missing Parts,3.5
70464,Cartucho Porcaria,2.5
70474,Missing Parts,4.0
70475,Wrong Item,3.5
70484,Late Delivery,3.5
70495,Late Delivery,3.5
70497,Missing Parts,3.5
70499,Wrong Item,4.0
70526,Missing Parts,3.5
70536,No Delivery,5.0
70543,Wrong Item,4.0
70554,Leaky Filter,3.5
70563,No Fit,1.0
70564,Late Delivery,3.5
70567,Wrong Item,3.5
70580,Good Experience,1.0
70582,Late Delivery,3.5
70598,Wrong Item,3.5
70613,Late Delivery,3.5
70616,Poor Quality,4.0
70620,Late Delivery,3.5
70624,Poor Quality,3.5
70636,Late Delivery,4.0
70642,Total Desleixo,3.5
70649,Não recebi.,3.5
70659,Late Delivery,3.5
70667,Late Delivery,3.5
70678,Late Delivery,3.5
70685,Descaso Total,5.0
70686,Wrong Item,3.5
70701,Late Delivery,3.5
70715,Produto errado,2.5
70750,Late Delivery,3.5
70753,Misleading Packaging,3.5
70762,Late Delivery,3.5
70779,Wrong Item,3.5
70781,Damaged Goods,4.0
70789,Late Delivery,3.5
70790,Late Delivery,3.5
70799,Wrong Item,4.0
70807,INVENT,1.0
70810,Poor Quality,4.0
70814,Wrong Item,3.5
70821,Wrong Item,4.0
70823,Wrong Item,3.5
70824,Wrong Item,4.0
70828,Wrong Item,4.0
70832,Misfit,3.5
70834,Communication Issues,3.5
70839,Missing Parts,4.0
70843,Late Delivery,3.5
70847,Late Delivery,3.5
70867,Damaged Goods,3.5
70869,Missing Parts,3.5
70871,Missing Parts,3.5
70872,Wrong Item,4.0
70884,Late Delivery,3.5
70896,Missing Parts,3.5
70902,Late Delivery,2.0
70903,No Delivery,5.0
70907,Late Delivery,4.0
70910,Missing Parts,3.5
70912,Wrong Item,4.0
70919,No Delivery,3.0
70925,Wrong Item,3.5
70930,Missing Parts,3.5
70933,Produto de péssima qualidade,4.0
70936,Missing Parts,4.0
70941,Off-Smell,4.0
70965,Wrong Item,3.5
70978,Wrong Item,4.0
70997,Late Delivery,3.5
71001,Late Delivery,3.5
71034,Poor Fit,3.5
71037,Damaged Goods,3.5
71041,Missing Parts,3.5
71044,Missing Parts,3.5
71046,Late Delivery,3.5
71053,Wrong Item,3.5
71056,Late Delivery,3.5
71058,Category,2.5
71061,Atendimento ruim,3.5
71063,No Issue,1.0
71067,INVENT,1.0
71079,Wrong Item,4.0
71083,Wrong Item,4.0
71091,Item Never Arrived,5.0
71094,INVENT,1.0
71097,Damaged Goods,4.0
71107,Late Delivery,3.5
71112,Late Delivery,3.5
71118,Damaged Goods,4.0
71121,Late Delivery,2.0
71123,Missing Parts,3.5
71124,Non-Arrival,5.0
71129,Wrong Item,4.0
71133,Não recebi,5.0
71135,Wrong Item,4.0
71140,Poor Quality,4.0
71142,Missing Parts,3.5
71157,Fraud,4.0
71161,Late Delivery,3.5
71170,INVENT,3.5
71172,Late Delivery,4.0
71179,Customer Review Not Provided,2.5
71192,No Fit,3.5
71197,Late Delivery,3.5
71198,Late Delivery,4.0
71215,Late Delivery,3.5
71224,Unclear Ad,3.5
71225,Perfume Faulty,3.5
71229,Late Delivery,4.0
71231,Late Delivery,3.5
71235,Late Delivery,4.0
71246,Late Delivery,4.0
71274,Color Mismatch,3.5
71275,No Item,3.5
71281,Communication Issue,3.5
71286,Late Delivery,4.0
71293,Wrong Item,4.0
71302,Mismatch,3.5
71303,Missing Parts,3.5
71309,Defective Product,4.0
71313,Late Delivery,3.5
71315,Late Delivery,3.5
71329,Wrong Item,4.0
71333,Late Delivery,4.0
71347,Missing Parts,3.5
71349,Missing Parts,3.5
71357,Late Delivery,3.5
71360,Wrong Item,4.0
71363,Por favor gostaria de saber da minha entrega,1.0
71364,Late Delivery,3.5
71375,Color Variance,3.5
71377,Late Delivery,3.5
71379,Invent Category,2.5
71381,Non Functional,4.0
71397,Late Delivery,3.5
71403,Late Delivery,3.5
71413,Poor Quality,4.0
71422,Late Delivery,3.5
71425,Quality,3.5
71428,Late Delivery,3.5
71429,No Delivery,4.0
71435,Bom atendimento,1.0
71437,Wrong Item,4.0
71446,Late Delivery,4.0
71453,Late Delivery,4.0
71459,No Delivery,5.0
71460,Poor Quality,4.0
71469,INVENT,1.0
71472,Poor Quality,3.5
71477,Capacity Mismatch,3.5
71484,Late Delivery,4.0
71487,Missing Parts,3.5
71499,Late Delivery,3.5
71501,Wrong Item,4.0
71504,NonFunctionalProduct,3.5
71505,Late Delivery,3.5
71509,Late Delivery,3.5
71514,Late Delivery,3.5
71533,INVENT,3.5
71540,Não Gostei,3.5
71547,No Issue,1.0
71548,Late Delivery,3.5
71551,Poor Quality,4.0
71553,Missing Parts,3.5
71555,Late Delivery,5.0
71562,Wrong Item,3.5
71565,Missing Parts,5.0
71570,Not Provided,3.5
71587,Late Delivery,3.5
71588,Poor Quality,3.5
71591,Ruim,3.5
71592,No Issue,1.0
71602,Damaged Goods,4.0
71605,Late Delivery,3.5
71608,Wrong Item,4.0
71610,Missing Parts,3.5
71616,Late Delivery,1.0
71621,Late Delivery,3.5
71644,Late Delivery,4.0
71656,Late Delivery,3.5
71666,Late Delivery,4.0
71684,Broken Product,4.0
71710,Wrong Item,4.0
71719,Wrong Item,4.0
71737,Late Delivery,3.5
71756,Missing Parts,3.5
71767,Wrong Item,4.0
71772,No Issue,1.0
71816,Missing Parts,3.5
71821,Wrong Item,4.0
71824,No Issue,1.0
71836,Late Delivery,4.0
71837,Transtorno,3.5
71838,Missing Parts,3.5
71839,Wrong Item,3.5
71852,Late Delivery,3.5
71857,Late Delivery,3.5
71867,Late Delivery,3.5
71879,Late Delivery,3.5
71883,No Fit,1.0
71885,Not Received,5.0
71886,Late Delivery,3.5
71888,Wrong Item,3.5
71891,Missing Parts,4.0
71897,Late Delivery,3.5
71906,Missing Parts,4.0
71907,Damaged Goods,3.5
71919,Wrong Item,3.5
71923,Poor Quality,4.0
71925,Late Delivery,3.5
71930,Late Delivery,4.0
71935,Late Delivery,3.5
71940,No Response,3.5
71941,Late Delivery,3.5
71954,INVENT,3.5
71960,Late Delivery,3.5
71961,Wrong Item,3.5
71964,Missing Parts,3.5
71973,Late Delivery,3.5
71980,Late Delivery,3.5
71985,Late Delivery,3.5
71989,Late Delivery,3.5
71996,Poor Quality,3.5
72005,Missing Parts,3.5
72013,Ruim,3.5
72015,Wrong Item,4.0
72016,Product Variance,3.5
72027,Damaged Goods,3.5
72038,Damaged Goods,3.5
72040,Missing Parts,3.5
72042,Late Delivery,4.0
72047,Late Delivery,3.5
72054,Não Corresponde ao Pedido,3.5
72056,Late Delivery,3.5
72060,Late Delivery,3.5
72067,Late Delivery,3.5
72068,Missing Parts,3.5
72077,Wrong Item,4.0
72083,Poor Quality,4.0
72090,Defecto Produto,4.0
72091,Late Delivery,3.5
72093,Late Delivery,3.5
72095,Wrong Item,4.0
72108,Poor Quality,3.5
72113,INVENT,3.5
72131,Category,2.5
72151,Wrong Item,4.0
72157,Late Delivery,3.5
72158,Incongruence,3.5
72159,Wrong Item,4.0
72163,Late Delivery,4.0
72166,Late Delivery,3.5
72167,Wrong Item,3.5
72169,Wrong Item,3.5
72173,Wrong Item,3.5
72177,Late Delivery,3.5
72179,Produto Péssimo,4.0
72181,Missing Parts,3.5
72188,Pintura Descascada,3.5
72189,INVENT,1.0
72197,Late Delivery,3.5
72204,Missing Parts,3.5
72205,Late Delivery,3.5
72207,Late Delivery,3.5
72212,Nononono,3.5
72224,Late Delivery,3.5
72228,Late Delivery,3.5
72230,Late Delivery,3.5
72236,INVENT,3.5
72237,Late Delivery,3.5
72243,Late Delivery,3.5
72245,Not Received,5.0
72250,Esperando solução,3.5
72259,Late Delivery,3.5
72260,Late Delivery,3.5
72263,Late Delivery,3.5
72272,Missing Parts,4.0
72280,Missing Parts,3.5
72293,Late Delivery,3.5
72297,Wrong Item,3.5
72304,Late Delivery,4.0
72307,Late Delivery,3.5
72310,Late Delivery,4.0
72311,Wrong Item,4.0
72318,Wrong Item,4.0
72320,Late Delivery,3.5
72330,Non-Arrival,5.0
72335,Late Delivery,3.5
72369,Late Delivery,3.5
72373,Rude Courier,3.5
72374,Wrong Item,4.0
72393,Poor Quality,3.5
72409,Engano Total,5.0
72410,Category,2.5
72413,Late Delivery,3.5
72414,Product Broken,4.0
72419,No Delivery,5.0
72425,Wrong Item,4.0
72429,Late Delivery,4.0
72444,Late Delivery,3.5
72448,Late Delivery,3.5
72464,Late Delivery,3.5
72475,Late Delivery,3.5
72478,INVENT,1.0
72480,Missing Information,3.5
72485,Wrong Item,3.5
72488,Category,2.5
72491,INVENT,1.0
72493,Missing Parts,3.5
72514,Late Delivery,4.0
72533,Missing Parts,3.5
72545,INVENT,3.5
72559,Late Delivery,3.5
72569,Wrong Item,4.0
72572,Late Delivery,4.0
72573,INVENT,3.5
72576,Late Delivery,4.0
72586,Non-Functional Product,4.0
72595,Communication Issues,3.5
72599,INVENT,3.5
72630,Wrong Item,4.0
72631,Late Delivery,3.5
72646,Late Delivery,3.5
72654,Late Delivery,3.5
72668,Late Delivery,3.5
72675,Not Delivered,4.0
72677,INVENT,3.5
72681,Missing Parts,3.5
72682,Mismatch,3.5
72694,Falta de Produto,4.0
72697,Missing Parts,3.5
72698,Wrong Item,4.0
72715,Late Delivery,3.5
72717,Late Delivery,3.5
72719,Late Delivery,3.5
72728,Late Delivery,4.0
72733,Late Delivery,3.5
72737,Late Delivery,3.5
72744,Wrong Item,4.0
72761,Late Delivery,3.5
72771,Damaged Goods,3.5
72773,Wrong Item,4.0
72777,Late Delivery,3.5
72778,Late Delivery,3.5
72782,No Delivery,4.0
72783,Poor Quality,3.5
72790,Missing Parts,3.5
72792,Late Delivery,3.5
72793,Late Delivery,4.0
72797,INVENT,1.0
72799,Late Delivery,3.5
72802,Late Delivery,3.5
72818,Poor Quality,3.5
72822,Late Delivery,3.5
72825,Wrong Item,3.5
72828,Missing Parts,3.5
72830,Late Delivery,4.0
72832,Late Delivery,3.5
72840,Missing Parts,3.5
72845,Late Delivery,3.5
72850,No Issue,1.0
72856,Poor Quality,3.5
72860,Late Delivery,2.0
72863,Impossible to Use,3.5
72865,Late Delivery,4.0
72867,Missing Parts,4.0
72871,Late Delivery,4.0
72873,Late Delivery,4.0
72874,Poor Fit,3.5
72876,No Arrival,5.0
72879,Wrong Item,4.0
72883,Inferior Produto,2.5
72894,Customer Service Response Issues,3.5
72895,No Fit,3.5
72902,'...',2.5
72920,IMEI Clonado,4.0
72921,Late Delivery,3.5
72923,Late Delivery,3.5
72925,INVENT,3.5
72926,Wrong Item,3.5
72932,Late Delivery,3.5
72936,INVENT,3.5
72941,Late Delivery,3.5
72962,Late Delivery,3.5
72963,Late Delivery,4.0
72969,Wrong Item,4.0
72983,Late Delivery,3.5
72984,No Arrival,4.0
72994,Rude Courier,3.5
73006,Late Delivery,3.5
73016,No Delivery,5.0
73019,Damaged Goods,4.0
73022,Wrong Item,4.0
73026,Late Delivery,3.5
73031,Poor Quality,3.5
73032,Late Delivery,3.5
73037,Late Delivery,3.5
73038,Late Delivery,3.5
73039,Late Delivery,3.5
73054,No Fit,1.0
73068,Wrong Item,4.0
73085,Wrong Item,4.0
73089,Late Delivery,3.5
73090,Wrong Item,3.5
73097,Late Delivery,3.5
73110,Late Delivery,3.5
73112,Color Variance,3.5
73114,No Issue,1.0
73119,Counterfeit Product,4.0
73122,Poor Quality,4.0
73123,No Issue Reported,1.0
73125,Missing Parts,3.5
73128,Falta Informação,3.5
73129,Late Delivery,3.5
73134,Wrong Item,4.0
73137,Late Delivery,3.5
73138,Wrong Item,3.5
73143,Produto Estranho,3.5
73155,Wrong Item,4.0
73156,Rude Service,3.5
73159,Poor Quality,4.0
73170,Poor Quality,3.5
73176,Bom Dentro do prazo,2.5
73177,Late Delivery,3.5
73180,Not Received,5.0
73184,Wrong Item,3.5
73188,Late Delivery,3.5
73190,Quality疑虑,3.5
73191,Wrong Item,4.0
73210,Wrong Item,4.0
73214,Not Informed,3.5
73217,Wrong Item,3.5
73225,Late Delivery,3.5
73230,Late Delivery,4.0
73233,Damaged Goods,3.5
73236,Expired Product,4.0
73244,Late Delivery,3.5
73255,Late Delivery,4.0
73259,Late Delivery,4.0
73267,Invent,2.5
73275,Poor Quality,4.0
73277,Late Delivery,3.5
73278,Damaged Goods,3.5
73283,Não Gostei,3.5
73323,Wrong Item,3.5
73346,Late Delivery,3.5
73351,INVENT,3.5
73360,Wrong Item,4.0
73370,Poor Quality,4.0
73374,INVENT,2.0
73380,Missing Parts,4.0
73389,Wrong Item,4.0
73392,Missing Parts,3.5
73394,Missing Parts,3.5
73397,Missing Parts,3.5
73407,Não Recebido,3.5
73409,Missing Parts,3.5
73414,Wrong Item,3.5
73421,Late Delivery,3.5
73425,Wrong Item,4.0
73430,Late Delivery,2.0
73440,Late Delivery,3.5
73448,INVENT,3.5
73449,Wrong Item,4.0
73462,Fraud,5.0
73474,Wrong Item,4.0
73479,Late Delivery,3.5
73480,Wrong Item,4.0
73482,Late Delivery,3.5
73483,Wrong Item,4.0
73496,Late Delivery,3.5
73499,Wrong Item,4.0
73502,Wrong Item,4.0
73503,Color Mismatch,4.0
73509,Non Functional,4.0
73521,Not Received,5.0
73527,Missing Parts,3.5
73533,Late Delivery,3.5
73535,Poor Quality,4.0
73549,Late Delivery,3.5
73555,Late Delivery,3.5
73574,Late Delivery,3.5
73575,Late Delivery,3.5
73576,Late Delivery,3.5
73589,Poor Quality,4.0
73599,Não Recebido,4.0
73601,Incomplete Products,3.5
73602,Late Delivery,4.0
73622,Late Delivery,3.5
73638,Missing Parts,3.5
73652,Não Concluído,3.5
73653,Late Delivery,4.0
73654,Late Delivery,3.5
73658,Late Delivery,3.5
73664,Wrong Item,3.5
73665,No Delivery,5.0
73666,Missing Parts,3.5
73671,Não Recebido,4.0
73676,Comparação,3.5
73682,Late Delivery,3.5
73688,Produto Divergente,3.5
73689,Wrong Item,3.5
73691,Late Delivery,3.5
73701,Não Recebido,5.0
73706,Late Delivery,3.5
73711,Missing Parts,3.5
73728,Wrong Item,3.5
73731,Late Delivery,3.5
73733,Late Delivery,3.5
73743,Missing Parts,3.5
73745,Carga Roubada,4.0
73748,Missing Parts,3.5
73751,Late Delivery,3.5
73756,Category,2.5
73758,Late Delivery,3.5
73760,Late Delivery,4.0
73765,INVENT,3.5
73766,Late Delivery,3.5
73767,Late Delivery,3.5
73771,Late Delivery,4.0
73773,Poor Quality,4.0
73778,Late Delivery,3.5
73781,Late Delivery,3.5
73783,Late Delivery,3.5
73798,Missing Parts,3.5
73802,Wrong Item,4.0
73808,Late Delivery,3.5
73810,Wrong Item,4.0
73811,Missing Parts,4.0
73820,Late Delivery,3.5
73822,Produto Correto,1.0
73825,Late Delivery,3.5
73828,Missing Parts,3.5
73830,Poor Quality,4.0
73835,Wrong Item,3.5
73851,No Delivery,5.0
73858,Missing Parts,3.5
73866,Late Delivery,4.0
73881,No Fit,3.5
73893,Missing Parts,3.5
73904,Wrong Item,3.5
73907,Late Delivery,3.5
73911,Late Delivery,4.0
73928,Poor Quality,4.0
73931,INVENT,1.0
73935,Poor Quality,4.0
73936,Wrong Item,3.5
73943,Missing Parts,4.0
73954,Late Delivery,3.5
73955,Poor Quality,3.5
73956,Cancelled Order,3.5
73966,Late Delivery,3.5
73968,Poor Quality,4.0
73976,INVENT,1.0
73987,Not Received,5.0
73990,Color Mismatch,3.5
74006,Poor Quality,4.0
74013,Total Desrespeito,2.5
74019,Late Delivery,4.0
74026,Everything Ok,1.0
74038,Wrong Item,4.0
74043,Late Delivery,3.5
74046,INVENT,3.5
74061,Late Delivery,3.5
74063,Late Delivery,4.0
74069,INVENT,1.0
74089,Damaged Goods,4.0
74093,Late Delivery,3.5
74097,Não Encontra Contato,3.5
74100,Late Delivery,3.5
74108,Late Delivery,4.0
74110,No Parts,3.5
74134,Missing Parts,3.5
74140,Delay,3.5
74141,Late Delivery,4.0
74154,INVENT,3.5
74166,Poor Quality,3.5
74174,Unknown,3.5
74178,Wrong Item,4.0
74180,INVENT,3.5
74207,Late Delivery,4.0
74210,Late Delivery,3.5
74226,Missing Parts,3.5
74237,Late Delivery,4.0
74243,Wrong Item,3.5
74251,Late Delivery,3.5
74253,Broken Item,2.5
74256,Não Recebido,5.0
74258,No Fit,3.5
74261,Wrong Item,4.0
74263,Poor Quality,3.5
74265,Rude Courier,3.5
74268,Missing Parts,3.5
74269,Missing Parts,4.0
74278,Missing Parts,3.5
74283,Poor Quality,4.0
74284,Falta,3.5
74288,Late Delivery,3.5
74297,Wrong Item,4.0
74309,Wrong Item,4.0
74312,Late Delivery,4.0
74318,Late Delivery,3.5
74328,INVENT,3.5
74329,Late Delivery,4.0
74335,Late Delivery,4.0
74345,Wrong Item,4.0
74348,Missing Parts,4.0
74354,Late Delivery,3.5
74362,No Issue,1.0
74373,Wrong Item,4.0
74376,Late Delivery,3.5
74378,Late Delivery,3.5
74385,Late Delivery,3.5
74392,Poor Quality,3.5
74399,Wrong Item,4.0
74408,"Review: ""O produto chegou com ",2.5
74430,Late Delivery,4.0
74431,Late Delivery,4.0
74436,Missing Parts,3.5
74440,Late Delivery,3.5
74444,Late Delivery,4.0
74455,Overpriced,3.5
74457,Poor Quality,3.5
74474,Entrega Incompleta,3.5
74475,Late Delivery,3.5
74479,Late Delivery,4.0
74528,Misleading Ad,3.5
74530,Late Delivery,3.5
74533,Late Delivery,3.5
74544,Missing Parts,3.5
74546,Late Delivery,3.5
74549,Missing Parts,3.5
74557,Late Delivery,4.0
74558,Late Delivery,3.5
74564,Late Delivery,4.0
74578,Wrong Item,4.0
74580,Wrong Item,4.0
74611,Late Delivery,3.5
74622,Wrong Item,4.0
74623,Late Delivery,3.5
74630,Late Delivery,3.5
74632,Late Delivery,3.5
74644,Late Delivery,4.0
74653,Wrong Item,3.5
74656,Late Delivery,3.5
74657,No Delivery,4.0
74659,Missing Parts,3.5
74671,Late Delivery,4.0
74676,Wrong Item,4.0
74683,INVENT,1.0
74685,Missing Parts,3.5
74694,Poor Quality,3.0
74695,Damaged Goods,4.0
74707,Late Delivery,3.5
74719,Damaged Goods,4.0
74721,Late Delivery,3.5
74730,INVENT,3.5
74733,Poor Quality,4.0
74734,Late Delivery,3.5
74739,Late Delivery,3.5
74753,Late Delivery,3.5
74771,No Delivery,5.0
74776,Late Delivery,4.0
74777,Chuteiro Retirado dos Correios,3.5
74781,Late Delivery,3.5
74790,Produto Avariado,4.0
74797,Missing Parts,3.5
74801,Late Delivery,3.5
74821,Wrong Item,4.0
74837,Wrong Item,4.0
74849,Não Recebi o Produto,5.0
74859,Poor Quality,3.5
74868,Late Delivery,4.0
74871,Late Delivery,3.5
74916,Late Delivery,3.5
74920,Wrong Item,4.0
74930,Non-Refund,4.0
74936,Color Mismatch,3.5
74938,Missing Parts,3.5
74947,Late Delivery,3.5
74950,Late Delivery,4.0
74959,Damaged Goods,4.0
74964,None of the provided categories fit. Invent Category,2.5
74968,Embalagem Desnecessária,3.5
74977,Late Delivery,4.0
74978,Late Delivery,3.5
74986,Poor Quality,3.5
74991,Desmanchada,4.0
74998,Late Delivery,3.5
75006,Wrong Item,4.0
75011,Counterfeit Product,4.0
75025,Late Delivery,3.5
75028,Late Delivery,3.5
75033,Late Delivery,3.5
75038,Missing Parts,3.5
75043,Wrong Item,4.0
75048,Late Delivery,3.5
75057,INVENT,1.0
75062,INVENT,3.5
75064,Late Delivery,3.5
75066,Poor Quality,3.5
75071,INVENT,3.5
75074,No Issue,1.0
75080,Cancelamento Urgente,3.5
75081,Wrong Item,3.5
75108,Missing Parts,3.5
75110,Late Delivery,3.5
75111,Late Delivery,4.0
75114,Poor Quality,4.0
75122,Poor Quality,3.5
75127,Late Delivery,3.5
75142,Late Delivery,3.5
75153,INVENT,3.5
75164,Poor Quality,3.5
75168,Wrong Item,4.0
75180,Late Delivery,3.5
75181,Late Delivery,3.5
75183,Late Delivery,3.5
75187,Fraud,4.0
75188,Late Delivery,4.0
75205,Unclear Info,3.5
75213,Communication Issues,3.5
75219,Missing Parts,4.0
75238,Late Delivery,4.0
75241,Service Failure,3.5
75242,Propaganda Enganosa,4.0
75252,Late Delivery,4.0
75257,Late Delivery,4.0
75264,Category,2.5
75272,Late Delivery,3.5
75287,Missing Parts,3.5
75288,Late Delivery,3.5
75293,Wrong Item,4.0
75296,Late Delivery,3.5
75299,Late Delivery,3.5
75314,Missing Parts,3.5
75317,Wrong Item,4.0
75325,Late Delivery,4.0
75330,Late Delivery,3.5
75343,Late Delivery,4.0
75344,Non-Refundable,4.0
75351,Late Delivery,3.5
75365,Mancha,3.5
75366,Wrong Item,4.0
75376,INVENT,3.5
75378,Cancelamento do Pedido,2.5
75380,INVENT,1.0
75391,Late Delivery,3.5
75438,Wrong Item,4.0
75440,Late Delivery,3.5
75445,Wrong Item,4.0
75448,Poor Quality,4.0
75451,Late Delivery,4.0
75456,Late Delivery,3.5
75468,Missing Parts,3.5
75480,Communication Issues,3.5
75483,Missing Parts,3.5
75490,Color Mismatch,4.0
75506,Late Delivery,3.5
75508,Wrong Item,3.5
75514,Late Delivery,3.5
75521,Poor Quality,3.5
75527,Late Delivery,3.5
75535,Late Delivery,3.5
75537,Missing Parts,3.5
75545,Wrong Item,4.0
75549,Late Delivery,1.0
75553,Late Delivery,3.5
75556,Late Delivery,3.5
75562,Late Delivery,4.0
75571,Electro,4.0
75573,Never Complained,3.5
75576,Wrong Item,3.5
75578,Missing Parts,3.5
75580,Late Delivery,4.0
75599,Missing Parts,4.0
75602,INVENT,2.0
75604,Delivery Error,4.0
75616,Wrong Item,4.0
75622,Defective Product,4.0
75630,Late Delivery,3.5
75646,Missing Parts,3.5
75650,Late Delivery,3.5
75671,Missing Parts,3.5
75705,Late Delivery,4.0
75719,Wrong Item,4.0
75721,Wrong Item,4.0
75728,Late Delivery,3.5
75734,Late Delivery,3.5
75743,Missing Parts,3.5
75759,Late Delivery,4.0
75770,Poor Quality,4.0
75776,Missing Parts,3.5
75778,Wrong Item,4.0
75808,Fraud,5.0
75811,PRODUTO DEVOLVIDO AGUARDANDO O,2.5
75818,Wrong Item,4.0
75832,Wrong Item,4.0
75835,Wrong Item,4.0
75849,No Fit,1.0
75850,Late Delivery,3.5
75856,Late Delivery,4.0
75857,Late Delivery,3.5
75868,Wrong Item,3.5
75869,Wrong Item,4.0
75876,Late Delivery,3.5
75877,Wrong Item,4.0
75881,Missing Parts,3.5
75885,Wrong Item,3.5
75888,Late Delivery,3.5
75889,Wrong Item,3.5
75917,Late Delivery,3.5
75918,Wrong Item,3.5
75923,Fraud,5.0
75926,No Issue Found,1.0
75927,No Delivery,5.0
75933,Wrong Item,4.0
75937,Wrong Item,4.0
75953,Late Delivery,3.5
75954,Wrong Item,3.5
75956,Wrong Item,4.0
75984,Wrong Item,3.5
75987,Late Delivery,3.5
75999,Late Delivery,3.5
76004,Falta de Organização,3.5
76012,Wrong Item,4.0
76021,Wrong Item,3.5
76027,Late Delivery,4.0
76035,Late Delivery,3.5
76069,Wrong Item,4.0
76071,Cancelamento,3.5
76073,Wrong Item,3.5
76082,Repetida Corrente,3.5
76090,Late Delivery,3.5
76092,Missing Parts,3.5
76094,Late Delivery,3.5
76096,Damaged Goods,4.0
76097,Late Delivery,3.5
76099,Poor Quality,4.0
76101,Missing Parts,3.5
76109,Late Delivery,3.5
76112,Placas Amassadas,3.5
76120,No Recebimento,5.0
76129,Late Delivery,3.5
76130,Late Delivery,3.5
76133,No Fit,1.0
76134,INVENT,3.5
76138,Wrong Item,4.0
76139,Poor Quality,3.0
76144,Rude Courier,3.5
76146,Late Delivery,3.5
76168,Late Delivery,3.5
76170,No Delivery,4.0
76179,Late Delivery,4.0
76182,Missing Parts,3.5
76183,Late Delivery,4.0
76186,Late Delivery,3.5
76209,Poor Quality,4.0
76217,INVENT,3.5
76219,Poor Quality,3.5
76221,Poor Quality,3.5
76225,Missing Parts,3.5
76229,Late Delivery,3.5
76233,Late Delivery,3.5
76259,Wrong Item,4.0
76261,Late Delivery,3.5
76271,Late Delivery,3.5
76276,Safety Concerns,4.0
76296,Missing Parts,3.5
76300,Late Delivery,3.5
76327,Wrong Item,4.0
76330,INVENT,1.0
76332,Not Delivered,4.0
76334,Not Satisfied With Packaging,3.5
76336,Late Delivery,3.5
76341,Information Error,3.5
76345,No Delivery,5.0
76346,Late Delivery,3.5
76349,Missing Parts,3.5
76351,Missing Parts,3.5
76354,Late Delivery,3.5
76363,Not Provided,3.5
76367,Wrong Item,4.0
76370,Insatisfação 1,3.5
76374,Late Delivery,2.0
76384,Resoluções dos problemas,3.5
76390,INVENT,3.5
76392,Late Delivery,3.5
76410,Wrong Item,4.0
76441,Fragilidade,3.5
76450,Late Delivery,3.5
76459,Missing Parts,3.5
76467,Late Delivery,3.5
76468,Wrong Item,4.0
76470,Wrong Item,4.0
76473,Poor Quality,3.5
76476,Missing Parts,3.5
76486,Missing Parts,3.5
76501,Wrong Item,4.0
76503,None of the Given Categories,3.5
76507,Missing Parts,3.5
76519,Late Delivery,4.0
76532,Late Delivery,3.5
76536,Late Delivery,3.5
76564,Late Delivery,3.5
76569,Missing Parts,3.5
76576,Not Received,5.0
76583,Wrong Item,4.0
76592,Late Delivery,4.0
76594,Late Delivery,4.0
76602,Late Delivery,3.5
76603,Late Delivery,4.0
76609,No New Category,5.0
76611,Late Delivery,3.5
76615,Poor Quality,4.0
76620,Missing Parts,3.5
76630,Wrong Item,4.0
76631,Missing Parts,4.0
76653,Late Delivery,3.5
76672,Late Delivery,3.5
76676,INVENT,3.5
76686,Wrong Item,4.0
76689,Late Delivery,3.5
76691,Damaged Goods,3.5
76694,Poor Quality,4.0
76697,No Fit,1.0
76702,Poor Quality,4.0
76707,Late Delivery,3.5
76710,Late Delivery,3.5
76713,No Issue,1.0
76720,Not Delivered,4.0
76724,Damaged Goods,4.0
76726,Poor Quality,4.0
76732,Not Received,5.0
76735,Late Delivery,3.5
76738,Late Delivery,4.0
76743,Missing Parts,3.5
76748,Reception Incomplete,4.0
76760,Late Delivery,4.0
76764,Poor Quality,4.0
76767,Late Delivery,4.0
76770,Wrong Item,4.0
76777,Item Not Arrived,5.0
76780,Delayed Pickup,3.5
76781,Late Delivery,3.5
76789,INVENT,1.0
76793,Non-Response,3.5
76799,Wrong Item,4.0
76800,Wrong Item,4.0
76802,Late Delivery,3.5
76809,Missing Parts,3.5
76822,Not Received,5.0
76823,Missing Parts,3.5
76831,INVENT,3.5
76833,Late Delivery,4.0
76838,Wrong Item,3.5
76856,Missing Parts,3.5
76860,Incomplete Items,3.5
76863,Late Delivery,4.0
76868,Late Delivery,3.5
76870,Not Received,5.0
76872,Damaged Goods,3.5
76874,Late Delivery,3.5
76876,Damaged Goods,4.0
76903,Produto Mal Embalado,3.5
76907,No Arrival,5.0
76914,Wrong Item,4.0
76919,Late Delivery,3.5
76926,Late Delivery,3.5
76954,Late Delivery,3.5
76956,Wrong Item,4.0
76963,Late Delivery,3.5
76971,Late Delivery,3.5
76974,INVENT,3.5
76975,Poor Quality,4.0
76979,Late Delivery,3.5
76984,Late Delivery,3.5
77009,Late Delivery,3.5
77015,Late Delivery,3.5
77018,Late Delivery,4.0
77030,Damaged Goods,3.5
77050,Wrong Item,3.5
77059,Late Delivery,4.0
77060,Missing Parts,3.5
77061,Missing Parts,4.0
77070,Missing Parts,3.5
77073,Wrong Item,3.5
77075,No Fit,1.0
77093,Poor Quality,3.5
77096,Late Delivery,3.5
77105,Late Delivery,3.5
77112,Late Delivery,3.5
77113,Late Delivery,3.5
77115,Damaged Goods,4.0
77125,Missing Parts,3.5
77126,Late Delivery,4.0
77128,No Appropriate Category,1.0
77130,Late Delivery,4.0
77142,No Arrival,5.0
77148,No Arrival,5.0
77158,Late Delivery,4.0
77161,Late Delivery,3.5
77167,Late Delivery,4.0
77173,Late Delivery,3.5
77175,INVENT,1.0
77183,Wrong Item,4.0
77186,Late Delivery,3.5
77187,Non-Original,3.5
77189,Wrong Item,4.0
77192,Electrical Failure,5.0
77193,Esperava mais,3.5
77207,Manchado,3.5
77214,Damaged Goods,3.5
77217,Wrong Item,4.0
77225,Poor Quality,3.5
77228,No Sale,5.0
77231,Late Delivery,3.5
77242,Missing Parts,3.5
77243,INVENT,3.5
77260,INVENT,3.5
77261,Late Delivery,3.5
77265,Wrong Item,3.0
77267,INVENT,3.5
77270,N/A,3.5
77274,Fraud,3.5
77280,Wrong Item,4.0
77288,Late Delivery,3.5
77293,Poor Quality,3.0
77296,Wrong Item,4.0
77306,Late Delivery,4.0
77309,Late Delivery,4.0
77320,Wrong Item,4.0
77328,Poor Quality,3.5
77333,INVENT,1.0
77334,No Arrival,5.0
77358,ERRO,5.0
77368,Missing Details,3.5
77369,Non Functional,4.0
77370,Late Delivery,3.5
77377,Wrong Item,3.5
77384,Missing Parts,3.5
77394,Wrong Item,4.0
77406,Late Delivery,3.5
77408,Late Delivery,4.0
77414,Missing Parts,3.5
77418,Late Delivery,3.5
77422,Poor Quality,3.0
77424,Wrong Item,3.5
77443,INVENT,3.5
77448,Wrong Item,4.0
77459,Falta de Consideração,3.5
77465,Late Delivery,3.5
77483,INVENT,3.5
77490,Poor Quality,4.0
77491,Missing Parts,3.5
77497,Wrong Item,3.5
77498,Late Delivery,3.5
77501,Late Delivery,3.5
77503,Damaged Goods,3.5
77508,Wrong Item,4.0
77523,Missing Parts,3.5
77526,Late Delivery,3.5
77528,Wrong Item,3.5
77534,Wrong Item,3.5
77548,Produto tão mal-feito que parece até falsificado,2.5
77552,Late Delivery,3.5
77561,Late Delivery,3.5
77573,Wrong Item,4.0
77588,No Issue,1.0
77589,Late Delivery,4.0
77595,Missing Parts,3.5
77600,Rude Courier,3.5
77602,Late Delivery,3.5
77603,Invent,2.5
77606,Missing Parts,3.5
77612,Wrong Item,3.5
77618,Late Delivery,3.5
77629,Incêndio,5.0
77637,Wrong Item,4.0
77650,Different from Photo,3.5
77652,N/A,1.0
77653,Defective Cap,3.5
77676,Long Queue,3.5
77689,Wrong Item,4.0
77690,Late Delivery,3.5
77705,Late Delivery,4.0
77709,Wrong Item,4.0
77714,Wrong Item,3.5
77715,Late Delivery,4.0
77735,INVENT,3.5
77749,Missing Parts,3.5
77754,Wrong Item,3.5
77756,INVENT,1.0
77759,Wrong Item,3.5
77763,No Delivery,3.5
77776,Fake Product,4.0
77783,Quality Variance,3.5
77784,No Issue Found,1.0
77787,Não Recebido,3.5
77803,Late Delivery,4.0
77804,Misalignment,3.5
77805,Wrong Item,4.0
77818,Entrega incompleta,3.5
77824,INVENT,3.5
77839,Wrong Item,3.5
77841,Wrong Item,4.0
77843,INVENT,1.0
77854,Not Received,5.0
77857,Entrega incompleta,3.5
77862,Wrong Item,4.0
77864,Poor Quality,3.5
77865,Poor Quality,4.0
77879,Not Gotten Product,3.5
77884,Wrong Item,4.0
77886,Late Delivery,3.5
77907,INVENT,1.0
77912,Late Delivery,4.0
77913,nAO RECEBI O PRODUTO,4.0
77917,Late Delivery,3.5
77919,Late Delivery,4.0
77925,Late Delivery,3.5
77931,Late Delivery,3.5
77932,Wrong Item,4.0
77938,Late Delivery,4.0
77942,Late Delivery,3.5
77943,Late Delivery,4.0
77954,Wrong Item,3.5
77958,Late Delivery,3.5
77961,No Fit,3.5
77964,Mislead,4.0
77975,No Issue,1.0
77976,INVENTED CATEGORY,2.5
77986,Poor Quality,4.0
77989,Entrega muito rápida,1.0
77991,Communication Issue,3.5
78001,Violated Product,4.0
78003,Late Delivery,3.5
78011,Não Ajustável,3.5
78027,INVENT,3.5
78038,Late Delivery,3.5
78040,Missing Parts,3.5
78046,Missing Parts,3.5
78062,Wrong Item,4.0
78071,Missing Parts,4.0
78072,Wrong Item,4.0
78075,Late Delivery,4.0
78086,Missing Parts,3.5
78100,No Issue Reported,1.0
78106,Wrong Item,3.5
78128,Poor Quality,3.5
78141,Product Not Recognized By Printer,3.5
78154,Late Delivery,3.5
78186,Late Delivery,3.5
78193,No Fit,3.5
78194,Produto Riscado,3.5
78201,Poor Quality,3.5
78209,Wrong Item,3.5
78212,Late Delivery,3.5
78220,Late Delivery,3.5
78222,Late Delivery,3.5
78236,Wrong Item,4.0
78238,Late Delivery,3.5
78243,N/A,1.0
78244,Late Delivery,3.5
78248,Rude Courier,3.5
78256,Late Delivery,3.5
78259,Non-Received,5.0
78260,Item Not Received,5.0
78269,No Delivery,5.0
78278,Embarrasment,3.5
78285,Wrong Item,4.0
78290,Late Delivery,3.5
78292,Late Delivery,3.5
78298,Missing Parts,3.5
78311,Poor Quality,4.0
78321,Late Delivery,3.5
78325,Não Recebido,3.5
78327,Damaged Goods,3.5
78339,Late Delivery,4.0
78368,Late Delivery,3.5
78369,Late Delivery,3.5
78374,Missing Parts,3.5
78375,Fake Product,4.0
78379,Poor Quality,4.0
78385,Late Delivery,3.5
78386,Wrong Item,4.0
78390,Wrong Item,3.5
78395,No Issue,1.0
78402,Missing Parts,3.5
78413,Damaged Goods,3.5
78416,No Issue,1.0
78418,Color Mismatch,3.5
78420,Poor Quality,3.5
78425,Poor Quality,3.5
78427,Notified Missing,3.5
78445,Não recebi o produto,4.0
78451,INVENT,3.5
78468,Missing Parts,3.5
78473,No Issue,1.0
78492,INVENT,3.5
78495,Late Delivery,3.5
78496,Wrong Item,4.0
78511,Não Recebido,5.0
78522,Wrong Item,3.5
78530,Poor Quality,4.0
78533,Late Delivery,3.5
78534,INVENT,1.0
78536,Insatisfeita,3.5
78544,Wrong Item,4.0
78547,Poor Quality,3.5
78558,Poor Quality,3.5
78564,Late Delivery,3.5
78600,Wrong Item,3.5
78605,Late Delivery,3.5
78610,Late Delivery,2.0
78616,Late Delivery,3.5
78617,Late Delivery,4.0
78624,Poor Quality,4.0
78632,Wrong Item,4.0
78638,Wrong Item,4.0
78640,Late Delivery,4.0
78659,Late Delivery,4.0
78665,No Delivery,5.0
78666,Late Delivery,4.0
78667,Wrong Item,4.0
78670,Late Delivery,3.5
78677,Missing Parts,3.5
78680,Late Delivery,3.5
78696,Excellent Product,1.0
78704,Late Delivery,3.5
78708,Late Delivery,3.5
78710,Late Delivery,3.5
78739,Late Delivery,3.5
78743,No Fit,1.0
78745,Wrong Item,3.5
78749,Late Delivery,3.5
78750,Missing Parts,3.5
78777,Poor Quality,4.0
78780,Late Delivery,3.5
78783,Wrong Item,3.5
78784,Wrong Item,3.5
78793,Late Delivery,4.0
78795,Missing Parts,3.5
78797,Poor Quality,3.5
78801,No Applicable,1.0
78806,Frágil,3.5
78812,Missing Illustrations,3.5
78813,INVENT,1.0
78821,Late Delivery,3.5
78834,Late Delivery,3.5
78841,Late Delivery,4.0
78846,Wrong Item,3.5
78858,Late Delivery,3.5
78863,Damaged Goods,3.5
78868,Missing Parts,3.5
78884,Late Delivery,4.0
78889,Late Delivery,3.5
78892,Late Delivery,3.5
78893,Item Never Arrived,5.0
78913,Material Variance,3.5
78914,Missing Parts,3.5
78922,Late Delivery,3.5
78928,Wrong Item,3.5
78948,Late Delivery,3.5
78963,Late Delivery,3.5
78965,Missing Parts,3.5
78966,No Arrival,5.0
78979,Late Delivery,3.5
78983,No Fit,3.5
78985,Late Delivery,3.5
78994,Late Delivery,1.0
79008,Late Delivery,3.5
79009,Fake Product,5.0
79014,Wrong Item,4.0
79015,Fragrance Issue,3.5
79021,Wrong Item,4.0
79034,Late Delivery,4.0
79039,Late Delivery,3.5
79042,Wrong Item,3.5
79045,Missing Parts,4.0
79052,Wrong Item,4.0
79054,No Delivery,4.0
79065,👎,3.5
79073,Wrong Item,4.0
79080,Incomplete Parts,3.5
79094,No Fit,3.5
79104,Missing Parts,3.5
79109,Wrong Item,3.5
79116,INVENT,3.5
79118,Poor Quality,3.5
79128,Late Delivery,3.5
79129,Late Delivery,3.5
79133,Color Mismatch,4.0
79137,Wrong Item,4.0
79141,Late Delivery,3.5
79142,Missing Parts,3.5
79163,Late Delivery,3.5
79164,INVENT,1.0
79166,Wrong Item,3.5
79169,Poor Quality,3.5
79172,Wrong Item,4.0
79189,CANCELADO_AGUARD._ESTORNO_CAROS,3.5
79195,Poor Quality,4.0
79203,Late Delivery,3.5
79204,Late Delivery,3.5
79208,Late Delivery,3.5
79237,Late Delivery,3.5
79254,Missing Parts,3.5
79263,Poor Quality,3.0
79268,Late Delivery,3.5
79269,Wrong Item,4.0
79278,Wrong Item,4.0
79284,Wrong Item,4.0
79291,Damaged Goods,4.0
79292,No Fit,1.0
79300,Late Delivery,3.5
79323,Late Delivery,3.5
79329,Late Delivery,3.5
79333,Late Delivery,3.5
79340,Late Delivery,4.0
79362,Wrong Item,4.0
79366,Wrong Item,3.5
79367,Wrong Item,3.5
79376,Late Delivery,3.5
79387,Wrong Item,3.5
79391,Poor Quality,3.5
79404,Wrong Item,4.0
79412,INVENT,3.5
79414,Poor Quality,4.0
79422,Missing Parts,3.5
79425,Wrong Item,4.0
79439,No Delivery,5.0
79443,Wrong Item,4.0
79447,Late Delivery,3.5
79451,Late Delivery,3.5
79460,Missing Parts,3.5
79469,Not Gotten,3.5
79476,Late Delivery,4.0
79477,Missing Parts,3.5
79479,Wrong Item,3.5
79490,Late Delivery,3.5
79493,Wrong Item,4.0
79508,INVENT,1.0
79520,Wrong Item,4.0
79532,Rude Courier,3.5
79534,Late Delivery,4.0
79538,Missing Parts,4.0
79542,Late Delivery,3.5
79548,Missing Parts,3.5
79553,Late Delivery,3.5
79570,Missing Parts,3.5
79571,Missing Parts,4.0
79574,Late Delivery,4.0
79602,Wrong Item,4.0
79603,No Issue,1.0
79639,Wrong Item,4.0
79646,Wrong Item,4.0
79656,Wrong Item,3.5
79667,Wrong Item,3.5
79678,Wrong Item,3.5
79699,Late Delivery,4.0
79706,Late Delivery,3.5
79711,Missing Parts,3.5
79717,Poor Quality,3.5
79722,Missing Parts,3.5
79723,Wrong Item,4.0
79731,Late Delivery,3.5
79732,Poor Quality,3.5
79735,Late Delivery,3.5
79737,Late Delivery,4.0
79738,Late Delivery,4.0
79743,Sem retorno a respeito da devolução,3.5
79753,Wrong Item,4.0
79759,Wrong Item,3.5
79769,Late Delivery,3.5
79772,Late Delivery,4.0
79775,Produto Frágil,4.0
79777,Damaged Goods,3.5
79785,Late Delivery,3.5
79787,Late Delivery,1.0
79788,Late Delivery,3.5
79790,INVENT,3.5
79795,Late Delivery,1.0
79796,Missing Parts,3.5
79812,Late Delivery,3.5
79813,Non-Functional,4.0
79814,Missing Parts,3.5
79823,Late Delivery,3.5
79829,Missing Parts,3.5
79835,Late Delivery,3.5
79837,Wrong Item,4.0
79838,Wrong Item,4.0
79852,Defective Product,3.5
79854,Late Delivery,3.5
79868,Non-Functional Product,4.0
79872,No Fit,1.0
79886,Missing Parts,3.5
79896,Missing Parts,3.5
79899,Wrong Item,3.5
79917,Poor Quality,3.0
79919,INVOICE ISSUE,3.5
79921,Late Delivery,3.5
79926,Late Delivery,3.5
79937,Wrong Item,4.0
79940,Late Delivery,3.5
79946,Poor Quality,4.0
79953,Weighting the Review:,2.5
79957,Late Delivery,3.5
79973,Wrong Item,4.0
79986,Late Delivery,3.5
79988,Poor Quality,3.5
79992,Poor Quality,3.5
80017,Late Delivery,4.0
80018,Delay,3.5
80020,Poor Quality,4.0
80033,Late Delivery,4.0
80049,Wrong Item,4.0
80051,Missing Parts,3.5
80054,Poor Quality,4.0
80063,None of the given categories fit. Invent Category,2.5
80070,INVENT,3.5
80080,Late Delivery,3.5
80085,Late Delivery,4.0
80100,Non-Dispatch,4.0
80118,Late Delivery,3.5
80119,Falta de Educação,3.5
80126,Late Delivery,4.0
80135,Produto Não Entregue,3.5
80136,Não Recebido,3.5
80146,Late Delivery,3.5
80151,Missing Parts,4.0
80152,Poor Quality,3.5
80157,Late Delivery,3.5
80158,Late Delivery,3.5
80162,Late Delivery,3.5
80169,No Issue,1.0
80171,Not Delivered,4.0
80173,Late Delivery,4.0
80182,INVENT,3.5
80189,Late Delivery,3.5
80191,Wrong Item,3.5
80214,Produto Defeituoso,4.0
80233,Light and Thin,3.5
80234,Late Delivery,3.5
80236,Late Delivery,3.5
80245,Missing Parts,3.5
80247,Wrong Item,4.0
80254,Late Delivery,3.5
80258,Late Delivery,3.5
80263,Missing Packaging,3.5
80264,Material Frágil,2.5
80267,Late Delivery,4.0
80290,Poor Quality,4.0
80296,Electrical Mismatch,4.0
80300,Pintura Desgastada,3.5
80303,Missing Parts,3.5
80304,Wrong Item,4.0
80321,Late Delivery,4.0
80323,Wrong Item,4.0
80328,Late Delivery,3.5
80331,Late Delivery,3.5
80333,Poor Quality,4.0
80342,Late Delivery,3.5
80346,Wrong Item,3.5
80361,Não Recebido,5.0
80367,Wrong Item,4.0
80395,Ruim,3.5
80402,Late Delivery,4.0
80409,Wrong Item,4.0
80412,Not Received,5.0
80415,Canceled Purchase,3.5
80428,Late Delivery,3.5
80440,Late Delivery,4.0
80452,Late Delivery,4.0
80454,Late Delivery,3.5
80455,Poor Quality,3.5
80457,Wrong Item,4.0
80467,Late Delivery,3.5
80486,Late Delivery,3.5
80487,No Delivery,3.0
80488,No Fit,3.5
80490,Late Delivery,3.5
80497,Poor Quality,3.0
80501,Wrong Item,3.5
80502,Category,1.0
80519,Late Delivery,4.0
80543,Wrong Item,4.0
80546,Wrong Item,4.0
80558,Wrong Item,4.0
80566,Poor Quality,4.0
80567,Rude Courier,3.5
80570,INVENT,3.5
80585,Late Delivery,2.0
80588,Rude Courier,3.5
80592,Damaged Goods,4.0
80603,Poor Quality,3.5
80608,Missing Parts,4.0
80613,Late Delivery,4.0
80614,Wrong Item,3.5
80618,Poor Quality,3.0
80638,Poor Quality,3.5
80646,Late Delivery,3.5
80653,Late Delivery,3.5
80659,Damaged Goods,4.0
80663,Poor Quality,3.5
80675,No Problema,1.0
80680,Late Delivery,3.5
80689,Late Delivery,3.5
80690,Broken Product,4.0
80694,Poor Quality,4.0
80702,Missing Parts,4.0
80723,Late Delivery,3.5
80732,Duplicates,3.5
80754,Missing Parts,3.5
80759,Late Delivery,3.5
80760,INVENT,3.5
80766,Late Delivery,3.5
80778,Communication Issues,3.5
80785,INVENT,1.0
80787,Falta de informação,3.5
80794,Late Delivery,3.5
80797,Late Delivery,3.5
80798,No Arrival,5.0
80806,Wrong Item,3.5
80807,Wrong Item,3.5
80810,Late Delivery,4.0
80814,Defective Product,3.5
80818,Missing Parts,3.5
80823,Late Delivery,3.5
80825,Insatisfação Negativo,3.5
80828,Late Delivery,3.5
80831,Late Delivery,4.0
80835,INVENT,3.5
80839,Late Delivery,3.5
80842,Wrong Item,4.0
80843,Não Funciona,2.5
80853,INVENT,2.0
80855,INVENT,1.0
80856,Damaged Goods,4.0
80861,INVENT,3.5
80866,Wrong Item,4.0
80873,Late Delivery,3.5
80899,Missing Parts,4.0
80903,Late Delivery,3.5
80910,Late Delivery,3.5
80911,Wrong Item,3.5
80923,Missing Parts,3.5
80928,Missing Parts,3.5
80939,Wrong Item,3.5
80940,Poor Quality,4.0
80941,INVENT,3.5
80951,Late Delivery,4.0
80952,Late Delivery,2.0
80956,Wrong Item,3.5
80987,No Issue,1.0
81001,Missing Parts,3.5
81009,Late Delivery,3.5
81025,Not Received,5.0
81028,Late Delivery,3.5
81046,Late Delivery,3.5
81049,Missing Parts,3.5
81057,Wrong Item,4.0
81073,Wrong Item,4.0
81080,Late Delivery,2.0
81090,Late Delivery,3.5
81097,Wrong Item,3.5
81108,Wrong Item,3.5
81113,Wrong Item,4.0
81117,Item Not Received,5.0
81128,Poor Quality,4.0
81135,Wrong Item,4.0
81145,Missing Parts,3.5
81151,INVENT,3.5
81153,Bom produto,1.0
81155,Wrong Item,4.0
81156,INVENT,3.5
81158,Late Delivery,4.0
81175,Late Delivery,3.5
81181,Late Delivery,4.0
81186,Late Delivery,4.0
81199,Late Delivery,3.5
81207,INVENT,3.5
81211,Late Delivery,3.5
81219,Missing Parts,3.5
81221,Missing Parts,5.0
81229,Wrong Item,4.0
81242,Missing Parts,3.5
81247,Late Delivery,3.5
81248,Wrong Item,3.5
81254,Late Delivery,3.5
81256,Wrong Item,4.0
81267,Late Delivery,4.0
81268,Wrong Item,3.5
81279,Late Delivery,3.5
81286,Late Delivery,3.5
81288,Late Delivery,3.5
81310,Wrong Item,4.0
81315,Zero Responsabilidade,3.5
81316,Incompatibilidade do Produto,4.0
81321,No Arrival,5.0
81331,Poor Quality,4.0
81342,Late Delivery,3.5
81352,Poor Quality,3.5
81354,Concern,3.5
81361,Late Delivery,4.0
81373,Late Delivery,3.5
81386,Poor Quality,4.0
81387,Wrong Item,3.5
81392,Wrong Item,3.5
81399,Late Delivery,3.5
81418,Cancelled Purchase,3.5
81420,Missing Parts,3.5
81429,Não sei aonde foi parar meu produto,3.5
81437,Missing Parts,4.0
81446,Late Delivery,3.5
81449,Damaged Goods,4.0
81455,Late Delivery,3.5
81462,Wrong Item,4.0
81465,Late Delivery,3.5
81472,Missing Parts,3.5
81477,Poor Quality,4.0
81479,Missing Parts,3.5
81480,Missing Parts,3.5
81495,Poor Quality,4.0
81508,INVENT,3.5
81510,Wrong Item,3.5
81526,Late Delivery,3.5
81528,Late Delivery,3.5
81529,Wrong Item,4.0
81532,INVENT,3.5
81540,Late Delivery,4.0
81546,Wrong Item,3.5
81547,Wrong Item,3.5
81550,Rude Courier,3.5
81565,N/A,1.0
81567,Late Delivery,3.5
81590,Wrong Item,4.0
81612,Late Delivery,3.5
81613,Late Delivery,3.5
81625,Late Delivery,3.5
81628,Wrong Item,4.0
81644,Electrolisso,4.0
81664,Wrong Item,3.5
81673,Late Delivery,3.5
81675,Late Delivery,3.5
81680,Wrong Item,4.0
81682,Wrong Item,4.0
81702,No Delivery,5.0
81715,Poor Quality,4.0
81735,Non-Compliance,3.5
81736,Late Delivery,3.5
81751,Late Delivery,3.5
81752,Wrong Item,4.0
81770,Missing Parts,3.5
81779,Late Delivery,4.0
81784,INVENT,3.5
81785,Wrong Item,3.5
81788,Packed Roughly,3.5
81791,Poor Quality,4.0
81798,Poor Quality,3.5
81807,Wrong Item,4.0
81809,Late Delivery,3.5
81819,Late Delivery,3.5
81823,Notified Delay,3.5
81831,Poor Quality,4.0
81835,Late Delivery,4.0
81837,INVENT,3.5
81855,Poor Quality,3.5
81862,Difficulty,3.5
81882,Late Delivery,4.0
81906,Late Delivery,3.5
81908,Late Delivery,3.5
81911,Late Delivery,3.5
81913,Wrong Item,3.5
81920,No Issue,1.0
81937,Late Delivery,3.5
81946,Product Issue,3.5
81948,Missing Parts,3.5
81954,Late Delivery,3.5
81959,Late Delivery,3.5
81961,INVENT,3.5
81981,Leaking Hose,4.0
82005,Wrong Item,4.0
82012,Wrong Item,4.0
82032,Missing Parts,3.5
82039,Late Delivery,4.0
82040,Recebimento Parcial,3.5
82051,Late Delivery,3.5
82054,Wrong Item,4.0
82056,Not Expected,3.5
82065,Wrong Item,3.5
82070,Missing Parts,3.5
82073,INVENT,3.5
82075,Wrong Item,4.0
82087,Missing Parts,3.5
82094,Missing Parts,3.5
82095,Poor Quality,4.0
82103,No Parts,3.5
82120,Late Delivery,3.5
82124,Wrong Item,3.5
82135,Missing Parts,3.5
82146,Missing Parts,3.5
82149,INVENT,1.0
82162,Poor Quality,3.0
82163,Late Delivery,3.5
82179,Late Delivery,3.5
82183,Late Delivery,3.5
82197,No Issue,1.0
82199,Poor Quality,3.5
82202,Missing Parts,3.5
82218,Missing Parts,3.5
82220,Damaged Goods,4.0
82229,Late Delivery,4.0
82241,Wrong Item,3.5
82269,Wrong Item,3.5
82279,Late Delivery,3.5
82280,INVENT,3.5
82286,Late Delivery,3.5
82297,Late Delivery,3.5
82299,Poor Quality,4.0
82304,Late Delivery,3.5
82320,Poor Quality,3.5
82325,INVENT,3.5
82330,Non Functional,5.0
82339,Missing Parts,3.5
82345,Missing Parts,3.5
82347,Late Delivery,3.5
82348,Late Delivery,3.5
82355,Wrong Item,4.0
82371,Damaged Goods,3.5
82373,Missing Parts,4.0
82377,Late Delivery,3.5
82382,Communication Issue,3.5
82398,Late Delivery,3.5
82400,Estou aguardando,3.5
82407,Late Delivery,4.0
82408,Late Delivery,3.5
82429,Missing Parts,3.5
82430,Wrong Item,3.5
82436,Late Delivery,1.0
82442,INVENT,3.5
82451,Poor Quality,4.0
82470,Wrong Item,4.0
82474,Poor Quality,4.0
82477,Late Delivery,3.5
82489,Late Delivery,4.0
82498,Late Delivery,3.5
82510,Wrong Item,4.0
82518,Late Delivery,3.5
82527,Product Variance,3.5
82531,Fake Products,3.5
82541,Late Delivery,3.5
82549,No Feedback Provided,1.0
82550,Missing Parts,3.5
82568,No Delivery,4.0
82573,INVENT,3.5
82588,Late Delivery,3.5
82591,Product Variance,3.5
82596,Pintura Falha,4.0
82599,Late Delivery,3.5
82609,Late Delivery,3.5
82637,Late Delivery,4.0
82641,Wrong Item,4.0
82643,Poor Quality,4.0
82658,Missing Parts,5.0
82663,Produto Incompleto,3.5
82667,Missing Parts,4.0
82670,Category,2.5
82674,Late Delivery,3.5
82680,Poor Quality,4.0
82684,Late Delivery,3.5
82692,Risky Encaixe,4.0
82714,INVENT,3.5
82715,Color Mismatch,3.5
82718,Wrong Item,4.0
82729,Late Delivery,3.5
82740,Late Delivery,3.5
82743,Valor Refundado,3.5
82745,Missing Parts,3.5
82746,INVENT,3.5
82761,Late Delivery,3.5
82773,Poor Quality,3.5
82787,Late Delivery,3.5
82792,Incompetência,3.5
82801,Wrong Item,4.0
82802,Late Delivery,3.5
82819,Late Delivery,3.5
82828,Quality,2.0
82831,Critical Failure / Scam,5.0
82837,Wrong Item,4.0
82839,Poor Quality,3.0
82840,Late Delivery,3.5
82845,Wrong Item,4.0
82854,Missing Parts,3.5
82866,Poor Quality,3.5
82868,Wrong Item,3.5
82877,Poor Quality,4.0
82878,Wrong Item,4.0
82879,Late Delivery,4.0
82885,Late Delivery,3.5
82904,Late Delivery,1.0
82912,Late Delivery,3.5
82920,Late Delivery,3.5
82930,Wrong Item,4.0
82945,Misdescription,3.5
82948,Poor Quality,3.5
82967,Poor Quality,3.5
82968,Late Delivery,3.5
82969,Late Delivery,4.0
82976,Poor Quality,3.5
82978,Mislabeling,3.5
82985,Late Delivery,4.0
82987,Late Delivery,3.5
82996,Wrong Item,4.0
82999,Golpe,5.0
83004,Poor Quality,3.5
83017,Refund Request,5.0
83023,Late Delivery,3.5
83030,Late Delivery,3.5
83042,Poor Quality,4.0
83045,Late Delivery,3.5
83054,No Fit,1.0
83064,Late Delivery,3.5
83071,Wrong Item,3.5
83072,Wrong Item,3.5
83092,Late Delivery,3.5
83093,INVENT,3.5
83106,INVENT,3.5
83109,Not Available,3.5
83112,Wrong Item,4.0
83116,Category,2.5
83117,Late Delivery,4.0
83118,Wrong Item,3.5
83119,Missing Parts,3.5
83130,Missing Parts,3.5
83138,No Delivery,5.0
83148,Missing Parts,4.0
83151,Late Delivery,4.0
83162,Late Delivery,4.0
83165,Poor Quality,3.5
83167,Late Delivery,3.5
83171,INVENT,1.0
83174,Late Delivery,3.5
83182,Late Delivery,3.5
83188,Tecido Ruim,3.5
83191,INVENTED CATEGORY,2.5
83202,Não lê os dvds e cds,3.5
83211,Wrong Item,4.0
83223,Misinfo,3.5
83224,Poor Quality,3.5
83230,Missing Parts,3.5
83236,Wrong Item,4.0
83249,Wrong Item,3.5
83251,Late Delivery,3.5
83252,Late Delivery,3.5
83255,Not Received,5.0
83256,Delayed Delivery,3.5
83257,Wrong Item,4.0
83261,Wrong Item,4.0
83262,Wrong Item,4.0
83263,Product Not In Stock,3.5
83265,Color Mismatch,3.5
83277,Late Delivery,3.5
83297,No New Category,3.5
83301,INVENT,3.5
83306,Poor Quality,3.5
83316,Missing Parts,4.0
83323,Missing Parts,3.5
83326,Misleading Ad,3.5
83330,Poor Quality,4.0
83339,Wrong Item,3.5
83353,Late Delivery,3.5
83390,Wrong Item,4.0
83407,Wrong Item,4.0
83413,Missing Parts,3.5
83415,Mismatched Product,3.5
83420,Wrong Item,4.0
83427,No Delivery,3.0
83443,Late Delivery,3.5
83449,Wrong Item,3.5
83450,Wrong Item,3.5
83463,INVENT,3.5
83466,Late Delivery,4.0
83474,Late Delivery,3.5
83475,Late Delivery,3.5
83480,INVENT,1.0
83485,Late Delivery,4.0
83490,Late Delivery,3.5
83499,Wrong Item,4.0
83502,Invent,3.5
83514,Late Delivery,3.5
83525,Late Delivery,3.5
83543,Late Delivery,3.5
83547,Missing Parts,4.0
83551,Wrong Item,4.0
83559,Wrong Item,4.0
83563,Communication Issues,3.5
83567,Pedido Incompleto,3.5
83571,No Arrival,5.0
83599,Wrong Item,4.0
83601,Missing Parts,3.5
83615,Late Delivery,3.5
83623,Wrong Item,4.0
83626,Não Gostei do Entregador,3.5
83629,Missing Parts,3.5
83632,Wrong Item,4.0
83635,Poor Quality,3.5
83640,Wrong Item,3.5
83645,Late Delivery,4.0
83655,Poor Quality,4.0
83657,Wrong Item,3.5
83666,Produto Péssimo,4.0
83668,Recycled Product,4.0
83671,Late Delivery,3.5
83675,Late Delivery,3.5
83687,Rude Courier,3.5
83692,Late Delivery,3.5
83694,Missing Parts,4.0
83708,Wrong Item,4.0
83731,Late Delivery,4.0
83732,Late Delivery,4.0
83738,Fiapinhos,3.5
83739,Late Delivery,3.5
83743,No Arrival,5.0
83755,INVENT,3.5
83759,INVENT,1.0
83765,Missing Parts,3.5
83772,Not Received,5.0
83779,Missing Parts,3.5
83784,Not Received,3.5
83786,Late Delivery,3.5
83789,Poor Quality,4.0
83795,Late Delivery,4.0
83801,Missing Parts,3.5
83818,Produto Extraviado,2.5
83828,No Issue,1.0
83830,Missing Parts,3.5
83832,Missing Parts,3.5
83847,Late Delivery,4.0
83848,Poor Quality,4.0
83850,Wrong Item,4.0
83851,Late Delivery,3.5
83856,Misleading Ad,3.5
83866,Late Delivery,3.5
83880,Late Delivery,3.5
83887,Missing Parts,3.5
83902,Late Delivery,3.5
83913,Not Received,5.0
83915,Poor Quality,4.0
83920,Late Delivery,4.0
83923,No Fit,1.0
83938,No Arrival,5.0
83947,Late Delivery,3.5
83952,Late Delivery,4.0
83955,Damaged Goods,4.0
83968,Not Received,5.0
83969,Late Delivery,3.5
83980,Late Delivery,3.5
84000,Non Functional,4.0
84002,Missing Parts,3.5
84008,Wrong Item,4.0
84010,Late Delivery,3.5
84023,Damaged Goods,3.5
84024,Late Delivery,3.5
84036,Incomplete Delivery,3.5
84059,Late Delivery,4.0
84073,Poor Quality,4.0
84085,Late Delivery,3.5
84088,Late Delivery,4.0
84098,Wrong Item,4.0
84103,Wrong Item,3.5
84105,N/A,1.0
84110,Not Received,5.0
84118,Non Funciona,2.5
84119,Late Delivery,2.0
84121,Color Mismatch,3.5
84133,Rude Courier,3.5
84158,Damaged Goods,3.5
84163,Bom Atendimento,1.0
84166,Wrong Item,4.0
84169,INVENT,3.5
84176,Poor Quality,4.0
84200,Poor Quality,3.5
84205,Wrong Item,4.0
84208,Late Delivery,3.5
84213,Late Delivery,4.0
84215,Late Delivery,3.5
84217,Wrong Item,4.0
84228,Wrong Item,4.0
84230,INVENT,1.0
84235,Wrong Item,3.5
84238,Não Recomendaria Solução,3.5
84240,Missing Information,3.5
84252,Late Delivery,3.5
84260,Partial Delivery,3.5
84277,Late Delivery,3.5
84282,Wrong Item,4.0
84285,Pobre Qualidade,4.0
84292,Wrong Item,4.0
84297,Late Delivery,3.5
84305,INVENT,3.5
84307,Missing Parts,3.5
84311,Late Delivery,3.5
84326,Wrong Item,4.0
84329,Wrong Item,4.0
84330,Wrong Item,3.5
84345,Wrong Item,4.0
84351,Incomplete Order,3.5
84356,Cancelled Order,3.5
84364,Golpe,5.0
84369,Late Delivery,1.0
84382,Late Delivery,4.0
84385,Wrong Item,3.5
84403,Late Delivery,3.5
84404,Wrong Item,4.0
84406,Late Delivery,3.5
84412,Late Delivery,3.5
84414,Late Delivery,3.5
84416,Missing Parts,4.0
84422,Wrong Item,4.0
84425,Late Delivery,3.5
84428,Wrong Item,3.5
84440,Late Delivery,3.5
84442,Pedido Incompleto,3.5
84453,Incomplete Order,4.0
84454,Missing Parts,3.5
84457,Missing Parts,3.5
84465,Wrong Item,4.0
84473,Comprado errado,2.5
84474,Wrong Item,4.0
84478,Uncertain Arrival,3.5
84488,Missing Parts,3.5
84496,Muito ruim,3.5
84502,Poor Quality,3.5
84524,Poor Quality,4.0
84530,No Delivery,5.0
84532,Missing Parts,3.5
84542,Missing Parts,3.5
84543,Late Delivery,3.5
84552,Late Delivery,3.5
84572,Wrong Item,3.5
84574,INVENT,1.0
84578,No Arrival,5.0
84592,Missing Parts,3.5
84593,Missing Parts,4.0
84602,Como posso avaliar se não recebi o produto.,3.5
84609,Wrong Item,4.0
84614,Invent Category,2.5
84623,Late Delivery,3.5
84627,Late Delivery,3.5
84638,Late Delivery,3.5
84639,Late Delivery,3.5
84640,Wrong Item,4.0
84653,Late Delivery,2.0
84654,Missing Parts,4.0
84658,Manchadas,4.0
84662,Damaged Goods,3.5
84666,Late Delivery,3.5
84679,Delayed Delivery,3.5
84680,Wrong Item,4.0
84693,Not Received,5.0
84703,Not Received,5.0
84705,Late Delivery,4.0
84709,Missing Parts,3.5
84710,Late Delivery,3.5
84721,Indication,3.5
84728,Late Delivery,3.5
84736,Missing Parts,3.5
84747,Missing Parts,3.5
84748,Late Delivery,3.5
84750,Wrong Item,4.0
84762,Late Delivery,3.5
84770,Wrong Item,4.0
84783,Late Delivery,4.0
84791,Late Delivery,3.5
84813,Late Delivery,5.0
84814,Poor Quality,3.5
84822,Missing Parts,4.0
84828,Primeira Falha,3.5
84833,Wrong Item,4.0
84834,Damaged Goods,4.0
84838,Late Delivery,4.0
84839,Late Delivery,4.0
84846,Wrong Item,4.0
84851,Late Delivery,3.5
84852,Falta de Peças,3.5
84869,INVENT,3.5
84886,Not Received,5.0
84891,Late Delivery,4.0
84899,Wrong Item,3.5
84918,Late Delivery,4.0
84928,Product Defect,4.0
84929,Wrong Item,4.0
84939,Cancelled Order,3.5
84940,Wrong Item,4.0
84963,Wrong Item,4.0
84971,No Fit,1.0
84974,Not Received,5.0
84982,Cancelada,5.0
84983,Poor Quality,3.0
85003,Missing Parts,3.5
85012,Wrong Item,3.5
85014,Poor Quality,4.0
85025,Late Delivery,3.5
85028,Late Delivery,3.5
85035,Late Delivery,3.5
85041,Wrong Item,4.0
85048,Late Delivery,3.5
85051,Late Delivery,3.5
85054,Esperando o resultado..,1.0
85056,Late Delivery,3.5
85057,Product Variance,3.5
85066,Late Delivery,3.5
85068,No Product In Stock,4.0
85078,Late Delivery,4.0
85087,No Product Sent,5.0
85092,Late Delivery,3.5
85095,Wrong Item,4.0
85121,Poor Fit,3.5
85133,Poor Fit,3.5
85134,Late Delivery,4.0
85135,Late Delivery,3.5
85136,Late Delivery,4.0
85149,Not Received,5.0
85153,Missing Parts,3.5
85159,Wrong Item,3.5
85162,Wrong Item,3.5
85174,Wrong Item,4.0
85182,Wrong Item,3.5
85183,Wrong Item,4.0
85192,Late Delivery,4.0
85196,Late Delivery,3.5
85203,No Arrival,5.0
85205,INVENT,1.0
85207,Trust Issues,3.5
85209,Missing Parts,3.5
85211,Late Delivery,4.0
85216,Late Delivery,4.0
85217,Missing Parts,3.5
85223,Missing Parts,3.5
85226,Poor Quality,4.0
85254,Late Delivery,3.5
85255,Late Delivery,4.0
85259,Missing Parts,4.0
85260,Wrong Item,4.0
85265,Wrong Item,4.0
85271,Late Delivery,3.5
85279,Missing Parts,3.5
85297,Wrong Item,3.5
85302,Late Delivery,4.0
85308,Wrong Item,4.0
85316,Late Delivery,3.5
85325,Late Delivery,4.0
85337,Wrong Item,3.5
85340,Wrong Item,4.0
85344,Não recebi,5.0
85348,Late Delivery,3.5
85351,Late Delivery,4.0
85353,Late Delivery,3.5
85354,No Delivery,5.0
85356,Non-Recognized Category,3.5
85357,Late Delivery,4.0
85363,Wrong Item,4.0
85371,Poor Quality,4.0
85373,Wrong Item,3.5
85395,No Arrival,5.0
85397,Late Delivery,3.5
85399,Produto Rasgado,4.0
85400,INVENT,3.5
85404,Late Delivery,3.5
85407,Poor Quality,4.0
85412,Late Delivery,3.5
85414,Late Delivery,3.5
85415,Produto Falso,4.0
85426,INVENT,3.5
85444,Late Delivery,3.5
85445,Wrong Item,3.5
85449,INVENT,3.5
85451,No Delivery,3.0
85456,Late Delivery,3.5
85459,Late Delivery,3.5
85461,Late Delivery,4.0
85467,No Delivery,3.0
85471,Late Delivery,3.5
85473,Missing Parts,3.5
85474,Product Variance,3.5
85477,INVENT,3.5
85481,Late Delivery,3.5
85482,Late Delivery,3.5
85488,INVENT,3.5
85496,Wrong Item,3.5
85498,Late Delivery,4.0
85502,Missing Parts,3.5
85505,Late Delivery,3.5
85513,Wrong Item,3.5
85517,Correios,3.5
85521,Late Delivery,3.5
85532,Odor,3.5
85533,Poor Quality,3.5
85535,Péssima muito Ruin',3.5
85537,Late Delivery,3.5
85542,Poor Quality,4.0
85543,No Apparent Defect,1.0
85547,Poor Quality,3.5
85553,Missing Parts,3.5
85555,Wrong Item,3.5
85560,Category,2.5
85567,Late Delivery,3.5
85568,Late Delivery,3.5
85571,No Arrival,5.0
85575,Late Delivery,3.5
85577,Wrong Item,3.5
85580,Poor Quality,3.5
85582,Late Delivery,3.5
85587,INVENT,3.5
85597,Wrong Item,4.0
85601,Wrong Item,3.5
85602,Late Delivery,3.5
85603,Late Delivery,3.5
85618,Late Delivery,4.0
85633,Delay in Communication,4.0
85635,Rude Courier,3.5
85641,Wrong Item,4.0
85647,No Issue Found,1.0
85653,Late Delivery,3.5
85655,Late Delivery,3.5
85660,Missing Parts,4.0
85666,Late Delivery,3.5
85667,Late Delivery,3.5
85679,Late Delivery,3.5
85685,Late Delivery,3.5
85689,Late Delivery,4.0
85697,Wrong Item,4.0
85703,Late Delivery,3.5
85705,Communication Issues,3.5
85706,Late Delivery,3.5
85713,Late Delivery,4.0
85728,Late Delivery,1.0
85734,Late Delivery,3.5
85751,Wrong Item,3.5
85754,Missing Parts,3.5
85755,No Issue Found,1.0
85761,Wrong Item,4.0
85773,Missing Parts,3.5
85793,Wrong Item,3.5
85801,Communication Issues,3.5
85805,Wrong Item,4.0
85807,No Fit,1.0
85813,Missing Parts,3.5
85822,INVENT,3.5
85845,Late Delivery,3.5
85851,Wrong Item,3.5
85854,Poor Quality,3.5
85863,Missing Parts,3.5
85872,Poor Quality,3.0
85875,Wrong Item,4.0
85876,Quantidade Mínima,3.5
85880,Late Delivery,3.5
85887,Category,2.5
85902,Late Delivery,4.0
85922,INVENT,3.5
85927,Delayed Delivery,3.5
85929,Late Delivery,4.0
85939,INVENT,1.0
85940,Poor Quality,4.0
85954,Late Delivery,4.0
85955,Late Delivery,3.5
85965,Late Delivery,3.5
85967,Painful Assembly,4.0
85989,Late Delivery,3.5
86009,Late Delivery,4.0
86040,Wrong Item,3.5
86041,None of the given categories fit,3.5
86042,Wrong Item,3.5
86044,Wrong Item,3.5
86049,Poor Quality,3.0
86050,Late Delivery,3.5
86054,Late Delivery,3.5
86063,Late Delivery,4.0
86066,Category,2.5
86077,Damaged Goods,3.5
86081,Late Delivery,4.0
86085,Critical Failure / Scam,5.0
86086,Poor Quality,3.5
86088,No Delivery,3.0
86089,Wrong Item,4.0
86091,Entrega Errada,4.0
86099,Late Delivery,3.5
86104,Missing Parts,3.5
86106,Wrong Item,4.0
86111,Missing Parts,3.5
86117,Wrong Item,4.0
86120,Late Delivery,4.0
86131,Wrong Item,4.0
86132,Missing Parts,4.0
86157,Fraud,5.0
86165,Late Delivery,3.5
86173,Wrong Item,4.0
86184,Wrong Item,4.0
86186,Poor Quality,3.5
86188,Missing Parts,3.5
86193,Late Delivery,3.5
86211,Wrong Item,4.0
86227,Wrong Item,4.0
86231,Late Delivery,3.5
86236,Late Delivery,3.5
86242,Late Delivery,3.5
86243,Wrong Item,3.5
86251,Late Delivery,4.0
86258,Late Delivery,3.5
86264,Wrong Item,4.0
86266,Missing Parts,3.5
86287,Late Delivery,4.0
86309,Wrong Item,3.5
86314,Missing Parts,3.5
86319,Missing Parts,3.5
86322,Poor Quality,3.0
86331,Late Delivery,4.0
86340,Late Delivery,3.5
86345,Wrong Item,4.0
86354,Wrong Item,4.0
86355,Late Delivery,3.5
86356,INVENT,3.5
86359,Wrong Item,4.0
86360,Missing Parts,4.0
86366,Wrong Item,4.0
86371,Category,1.0
86374,Late Delivery,4.0
86382,Wrong Item,4.0
86384,Item Never Arrived,5.0
86391,Poor Quality,4.0
86398,Reconditioned Product,4.0
86401,Late Delivery,3.5
86407,Wrong Item,4.0
86410,Late Delivery,4.0
86412,Wrong Item,3.5
86423,Late Delivery,3.5
86426,Late Delivery,3.5
86434,Late Delivery,3.5
86446,Late Delivery,3.5
86449,No Problema,1.0
86460,Late Delivery,3.5
86466,Missing Parts,3.5
86482,Damaged Goods,4.0
86483,Muito ruim,3.5
86494,Wrong Item,3.5
86498,Late Delivery,3.5
86501,Late Delivery,4.0
86505,Late Delivery,4.0
86511,Missing Parts,3.5
86514,Late Delivery,3.5
86515,Poor Quality,3.5
86531,Late Delivery,3.5
86533,Late Delivery,3.5
86535,Poor Quality,3.5
86548,Late Delivery,3.5
86549,Not Received,5.0
86555,INVENT,3.5
86556,No Delivery,3.5
86558,No Fit,3.5
86559,Late Delivery,4.0
86560,Late Delivery,3.5
86574,Late Delivery,3.5
86576,Missing Parts,3.5
86586,Produto Falso,5.0
86588,Missing Parts,3.5
86608,Poor Quality,3.5
86613,Non-Conformance,4.0
86623,Damaged Goods,3.5
86625,Late Delivery,3.5
86628,Late Delivery,3.5
86630,Late Delivery,3.5
86635,No Product Delivered,5.0
86640,Late Delivery,4.0
86645,Wrong Item,4.0
86646,Poor Quality,4.0
86649,Cancelled Order,3.5
86664,Late Delivery,3.5
86666,Late Delivery,3.5
86669,Wrong Item,4.0
86678,Propaganda,3.5
86690,Wrong Item,3.5
86691,Wrong Item,3.5
86702,Missing Parts,3.5
86708,SEM OPINAR,1.0
86713,Fraud,5.0
86716,Late Delivery,4.0
86725,Not Received,5.0
86730,Wrong Item,4.0
86732,Color Variance,2.5
86740,Late Delivery,3.5
86743,Wrong Item,4.0
86744,Missing Parts,3.5
86752,None of the given categories fit. Invent Category,2.5
86754,No Delivery,5.0
86762,Weightiness,4.0
86765,Late Delivery,3.5
86766,Wrong Item,4.0
86776,Rude Courier,3.5
86783,Late Delivery,4.0
86810,Missing Parts,3.5
86812,Late Delivery,4.0
86814,Late Delivery,3.5
86817,Late Delivery,3.5
86826,Wrong Item,3.5
86827,Missing Parts,3.5
86835,Product Fraud,5.0
86843,Late Delivery,4.0
86851,Late Delivery,1.0
86855,No Issue,1.0
86876,Late Delivery,3.5
86877,Poor Quality,3.5
86886,Late Delivery,3.5
86889,Wrong Item,3.5
86894,Late Delivery,3.5
86899,Wrong Item,3.5
86905,INVENT,3.5
86908,Late Delivery,3.5
86915,Late Delivery,3.5
86935,Wrong Item,3.5
86936,Late Delivery,3.5
86937,Late Delivery,5.0
86941,Missing Parts,3.5
86947,Late Delivery,3.5
86957,Late Delivery,3.5
86964,Late Delivery,3.5
86968,Missing Parts,3.5
86970,Cancellation Issue,3.5
86989,Late Delivery,3.5
86991,Poor Quality,3.5
87002,Wrong Item,4.0
87007,Late Delivery,4.0
87011,Late Delivery,4.0
87013,No Arrival,5.0
87025,Poor Quality,4.0
87034,Wrong Item,3.5
87037,Late Delivery,3.5
87039,Late Delivery,3.5
87048,Late Delivery,3.5
87055,Produto Ruim,4.0
87057,Missing Parts,3.5
87058,Wrong Item,4.0
87061,Late Delivery,4.0
87074,Unreceived Item,4.0
87084,Incomplete Order,3.5
87092,Not Received,5.0
87102,Damaged Goods,4.0
87103,Wrong Item,4.0
87106,No Issue,1.0
87107,Late Delivery,3.5
87123,Wrong Item,4.0
87124,Wrong Item,4.0
87134,Poor Quality,4.0
87138,Late Delivery,4.0
87147,Missing Parts,3.5
87152,Late Delivery,3.5
87155,Uncontacted,3.5
87157,No Estoque,4.0
87160,Poor Quality,4.0
87165,Late Delivery,4.0
87167,Late Delivery,3.5
87170,Late Delivery,1.0
87184,Encaixe,3.5
87192,No Arrival,5.0
87195,No Delivery,5.0
87202,Late Delivery,3.5
87203,Late Delivery,3.5
87204,Missing Parts,3.5
87207,Wrong Item,3.5
87211,INVENT,3.5
87220,Missing Parts,2.0
87228,Late Delivery,3.5
87246,Late Delivery,3.5
87254,Missing Parts,3.5
87262,Poor Quality,3.5
87272,Missing Parts,3.5
87294,Wrong Item,4.0
87295,Chagrad,3.5
87296,Non-Informed,3.5
87301,Late Delivery,4.0
87310,Entrega Parcial,3.5
87315,Late Delivery,4.0
87325,Late Delivery,3.5
87335,Missing Parts,3.5
87338,Insufficient Information,3.5
87346,Cancelled Purchase,3.5
87351,Not Received,5.0
87365,Late Delivery,3.5
87377,Missing Parts,3.5
87378,Wrong Item,3.5
87384,INVENT,1.0
87389,Late Delivery,3.5
87409,Non Functioning,4.0
87415,Wrong Item,3.5
87456,Late Delivery,3.5
87458,Wrong Item,4.0
87462,INVENT,3.5
87463,Delayed Payment Response,4.0
87467,Late Delivery,3.5
87487,No Fit,3.5
87502,Category,2.5
87521,Late Delivery,4.0
87522,Not Provided,3.5
87532,Late Delivery,3.5
87533,Missing Parts,4.0
87538,Late Delivery,3.5
87550,Missing Parts,3.5
87551,Late Delivery,3.5
87554,Poor Quality,4.0
87555,INVENT,3.5
87566,Poor Quality,4.0
87568,Late Delivery,3.5
87575,No Issue,1.0
87576,No Delivery,5.0
87579,Missing Parts,4.0
87592,Late Delivery,4.0
87599,None of the given categories fit. Invent Category,2.5
87602,Late Delivery,3.5
87606,Poor Quality,3.5
87613,Late Delivery,3.5
87644,Poor Quality,3.5
87645,Missing Parts,3.5
87647,Wrong Item,4.0
87653,Wrong Item,4.0
87655,Late Delivery,3.5
87661,Wrong Item,3.5
87665,Wrong Item,4.0
87668,Performance Issue,3.5
87674,Wrong Item,3.5
87684,Late Delivery,3.5
87689,Wrong Item,4.0
87715,Missing Parts,3.5
87716,Missing Parts,3.5
87721,INVENT,1.0
87746,Late Delivery,4.0
87747,Not Received,5.0
87748,INVENT,3.5
87758,Produto de baixa qualidade,3.5
87761,Late Delivery,3.5
87763,Good Material,1.0
87767,INVENT,3.5
87775,Poor Quality,3.0
87782,Late Delivery,3.5
87786,Compra Cancelada,2.5
87789,Late Delivery,3.5
87791,Poor Quality,4.0
87800,Wrong Size,3.5
87801,Embalagem Rascada,2.5
87802,Wrong Item,4.0
87803,Missing Parts,3.5
87804,Wrong Item,3.5
87812,No Fit,1.0
87813,Late Delivery,4.0
87815,Late Delivery,3.5
87816,Poor Quality,4.0
87817,No Delivery,5.0
87822,INVENT,3.5
87823,Late Delivery,4.0
87829,Wrong Item,4.0
87831,Late Delivery,4.0
87843,Counterfeit Product,4.0
87844,Late Delivery,3.5
87862,Late Delivery,3.5
87864,Missing Parts,3.5
87872,Late Delivery,3.5
87877,Wrong Item,3.5
87884,Wrong Item,3.5
87890,Late Delivery,3.5
87895,Wrong Item,3.5
87901,INVENT,1.0
87906,Late Delivery,3.5
87908,Non-Receipt,5.0
87918,Propaganda,4.0
87924,Late Delivery,3.5
87927,Late Delivery,5.0
87932,Late Delivery,4.0
87939,Late Delivery,3.5
87941,Misrepresentation,3.5
87952,Late Delivery,3.5
87953,Late Delivery,1.0
87955,Late Delivery,3.5
87962,Wrong Item,4.0
87969,Missing Parts,4.0
87981,Wrong Item,4.0
87991,Late Delivery,4.0
88012,Missing Parts,4.0
88019,INVENT,1.0
88024,Late Delivery,3.5
88025,Wrong Item,3.5
88027,Não Recebi Minha Compra,4.0
88033,Inquiry Not Responded To,3.5
88035,Late Delivery,3.5
88036,Cancelled Order,3.5
88039,Pouco Diluído,3.5
88044,Poor Quality,3.0
88051,Late Delivery,3.5
88056,Missing Parts,3.5
88058,Poor Quality,4.0
88067,Late Delivery,3.5
88068,Missing Parts,4.0
88079,Wrong Item,3.5
88081,Late Delivery,3.5
88086,Wrong Item,3.5
88094,Damaged Goods,4.0
88102,No Arrival,5.0
88108,Wrong Item,4.0
88109,Late Delivery,3.5
88110,Poor Quality,3.5
88118,INVENT,3.5
88121,INVENT,3.5
88128,Wrong Item,3.5
88134,Prazo Entrega Demorado,4.0
88135,Late Delivery,3.5
88137,Missing Parts,3.5
88156,Not Delivered,3.5
88179,Non Functional,4.0
88181,Poor Quality,4.0
88188,Wrong Item,4.0
88209,Wrong Item,4.0
88231,Wrong Item,4.0
88233,Late Delivery,4.0
88271,Late Delivery,4.0
88275,Poor Quality,3.5
88288,Missing Parts,3.5
88289,Late Delivery,4.0
88290,Late Delivery,3.5
88292,Late Delivery,3.5
88295,Wrong Item,4.0
88298,Late Delivery,3.5
88300,Late Delivery,4.0
88306,Missing Parts,3.5
88307,Wrong Item,3.5
88308,Late Delivery,4.0
88312,Defective Product,3.5
88314,Late Delivery,3.5
88319,Late Delivery,3.5
88331,Poor Quality,3.5
88341,Missing Parts,4.0
88344,Lack of Response,4.0
88350,Late Delivery,4.0
88352,Wrong Item,4.0
88357,Damaged Goods,4.0
88369,Late Delivery,3.5
88372,Late Delivery,4.0
88373,Late Delivery,3.5
88387,Missing Parts,4.0
88390,Late Delivery,3.5
88392,Late Delivery,3.5
88408,Missing Parts,3.5
88415,Late Delivery,3.5
88439,Quality,3.5
88441,Entrega rápida,1.0
88446,Late Delivery,4.0
88456,Late Delivery,3.5
88458,Falta de Respeito,3.5
88469,Wrong Item,4.0
88472,Wrong Item,3.5
88486,Missing Parts,4.0
88490,No Received,5.0
88492,Damaged Goods,4.0
88494,Late Delivery,3.5
88496,Poor Quality,4.0
88500,Late Delivery,3.5
88502,Wrong Item,4.0
88507,Late Delivery,3.5
88515,INVENT,3.5
88519,Wrong Item,3.5
88522,Missing Parts,3.5
88526,Late Delivery,3.5
88527,Missing Parts,3.5
88528,Missing Parts,3.5
88530,Wrong Item,3.5
88538,INVENT,3.5
88539,Late Delivery,4.0
88541,INVENT,2.0
88543,Comprada Errada,2.5
88546,Missing Parts,3.5
88548,No Issue Found,1.0
88564,Wrong Item,3.5
88565,No Delivery,5.0
88575,Late Delivery,3.5
88583,Late Delivery,3.5
88599,Poor Quality,4.0
88623,Color Mismatch,3.5
88646,Late Delivery,4.0
88663,Péssimo,5.0
88670,No Arrival,5.0
88671,Wrong Item,4.0
88677,Missing Parts,4.0
88683,Late Delivery,4.0
88713,Late Delivery,3.5
88720,Late Delivery,3.5
88727,INVENT,1.0
88729,Wrong Item,4.0
88731,Late Delivery,4.0
88738,Missing Parts,3.5
88744,Missing Parts,3.5
88756,Wrong Item,3.5
88801,Wrong Item,4.0
88805,Missing Parts,3.5
88821,No Issue Found,1.0
88827,Late Delivery,4.0
88834,Late Delivery,3.5
88849,Wrong Item,4.0
88853,Late Delivery,3.5
88859,INVENT,3.5
88862,Late Delivery,3.5
88871,Poor Quality,4.0
88873,Late Delivery,3.5
88874,Insuficiente,3.5
88879,Late Delivery,3.5
88884,Late Delivery,3.5
88907,Not Received Yet,3.5
88919,Late Delivery,3.5
88924,Poor Quality,3.0
88928,Late Delivery,3.5
88929,No Delivery,5.0
88938,Wrong Item,4.0
88951,Wrong Item,4.0
88956,Late Delivery,3.5
88966,INVENT,1.0
88972,Missing Parts,3.5
88980,Wrong Item,3.5
88994,Missing Parts,3.5
89014,Late Delivery,3.5
89051,Poor Quality,3.5
89056,Wrong Item,4.0
89061,INVENT,3.5
89064,Late Delivery,3.5
89065,Late Delivery,3.5
89072,Wrong Item,3.5
89092,Late Delivery,3.5
89097,Wrong Item,4.0
89111,Missing Parts,3.5
89114,INVENT,3.5
89125,Inconvenience,3.5
89127,Late Delivery,4.0
89129,Category,2.5
89133,Wrong Item,3.5
89141,Legibilidade Insuficiente,3.5
89143,Wrong Item,3.5
89152,Missing Parts,4.0
89154,Invent,3.5
89161,Late Delivery,3.5
89162,Wrong Item,3.5
89187,Late Delivery,4.0
89193,Poor Quality,3.5
89196,Missing Parts,3.5
89198,Damaged Goods,4.0
89203,Wrong Item,4.0
89205,Late Delivery,3.5
89212,No Product Sent,5.0
89214,Poor Quality,3.0
89221,INVENT,3.5
89242,INVENT,3.5
89246,Late Delivery,3.5
89259,Not Arrived,5.0
89263,Produto Mau,4.0
89267,Late Delivery,3.5
89270,Late Delivery,4.0
89276,Late Delivery,4.0
89278,Connection Issues,2.5
89284,INVENT,1.0
89287,Missing Parts,4.0
89295,Desonestidade,5.0
89300,Late Delivery,3.5
89326,Late Delivery,3.5
89333,Late Delivery,3.5
89345,Late Delivery,3.5
89364,Rude Courier,3.5
89367,Wrong Item,3.5
89377,Wrong Item,4.0
89382,Missing Parts,3.5
89390,Wrong Item,4.0
89391,INVENT,1.0
89396,Late Delivery,4.0
89400,Missing Parts,3.5
89407,No Fit,1.0
89408,Late Delivery,5.0
89410,Poor Quality,3.5
89412,Late Delivery,3.5
89418,Late Delivery,4.0
89419,Wrong Item,4.0
89442,Nome Incompleto,3.5
89448,Late Delivery,3.5
89457,No Delivery,3.5
89461,Late Delivery,3.5
89467,Wrong Item,3.5
89468,INVENT,3.5
89488,Category,2.5
89491,Late Delivery,3.5
89498,INVENT,3.5
89506,Wrong Item,4.0
89512,Color Mismatch,3.5
89519,Poor Quality,4.0
89520,Wrong Item,4.0
89559,Late Delivery,3.5
89560,Late Delivery,4.0
89561,Late Delivery,4.0
89570,Late Delivery,3.5
89571,Late Delivery,3.5
89576,Poor Fit,3.5
89580,Poor Quality,3.5
89584,Enferrugado,3.5
89589,Missing Parts,3.5
89601,Incomplete Product,3.5
89606,Wrong Item,4.0
89607,Late Delivery,4.0
89627,Late Delivery,3.5
89654,Péssimo Serviço,4.0
89658,Poor Quality,4.0
89668,INVENT,3.5
89670,Poor Quality,3.5
89671,Item Never Arrived,5.0
89679,Missing Parts,4.0
89683,Wrong Item,4.0
89684,Wrong Item,3.5
89693,No Fit,3.5
89697,Late Delivery,3.5
89698,Wrong Item,4.0
89700,Missing Parts,4.0
89712,Poor Quality,3.0
89714,Product Variance,3.5
89722,Wrong Item,4.0
89730,Category,2.5
89731,INVENT,1.0
89733,Missing Parts,4.0
89741,Late Delivery,3.5
89747,Late Delivery,3.5
89750,No Delivery,5.0
89752,Late Delivery,4.0
89757,Insatisfaction,3.5
89766,Late Delivery,3.5
89772,Late Delivery,3.5
89793,INVENT,3.5
89798,Missing Parts,3.5
89800,Damaged Goods,3.5
89804,INVENT,3.5
89813,Late Delivery,3.5
89819,Missing Parts,3.5
89827,Wrong Item,3.5
89828,Category,2.5
89844,Late Delivery,3.5
89846,Missing Parts,3.5
89857,Wrong Item,4.0
89860,Não Gostei,3.5
89869,Falta Mercadoria,2.5
89872,Poor Quality,3.5
89875,Late Delivery,3.5
89889,Late Delivery,3.5
89924,INVENT,1.0
89927,Late Delivery,3.5
89928,Material Frágil,3.5
89935,Late Delivery,3.5
89938,Wrong Item,4.0
89947,Poor Quality,4.0
89957,INVENT,1.0
89963,INVENT,3.5
89969,Late Delivery,4.0
89977,Missing Parts,3.5
89980,Wrong Item,4.0
90005,Late Delivery,3.5
90012,Missing Parts,3.5
90025,Wrong Item,4.0
90026,Not Satisfied,3.5
90029,Late Delivery,4.0
90039,Late Delivery,3.5
90040,Missing Parts,3.5
90044,Late Delivery,3.5
90052,Wrong Item,3.5
90053,Late Delivery,3.5
90071,Late Delivery,3.5
90074,Broken Part,3.5
90079,Wrong Item,4.0
90081,Wrong Item,4.0
90083,INVENT,1.0
90086,Late Delivery,3.5
90090,Late Delivery,4.0
90097,Missing Parts,3.5
90100,Wrong Item,4.0
90102,Late Delivery,3.5
90103,Late Delivery,3.5
90115,Late Delivery,3.5
90127,Late Delivery,3.5
90133,Late Delivery,3.5
90137,Late Delivery,3.5
90143,Missing Parts,3.5
90153,Produto Mal Feito,4.0
90159,Late Delivery,3.5
90160,Late Delivery,3.5
90163,INVENT,1.0
90174,Late Delivery,3.5
90178,Late Delivery,3.5
90180,Wrong Item,4.0
90181,Late Delivery,3.5
90182,Wrong Item,4.0
90184,Late Delivery,3.5
90186,Missing Parts,3.5
90188,Late Delivery,3.5
90207,Late Delivery,3.5
90222,Wrong Item,3.5
90226,Late Delivery,3.5
90227,Late Delivery,4.0
90229,Wrong Item,4.0
90238,Late Delivery,3.5
90247,Late Delivery,3.5
90254,Electrical Issue,4.0
90279,Missing Parts,4.0
90296,Late Delivery,3.5
90298,Poor Quality,4.0
90299,Late Delivery,3.5
90306,Wrong Item,3.5
90311,Late Delivery,3.5
90313,Late Delivery,3.5
90314,Late Delivery,3.5
90321,Not Enough Quantity,3.5
90322,Missing Parts,3.5
90324,Late Delivery,3.5
90328,Late Delivery,3.5
90359,Wrong Item,4.0
90370,Wrong Item,4.0
90395,Late Delivery,3.5
90398,Missing Parts,3.5
90400,INVENT,3.5
90408,Wrong Item,4.0
90414,Non-Responsive,3.5
90416,Missing Parts,3.5
90431,Missing Parts,3.5
90443,INVENT,3.5
90447,Late Delivery,4.0
90450,No Fit,1.0
90456,Missing Parts,3.5
90464,Não Recebido,3.5
90466,Late Delivery,4.0
90474,Wrong Item,3.5
90477,Wrong Item,3.5
90493,Category,2.5
90495,Late Delivery,3.5
90499,Missing Parts,3.5
90501,Missing Parts,4.0
90504,Wrong Item,4.0
90506,Missing Parts,3.5
90510,Late Delivery,3.5
90518,N/A,3.5
90522,Damaged Goods,3.5
90525,Late Delivery,4.0
90532,Wrong Item,3.5
90536,Poor Quality,3.0
90539,INVENT,3.5
90541,Poor Quality,4.0
90542,Wrong Item,4.0
90545,Poor Quality,3.5
90573,Poor Quality,4.0
90574,Imperfeições,3.5
90578,Poor Quality,3.5
90582,Wrong Item,3.5
90583,Poor Quality,3.5
90605,Invent Category,2.5
90610,Não recebi,5.0
90626,Item Never Arrived,5.0
90643,Late Delivery,3.5
90655,INVENT,3.5
90658,Poor Quality,3.0
90661,Late Delivery,4.0
90665,Late Delivery,3.5
90667,Late Delivery,3.5
90684,Not Received,5.0
90691,Wrong Item,4.0
90695,Missing Parts,3.5
90702,No Fit,3.5
90709,Late Delivery,4.0
90719,INVENT,3.5
90720,No Delivery,3.5
90721,Late Delivery,3.5
90727,Wrong Item,3.5
90731,Late Delivery,3.5
90734,Late Delivery,3.5
90739,Missing Parts,3.5
90755,Missing Parts,3.5
90756,Late Delivery,3.5
90758,Missing Parts,3.5
90761,Poor Quality,4.0
90770,Late Delivery,3.5
90784,Late Delivery,3.5
90790,Missing Parts,3.5
90794,Wrong Item,4.0
90807,Wrong Item,4.0
90808,Missing Parts,3.5
90820,Late Delivery,4.0
90831,Missing Parts,3.5
90838,Late Delivery,3.5
90847,Late Delivery,3.5
90852,Late Delivery,4.0
90856,Late Delivery,3.5
90858,Wrong Item,4.0
90865,Wrong Item,3.5
90882,Late Delivery,3.5
90884,Poor Quality,4.0
90894,Wrong Item,4.0
90896,Not Received,5.0
90899,Poor Quality,4.0
90904,Color Incorrect,4.0
90905,Late Delivery,3.5
90911,Late Delivery,4.0
90925,No Delivery,4.0
90926,Missing Parts,3.5
90933,Late Delivery,3.5
90935,Late Delivery,3.5
90938,Counterfeit Product,4.0
90940,Late Delivery,3.5
90943,Late Delivery,3.5
90944,Poor Fit,3.5
90957,Late Delivery,4.0
90964,Late Delivery,3.5
90967,Late Delivery,4.0
90976,Late Delivery,3.5
90977,Late Delivery,3.5
90978,Late Delivery,3.5
90982,Late Delivery,3.5
90984,Wrong Item,3.5
90986,Missing Parts,4.0
90987,Wrong Item,4.0
90990,Late Delivery,3.5
90995,Late Delivery,1.0
90997,Late Delivery,3.5
91001,Propaganda,4.0
91026,Misfit,3.5
91040,Late Delivery,3.5
91062,Wrong Item,3.5
91070,Wrong Item,4.0
91071,Late Delivery,3.5
91074,Invent a New Category,2.5
91111,Late Delivery,3.5
91112,No Response,3.5
91128,None of the given categories fit,1.0
91130,Wrong Item,4.0
91138,Wrong Item,4.0
91155,Late Delivery,3.5
91172,Poor Quality,4.0
91179,No Fit,1.0
91185,Wrong Item,4.0
91189,Counterfeit Product,3.5
91193,Missing Parts,3.5
91196,Wrong Item,4.0
91209,Propaganda Enganosa,4.0
91213,No Arrival,5.0
91224,Poor Quality,4.0
91227,INVENT,3.5
91238,Late Delivery,3.5
91239,Late Delivery,4.0
91246,INVENT,3.5
91251,Late Delivery,3.5
91261,Late Delivery,3.5
91263,Wrong Item,3.5
91297,Poor Quality,4.0
91306,No Category,1.0
91307,Late Delivery,3.5
91311,Wrong Item,4.0
91315,Late Delivery,3.5
91321,Late Delivery,3.5
91326,Falsified Product,4.0
91342,Late Delivery,3.5
91343,Wrong Item,3.5
91344,No Fit,3.5
91358,Late Delivery,4.0
91367,Late Delivery,3.5
91369,Wrong Item,3.5
91371,Late Delivery,3.5
91384,Late Delivery,3.5
91393,Late Delivery,4.0
91396,Poor Quality,4.0
91398,Poor Quality,4.0
91415,Poor Quality,4.0
91420,Late Delivery,3.5
91427,Late Delivery,4.0
91431,Late Delivery,4.0
91435,"Não recomendo, uma total má pr",2.5
91436,Missing Parts,3.5
91441,Scratch,4.0
91446,Wrong Item,3.5
91450,Late Delivery,3.5
91471,Não Recebido,4.0
91478,Wrong Item,4.0
91487,Late Delivery,3.5
91494,Missing Parts,3.5
91504,Wrong Item,4.0
91510,Missing Parts,3.5
91515,Late Delivery,3.5
91518,Missing Parts,3.5
91519,Late Delivery,3.5
91522,Late Delivery,3.5
91533,Late Delivery,4.0
91535,Lixo,4.0
91536,Late Delivery,3.5
91541,Delayed Response,3.5
91542,INVENT,3.5
91546,No Arrival,5.0
91547,Late Delivery,3.5
91553,Late Delivery,3.5
91567,Late Delivery,3.5
91576,Missing Parts,4.0
91578,Missing Parts,3.5
91590,Damaged Goods,3.5
91591,Rude Response,3.5
91592,Fraud,5.0
91594,Late Delivery,3.5
91611,Fraud,5.0
91613,Wrong Item,4.0
91618,Trust Issues,3.5
91629,Missing Parts,3.5
91632,Wrong Item,4.0
91645,Incomplete Delivery,4.0
91648,Wrong Item,4.0
91650,Wrong Item,3.5
91653,Late Delivery,3.5
91655,Late Delivery,3.5
91677,Late Delivery,3.5
91681,Missing Parts,3.5
91682,Wrong Item,4.0
91697,Late Delivery,3.5
91699,Late Delivery,4.0
91702,Late Delivery,3.5
91710,Missing Parts,3.5
91714,Wrong Item,3.5
91715,Wrong Item,4.0
91719,Late Delivery,4.0
91722,No Evaluation,5.0
91727,Late Delivery,3.5
91728,Late Delivery,3.5
91734,Late Delivery,3.5
91735,Wrong Item,3.5
91740,Poor Quality,3.5
91748,INVENT,2.0
91749,Missing Parts,3.5
91750,Failing Functionality,4.0
91770,Late Delivery,4.0
91773,Poor Quality,4.0
91787,Wrong Item,3.5
91803,Wrong Item,4.0
91805,Late Delivery,4.0
91807,Late Delivery,3.5
91820,Late Delivery,3.5
91841,Late Delivery,4.0
91872,Late Delivery,3.5
91877,Late Delivery,3.5
91882,Wrong Item,4.0
91885,Late Delivery,4.0
91892,Péssima meu produtdefeito,3.5
91898,Late Delivery,3.5
91910,INVENT,3.5
91919,Late Delivery,1.0
91922,Wrong Item,4.0
91928,Wrong Item,4.0
91930,Poor Quality,3.5
91933,Non-Included,2.5
91935,Item Not Received,5.0
91944,Late Delivery,4.0
91948,Incomplete Items,4.0
91950,Late Delivery,3.5
91964,Different from Photo,3.5
91972,Poor Quality,4.0
91981,Wrong Item,4.0
91989,Late Delivery,4.0
91995,Damaged Goods,4.0
91999,Not Delivered,3.5
92001,No Issue,1.0
92002,Wrong Item,4.0
92004,Wrong Item,4.0
92009,INVENT,3.5
92012,Late Delivery,4.0
92015,Poor Quality,3.5
92018,Poor Quality,3.0
92026,INVENT,3.5
92038,INVENT,3.5
92039,Missing Parts,3.5
92045,Late Delivery,3.5
92047,Cancelled Order,5.0
92054,Late Delivery,3.5
92058,Missing Parts,3.5
92073,Not Received,5.0
92075,Missing Parts,3.5
92086,Late Delivery,3.5
92087,Missing Parts,3.5
92104,Poor Quality,4.0
92106,Late Delivery,3.5
92123,Late Delivery,4.0
92132,Pobre Qualidade,4.0
92136,Missing Parts,4.0
92138,Late Delivery,3.5
92148,Late Delivery,3.5
92157,Not Received,5.0
92165,Late Delivery,3.5
92166,Produto Retirado,3.5
92203,Late Delivery,4.0
92207,Missing Parts,4.0
92210,Propaganda Enganosa,3.5
92218,Missing Parts,3.5
92220,Late Delivery,3.5
92226,Late Delivery,3.5
92235,Wrong Item,4.0
92242,Late Delivery,3.5
92250,Late Delivery,3.5
92254,Late Delivery,3.5
92255,Late Delivery,4.0
92259,Wrong Item,4.0
92266,No Delivery,4.0
92269,Wrong Item,4.0
92282,Poor Quality,4.0
92283,Missing Parts,3.5
92290,Late Delivery,3.5
92301,Late Delivery,3.5
92305,Wrong Item,4.0
92309,Poor Quality,3.5
92317,Late Delivery,4.0
92319,Late Delivery,4.0
92322,Missing Parts,3.5
92327,Missing Parts,3.5
92350,Late Delivery,4.0
92360,Late Delivery,3.5
92366,Wrong Item,4.0
92376,Late Delivery,3.5
92382,Late Delivery,3.5
92399,Late Delivery,3.5
92408,Wrong Item,3.5
92411,Late Delivery,3.5
92430,Wrong Item,3.5
92445,Poor Quality,3.5
92461,Wrong Item,4.0
92467,Missing Parts,3.5
92473,INVENT,3.5
92477,Late Delivery,3.5
92481,Wrong Item,4.0
92482,Poor Quality,3.5
92485,Late Delivery,4.0
92489,Poor Quality,3.5
92494,Sem opinião,1.0
92495,Missing Parts,3.5
92511,Poor Quality,4.0
92513,Ruim Ruim,3.5
92521,Service Unavailable,3.5
92522,Missing Parts,3.5
92525,Late Delivery,4.0
92530,Late Delivery,3.5
92531,Late Delivery,3.5
92545,Wrong Item,4.0
92551,Late Delivery,3.5
92560,Não Recebido,4.0
92564,Wrong Item,4.0
92565,Late Delivery,3.5
92571,Product Variance,3.5
92572,Poor Quality,3.5
92579,Counterfeit Product,4.0
92587,INVENT,3.5
92590,Late Delivery,3.5
92600,Wrong Item,4.0
92601,Missing Parts,4.0
92604,Late Delivery,3.5
92606,Misleading Product,3.5
92612,Entrega incompleta,4.0
92621,Late Delivery,3.5
92624,Late Delivery,4.0
92628,Not Received,5.0
92638,Missing Parts,5.0
92640,Wrong Item,4.0
92644,Falta de Peça,3.5
92649,Missing Parts,3.5
92670,Late Delivery,3.5
92677,Wrong Item,4.0
92691,Delay,3.5
92697,Damaged Goods,3.5
92707,Late Delivery,3.5
92712,Late Delivery,3.5
92714,INVENT,3.5
92753,No Delivery,5.0
92769,Late Delivery,3.5
92780,Late Delivery,3.5
92792,Poor Quality,3.5
92798,Missing Parts,3.5
92800,Missing Parts,3.5
92804,Late Delivery,3.5
92807,No Fit,1.0
92812,Late Delivery,3.5
92817,Service Poor,3.5
92828,Late Delivery,3.5
92830,Poor Quality,4.0
92832,Missing Parts,3.5
92833,Material Ruim,4.0
92838,Wrong Item,4.0
92846,Wrong Item,4.0
92849,Late Delivery,3.5
92851,Late Delivery,3.5
92867,Poor Fit,3.5
92870,Missing Parts,3.5
92871,Wrong Item,4.0
92872,Damaged Goods,4.0
92874,Late Delivery,3.5
92877,Missing Parts,3.5
92889,Wrong Item,3.5
92894,Late Delivery,3.5
92904,Wrong Item,3.5
92914,Late Delivery,3.5
92935,Late Delivery,3.5
92950,No Delivery,5.0
92960,Missing Documentation,3.5
92961,Poor Quality,3.0
92964,INVENT,1.0
92979,Late Delivery,3.5
92984,Late Delivery,3.5
92988,Wrong Item,4.0
92992,Missing Parts,3.5
93011,Defective Product,4.0
93017,Total Descaso,3.5
93018,Late Delivery,3.5
93020,Rude Courier,3.5
93028,Missing Parts,3.5
93036,None of the given categories fit,1.0
93037,Late Delivery,3.5
93039,No Arrival,5.0
93041,Late Delivery,3.5
93046,MUITO DECEPCIONADA,3.5
93047,No Delivery,5.0
93054,Late Delivery,3.5
93062,Poor Quality,3.5
93063,Not Received,5.0
93065,Wrong Item,4.0
93071,Late Delivery,3.5
93086,Wrong Item,4.0
93087,Missing Parts,3.5
93097,Frágil,3.5
93115,Not Received,5.0
93124,Late Delivery,3.5
93150,INVENT,3.5
93154,Part Missing,3.5
93155,Wrong Item,4.0
93161,No Fit,3.5
93175,Not Gotten Product,3.5
93183,Missing Parts,3.5
93186,Missing Parts,3.5
93195,Missing Parts,3.5
93196,Incompatibilidade Cartucho,3.5
93200,Late Delivery,3.5
93223,Missing Parts,4.0
93225,Missing Parts,3.5
93241,Wrong Item,4.0
93242,Poor Quality,3.5
93257,Poor Quality,4.0
93261,Late Delivery,4.0
93269,Late Delivery,3.5
93271,Missing Parts,4.0
93279,Late Delivery,3.5
93280,Late Delivery,3.5
93295,Late Delivery,3.5
93298,Poor Quality,3.5
93301,Late Delivery,4.0
93304,Rude Courier,3.5
93308,No Issue Found,1.0
93316,Noise Product,3.5
93324,Late Delivery,3.5
93330,Fraud,5.0
93332,Wrong Item,4.0
93341,Wrong Item,3.5
93344,Late Delivery,3.5
93346,Missing Parts,3.5
93348,Late Delivery,3.5
93358,Wrong Item,4.0
93370,Missing Parts,3.5
93372,Late Delivery,3.5
93379,No Issue Invented,1.0
93391,Late Delivery,3.5
93405,Late Delivery,4.0
93414,Wrong Item,4.0
93427,Wrong Item,4.0
93431,Late Delivery,3.5
93448,Late Delivery,3.5
93461,Missing Parts,3.5
93467,Communication Issue,3.5
93470,Late Delivery,3.5
93472,Category,2.5
93484,Poor Quality,3.5
93490,Late Delivery,3.5
93491,Late Delivery,3.5
93500,Não Aplicável,1.0
93504,Late Delivery,4.0
93508,Late Delivery,3.5
93510,No Delivery Tracking,4.0
93512,Rushed Delivery,3.5
93515,Missing Parts,4.0
93520,Late Delivery,3.5
93523,Poor Quality,3.5
93524,Missing Parts,3.5
93534,Late Delivery,3.5
93536,Missing Parts,3.5
93538,Wrong Item,3.5
93546,INVENT,3.5
93552,Missing Parts,3.5
93575,Late Delivery,3.5
93594,Missing Parts,3.5
93597,Late Delivery,3.5
93609,No Issue,1.0
93611,Wrong Item,4.0
93615,Missing Parts,3.5
93625,Late Delivery,3.5
93627,Poor Quality,3.5
93631,Missing Parts,3.5
93637,Poor Quality,3.0
93638,Wrong Item,4.0
93645,Late Delivery,3.5
93651,Wrong Item,4.0
93656,Wrong Item,4.0
93657,No Delivery,5.0
93658,Late Delivery,1.0
93661,Missing Parts,3.5
93667,Late Delivery,4.0
93668,Poor Quality,3.5
93678,Wrong Item,4.0
93696,Late Delivery,3.5
93703,INVENT,3.5
93704,Never Received Product,5.0
93705,INVENT,1.0
93714,Late Delivery,4.0
93721,Late Delivery,3.5
93723,Late Delivery,4.0
93734,Late Delivery,3.5
93750,Luva,2.5
93771,No Delivery,5.0
93775,Late Delivery,3.5
93776,Late Delivery,3.5
93788,Missing Parts,3.5
93790,Not Received,5.0
93799,Missing Color Match,3.5
93810,Late Delivery,3.5
93813,Late Delivery,4.0
93824,Não Gostei,2.5
93827,Poor Quality,4.0
93830,Late Delivery,4.0
93832,Late Delivery,3.5
93837,Late Delivery,3.5
93839,Wrong Item,4.0
93848,Quality,3.5
93863,Late Delivery,3.5
93867,Wrong Item,4.0
93876,Product Messed Up,3.5
93893,Bom produto,1.0
93896,Late Delivery,3.5
93906,Late Delivery,3.5
93912,Late Delivery,4.0
93928,Late Delivery,4.0
93930,Cancelled Purchase,3.5
93936,Wrong Item,3.5
93937,Ruim,3.5
93938,Wrong Item,3.5
93970,Missing Parts,3.5
93979,Poor Quality,4.0
93983,Wrong Item,3.5
93999,Late Delivery,3.5
94005,Wrong Item,4.0
94023,Ingenious Solution,2.5
94030,Late Delivery,3.5
94033,Late Delivery,3.5
94036,No Fit,1.0
94042,Late Delivery,3.5
94059,Late Delivery,3.5
94063,Wrong Item,3.5
94064,Wrong Item,4.0
94081,Late Delivery,3.5
94089,Material Fragil e Com Cheiro Ruim,3.5
94100,Late Delivery,3.5
94101,Fake Product,5.0
94110,Late Delivery,3.5
94137,Late Delivery,3.5
94149,Missing Tracking Code,3.5
94163,Missing Parts,4.0
94175,Late Delivery,3.5
94186,INVENT,1.0
94192,Missing Parts,3.5
94193,Small Size,2.5
94195,Late Delivery,4.0
94196,Late Delivery,3.5
94198,Late Delivery,4.0
94201,Wrong Item,4.0
94202,Missing Parts,4.0
94225,Wrong Item,4.0
94240,Wrong Item,4.0
94247,Late Delivery,3.5
94249,Late Delivery,3.5
94269,INVENT,3.5
94270,Poor Quality,4.0
94278,Poor Quality,3.5
94284,Poor Quality,3.5
94285,Missing Parts,3.5
94292,Late Delivery,3.5
94302,Late Delivery,3.5
94304,Late Delivery,3.5
94311,Late Delivery,3.5
94312,Missing Parts,4.0
94321,Not Received,5.0
94343,Image Discrepancy,3.5
94350,Late Delivery,3.5
94355,Late Delivery,3.5
94364,Late Delivery,3.5
94368,Late Delivery,4.0
94376,Late Delivery,3.5
94381,Late Delivery,3.5
94383,Wrong Item,4.0
94385,INVENT,2.5
94390,Late Delivery,4.0
94395,Poor Quality,3.5
94397,Late Delivery,2.0
94400,Late Delivery,3.5
94409,Late Delivery,3.5
94411,Late Delivery,4.0
94421,Products Mismatch,4.0
94425,Wrong Item,4.0
94431,Missing Parts,3.5
94437,Late Delivery,4.0
94441,Wrong Item,4.0
94446,Late Delivery,3.5
94455,Missing Parts,4.0
94461,Late Delivery,3.5
94462,Wrong Item,4.0
94466,Missing Parts,3.5
94472,Not Received,5.0
94498,Um Lixo de Loja,5.0
94499,No Issue,1.0
94502,Late Delivery,3.5
94509,Missing Parts,3.5
94512,Late Delivery,3.5
94515,Wrong Item,4.0
94516,No Product Sent,5.0
94517,Late Delivery,3.5
94524,Late Delivery,4.0
94532,Late Delivery,3.5
94536,Poor Quality,3.5
94543,Wrong Item,3.5
94558,Late Delivery,3.5
94574,Late Delivery,3.5
94586,Propaganda Falha,4.0
94590,INVENT,3.5
94594,Poor Quality,3.5
94597,Missing Parts,3.5
94613,Late Delivery,3.5
94631,Communication Issues,3.5
94636,Wrong Item,4.0
94642,Wrong Item,3.5
94644,Late Delivery,4.0
94662,Missing Parts,3.5
94672,Late Delivery,3.5
94673,Missing Parts,3.5
94674,Late Delivery,3.5
94677,Late Delivery,4.0
94681,Damaged Goods,3.5
94688,Wrong Item,4.0
94692,INVENT,3.5
94710,N/A,1.0
94713,Late Delivery,4.0
94715,Late Delivery,3.5
94729,INVENT,2.0
94740,Inconvenience,3.5
94741,Missing Parts,2.0
94742,Late Delivery,3.5
94751,Late Delivery,4.0
94759,Missing Parts,3.5
94769,Poor Quality,4.0
94785,Late Delivery,4.0
94796,N/A,3.5
94807,Wrong Item,3.5
94813,Poor Quality,4.0
94819,Late Delivery,4.0
94821,Wrong Item,4.0
94826,Missing Parts,3.5
94837,Late Delivery,3.5
94838,Missing Parts,3.5
94862,Not Provided,3.5
94872,No Issue,1.0
94883,Late Delivery,4.0
94886,Propaganda Enganosa,3.5
94887,Missing Parts,3.5
94889,Late Delivery,3.5
94890,Late Delivery,4.0
94900,Late Delivery,3.5
94909,Late Delivery,3.5
94913,Late Delivery,3.5
94925,Late Delivery,3.5
94932,Missing Parts,3.5
94940,No Fit,3.5
94942,Wrong Item,3.5
94946,Late Delivery,3.5
94955,Late Delivery,4.0
94956,Late Delivery,3.5
94957,Late Delivery,3.5
94960,Insatisfação,3.5
94963,Poor Quality,3.0
94966,Late Delivery,3.5
94967,Late Delivery,4.0
94974,Wrong Item,3.5
94976,Wrong Item,4.0
94979,Wrong Item,4.0
95000,Late Delivery,2.0
95014,Late Delivery,4.0
95020,Missing Parts,3.5
95025,Late Delivery,3.5
95029,Falta de Respeito,3.5
95030,Late Delivery,4.0
95035,Late Delivery,3.5
95039,Late Delivery,3.5
95040,Missing Parts,3.5
95053,Poor Quality,3.5
95064,Late Delivery,4.0
95065,Late Delivery,4.0
95073,Wrong Item,4.0
95082,Misleading Listing,3.5
95084,Late Delivery,3.5
95089,Poor Quality,4.0
95090,Wrong Item,3.5
95105,Pobre Qualidade,4.0
95108,Wrong Item,4.0
95110,Category,2.5
95113,Late Delivery,4.0
95123,Missing Parts,3.5
95125,No Issue,1.0
95126,Health Concerns,3.5
95132,Late Delivery,4.0
95146,Late Delivery,3.5
95147,Late Delivery,3.5
95148,No Received Item,5.0
95150,Wrong Item,4.0
95152,Wrong Item,5.0
95157,Wrong Item,4.0
95163,Late Delivery,3.5
95166,Wrong Item,4.0
95177,Late Delivery,3.5
95194,INVENT,1.0
95196,No Arrival,5.0
95212,Wrong Voltage,4.0
95220,Wrong Item,3.5
95226,Late Delivery,3.5
95228,INVENT,3.5
95260,Not Received,5.0
95271,Material Falha,3.5
95276,Late Delivery,3.5
95283,Late Delivery,3.5
95285,Late Delivery,4.0
95299,Missing Parts,3.5
95310,Wrong Item,3.5
95324,Missing Parts,3.5
95334,Late Delivery,4.0
95355,Wrong Item,4.0
95356,Delayed Delivery,3.5
95359,No Issue,1.0
95360,Wrong Item,3.5
95363,Software Issue,4.0
95367,Wrong Item,4.0
95368,Late Delivery,3.5
95369,Noise Product,4.0
95371,Poor Quality,3.5
95373,Late Delivery,4.0
95382,Late Delivery,3.5
95386,Late Delivery,3.5
95389,Wrong Item,3.5
95403,Late Delivery,3.5
95408,Wrong Item,3.5
95425,Wrong Item,4.0
95435,Uma Vergonha,3.5
95437,Wrong Item,3.5
95442,Defective Product,4.0
95453,Wrong Item,4.0
95466,Wrong Item,4.0
95468,Late Delivery,4.0
95473,Late Delivery,3.5
95474,Divergence from Expectations,3.5
95482,Missing Parts,3.5
95483,Late Delivery,3.5
95485,Late Delivery,3.5
95486,Bom produto,1.0
95499,Wrong Item,4.0
95500,Late Delivery,4.0
95517,Late Delivery,4.0
95537,Missing Parts,3.5
95545,Wrong Item,3.5
95548,Not Received Yet,3.5
95555,Wrong Item,3.5
95559,Wrong Item,3.5
95572,Wrong Item,3.5
95590,Late Delivery,3.5
95593,Wrong Item,4.0
95595,Late Delivery,3.5
95596,Poor Quality,4.0
95598,Late Delivery,3.5
95626,INVENT,1.0
95627,INVENT,3.5
95635,Late Delivery,4.0
95642,Late Delivery,3.5
95648,Poor Quality,3.5
95652,Late Delivery,3.5
95669,Incomplete Delivery,4.0
95670,Missing Fragrance,3.5
95676,Late Delivery,3.5
95695,Late Delivery,4.0
95708,Late Delivery,4.0
95709,No Issue,1.0
95715,No Fit,1.0
95719,Late Delivery,3.5
95722,Late Delivery,3.5
95727,Não Recebido,4.0
95731,No Delivery,3.5
95737,INVENT,2.5
95738,Damaged Goods,3.5
95742,Damaged Goods,3.5
95752,Late Delivery,3.5
95754,Short Fringes,2.5
95765,Late Delivery,3.5
95769,Poor Quality,4.0
95772,Mismatched Product,4.0
95780,Wrong Item,3.5
95785,Good Purchase Product Good,1.0
95787,Poor Quality,4.0
95795,Wrong Item,4.0
95803,Late Delivery,4.0
95805,INVENT,1.0
95810,No Delivery,5.0
95814,Missing Parts,3.5
95816,Missing Parts,3.5
95822,Category,2.5
95824,Late Delivery,3.5
95834,Late Delivery,4.0
95837,Late Delivery,3.5
95842,Late Delivery,3.5
95846,Missing Parts,3.5
95855,Late Delivery,3.5
95857,Wrong Item,4.0
95864,Late Delivery,3.5
95879,Non Functional,4.0
95883,Wrong Item,4.0
95886,Poor Quality,3.5
95887,Wrong Item,4.0
95888,Late Delivery,3.5
95892,Poor Quality,4.0
95897,Missing Parts,3.5
95916,Wrong Item,4.0
95929,Wrong Item,4.0
95933,Inconvenience,3.5
95941,Invent a new category,2.5
95948,Missing Parts,3.5
95952,Late Delivery,1.0
95958,Late Delivery,2.0
95962,Late Delivery,3.5
95963,Missing Parts,3.5
95970,Late Delivery,3.5
95976,Missing Parts,3.5
95981,Category,2.5
95991,Late Delivery,4.0
95995,Non-functional,4.0
96011,Missing Parts,3.5
96013,Não compro mais nessas lojas q,2.5
96014,Late Delivery,3.5
96015,Rude Courier,3.5
96020,Missing Parts,4.0
96026,Late Delivery,3.5
96030,Late Delivery,3.5
96047,Péssima meu produtdefeito,3.5
96058,Late Delivery,3.5
96062,Late Delivery,3.5
96075,Late Delivery,3.5
96081,Late Delivery,3.5
96082,Wrong Item,3.5
96094,Wrong Item,3.5
96096,Incomplete Product,3.5
96111,Damaged Goods,4.0
96113,No Delivery,5.0
96121,Wrong Item,4.0
96125,Late Delivery,3.5
96126,Late Delivery,3.5
96132,Pedido Cancelado,3.5
96144,Late Delivery,3.5
96148,Late Delivery,3.5
96157,INVENT,3.5
96158,Late Delivery,4.0
96165,Misleading Info,4.0
96175,Wrong Item,4.0
96176,Wrong Item,4.0
96178,Late Delivery,4.0
96179,Wrong Item,4.0
96185,Insatisfação,3.5
96201,Missing Parts,3.5
96202,Poor Quality,3.5
96207,Late Delivery,4.0
96220,Wrong Item,3.5
96224,Late Delivery,4.0
96228,Wrong Item,3.5
96232,Late Delivery,3.5
96239,Late Delivery,3.5
96240,Rough Surface,3.5
96241,Wrong Item,3.5
96271,No Delivery,5.0
96273,Poor Quality,3.5
96276,Missing Parts,3.5
96283,Péssimo e gosto horrível!,5.0
96284,Rude Response,3.5
96295,Late Delivery,4.0
96310,Missing Parts,2.0
96321,Compra segura e tranquila,1.0
96345,Compra foi uma bosta cade meu dinheiro,5.0
96349,Late Delivery,4.0
96354,Late Delivery,3.5
96372,Internet Search Failure,3.5
96386,No Issue,1.0
96394,INVENT,3.5
96398,Damaged Goods,3.5
96407,Unpackaged,3.5
96410,Late Delivery,3.5
96412,Missing Parts,4.0
96413,Damaged Goods,3.5
96418,Missing Parts,3.5
96420,Late Delivery,3.5
96428,INVENT,1.0
96430,Late Delivery,3.5
96431,Category,2.5
96468,NAO,1.0
96480,Missing Products,4.0
96483,Wrong Item,3.5
96500,Missing Parts,3.5
96502,Missing Parts,3.5
96510,Late Delivery,3.5
96512,Poor Quality,4.0
96529,Falta de respeito,2.5
96534,Missing Parts,3.5
96535,Poor Quality,4.0
96536,Missing Parts,4.0
96547,Late Delivery,3.5
96553,Late Delivery,3.5
96557,Late Delivery,4.0
96562,Missing Parts,3.5
96571,INVENTED CATEGORY,2.5
96573,Poor Quality,4.0
96575,Poor Quality,3.5
96598,Impressão Sintética,3.5
96621,Missing Parts,3.5
96629,Late Delivery,3.5
96646,No Response,3.5
96650,Late Delivery,3.5
96652,No Issue,1.0
96654,Poor Quality,3.5
96659,Late Delivery,3.5
96669,Late Delivery,3.5
96681,Late Delivery,4.0
96688,N/A,1.0
96695,Missing Parts,2.0
96699,Poor Quality,4.0
96704,Late Delivery,3.5
96708,Late Delivery,3.5
96719,Wrong Item,3.5
96743,Late Delivery,3.5
96752,No Product Sent,4.0
96757,Late Delivery,4.0
96758,Cancelled Order,3.5
96759,Wrong Item,4.0
96768,Late Delivery,3.5
96783,INVENT,3.5
96790,INVENT,3.5
96792,INVENT,3.5
96802,INVENT,3.5
96804,Invent Category,2.5
96812,Wrong Item,4.0
96818,Poor Quality,3.0
96824,Delay,3.5
96830,Missing Parts,3.5
96831,Late Delivery,3.5
96832,Late Delivery,3.5
96833,Missing Parts,3.5
96839,Late Delivery,3.5
96841,No Issue Reported,1.0
96844,Wrong Item,3.5
96862,Fraud,5.0
96875,Color Mismatch,3.5
96888,No Fit,3.5
96889,Wrong Item,4.0
96898,Late Delivery,3.5
96913,Late Delivery,3.5
96916,Late Delivery,3.5
96922,Wrong Item,4.0
96926,Late Delivery,3.5
96927,Missing Parts,3.5
96934,Late Delivery,3.5
96948,Missing Parts,3.5
96952,Late Delivery,4.0
96957,Late Delivery,4.0
96966,Late Delivery,3.5
96982,Wrong Item,4.0
96990,Late Delivery,3.5
96997,Wrong Item,4.0
97008,Late Delivery,4.0
97012,Wrong Item,4.0
97014,Poor Quality,3.5
97037,Wrong Item,4.0
97038,Late Delivery,3.5
97061,Wrong Item,4.0
97070,Poor Quality,3.5
97091,Missing Parts,3.5
97096,Late Delivery,3.5
97098,No Arrival,5.0
97103,Wrong Item,3.5
97125,Late Delivery,3.5
97126,Late Delivery,4.0
97132,Late Delivery,3.5
97150,Damaged Goods,4.0
97165,Irresponsável,4.0
97166,Late Delivery,3.5
97173,No Issue Found,1.0
97174,Wrong Item,4.0
97177,No Product Sent,5.0
97192,Inconvenience,2.0
97199,Counterfeit Product,4.0
97204,Late Delivery,3.5
97205,Wrong Item,4.0
97231,Customer Service Response,3.5
97278,Late Delivery,4.0
97285,Late Delivery,3.5
97290,Wrong Item,4.0
97291,Wrong Item,4.0
97298,Missing Parts,3.5
97299,Wrong Item,4.0
97304,No Issue,1.0
97308,Late Delivery,3.5
97313,Missing Parts,4.0
97324,Non-Matching Product,3.5
97331,Late Delivery,4.0
97337,Late Delivery,3.5
97343,Wrong Item,3.5
97349,Late Delivery,3.5
97356,Late Delivery,3.5
97363,Missing Parts,3.5
97366,Late Delivery,3.5
97371,INVENT,2.0
97372,Missing Parts,4.0
97373,Poor Quality,3.5
97378,Wrong Item,3.5
97381,Missing Parts,3.5
97397,Pouco Embalado,3.5
97398,Late Delivery,3.5
97402,Wrong Item,4.0
97418,Negligência Comercial,3.5
97430,Missing Parts,3.5
97447,Late Delivery,4.0
97449,Missing Parts,3.5
97451,No Issue,1.0
97452,INVENT,3.5
97462,Wrong Item,4.0
97465,Poor Quality,4.0
97469,Late Delivery,3.5
97470,Late Delivery,3.5
97471,Late Delivery,3.5
97475,Wrong Item,3.5
97477,Insufficient Communication,3.5
97478,Late Delivery,3.5
97481,Late Delivery,3.5
97484,Late Delivery,4.0
97502,Late Delivery,3.5
97511,No Delivery,3.0
97516,Late Delivery,3.5
97521,Late Delivery,4.0
97528,Poor Quality,3.5
97531,Late Delivery,3.5
97534,No Fit,1.0
97550,Produto Falha,4.0
97569,Missing Parts,3.5
97579,Late Delivery,4.0
97586,Padded Defect,3.5
97604,Late Delivery,4.0
97617,Wrong Item,4.0
97619,Wrong Item,3.5
97621,N/A,1.0
97626,Late Delivery,3.5
97631,Late Delivery,3.5
97661,Color Mismatch,3.5
97703,Wrong Item,3.5
97704,Wrong Item,3.5
97706,Missing Parts,4.0
97717,Delayed Communication,3.5
97718,No Issue,1.0
97720,No Delivery,3.0
97733,Late Delivery,3.5
97743,Wrong Item,3.5
97757,Late Delivery,3.5
97760,Category,2.5
97761,No Arrival,5.0
97768,Late Delivery,3.5
97772,Missing Parts,3.5
97773,Wrong Item,3.5
97781,Late Delivery,3.5
97782,Missing Parts,3.5
97787,Late Delivery,3.5
97797,Missing Parts,3.5
97800,Wrong Item,3.5
97809,Wrong Item,4.0
97817,Não Recebido,3.5
97824,Rude Courier,3.5
97855,Late Delivery,4.0
97868,Late Delivery,3.5
97884,Wrong Item,4.0
97895,Missing Documentation,3.5
97903,Late Delivery,3.5
97908,Late Delivery,3.5
97912,Rude Courier,3.5
97915,Wrong Item,4.0
97922,Late Delivery,3.5
97930,Wrong Item,4.0
97931,Poor Quality,3.5
97946,Late Delivery,3.5
97954,Late Delivery,4.0
97956,Late Delivery,4.0
97958,Wrong Item,4.0
97966,Late Delivery,3.5
97976,Still Waiting,3.5
97982,INVENT,3.5
97984,Poor Quality,3.5
98017,Late Delivery,3.5
98021,Late Delivery,3.5
98031,Late Delivery,3.5
98036,INVENT,1.0
98037,Wrong Item,4.0
98042,Late Delivery,3.5
98046,Late Delivery,3.5
98057,Late Delivery,3.5
98068,Wrong Item,3.5
98069,Late Delivery,3.5
98073,Wrong Item,3.5
98075,Missing Parts,3.5
98076,Late Delivery,3.5
98081,Late Delivery,4.0
98082,Wrong Item,4.0
98083,Late Delivery,4.0
98086,Late Delivery,3.5
98087,INVENT,3.5
98088,None of the Given Categories,3.5
98099,No Fit,3.5
98101,No Fit,3.5
98104,Wrong Item,3.5
98108,Late Delivery,3.5
98116,Missing Parts,3.5
98126,Late Delivery,4.0
98132,Odor,4.0
98134,Color Mismatch,3.5
98147,Missing Parts,2.0
98149,Delayed Tracking,3.5
98160,Late Delivery,3.5
98161,No Issue,1.0
98181,Wrong Item,4.0
98190,Late Delivery,3.5
98191,Late Delivery,3.5
98199,Wrong Item,3.5
98201,Late Delivery,3.5
98202,INVENT,3.5
98207,Wrong Item,4.0
98208,INVENT,3.5
98209,Late Delivery,3.5
98230,Missing Parts,3.5
98231,No Delivery,5.0
98252,INVENT,3.5
98255,Late Delivery,4.0
98261,Late Delivery,3.5
98266,Wrong Item,3.5
98288,Invent,3.5
98300,Wrong Item,4.0
98321,Missing Parts,3.5
98334,Missing Parts,3.5
98342,Late Delivery,3.5
98361,Late Delivery,3.5
98373,Product Defect,4.0
98384,No Issue,1.0
98386,Poor Quality,4.0
98393,INVENT,1.0
98396,Late Delivery,4.0
98421,Late Delivery,4.0
98433,Late Delivery,3.5
98439,Item Never Arrived,5.0
98442,Late Delivery,3.5
98450,Late Delivery,3.5
98458,Poor Quality,4.0
98480,Late Delivery,3.5
98493,Late Delivery,4.0
98500,Non-functional,4.0
98510,Wrong Item,4.0
98526,Enganação,4.0
98532,Late Delivery,3.5
98537,Wrong Item,4.0
98540,Late Delivery,3.5
98548,Wrong Item,3.5
98552,Missing Parts,3.5
98561,Missing Parts,3.5
98582,Poor Quality,3.5
98586,Late Delivery,4.0
98588,Late Delivery,3.5
98591,Late Delivery,3.5
98592,Late Delivery,4.0
98606,Poor Quality,4.0
98618,Wrong Item,4.0
98619,Wrong Item,3.5
98630,Missing Parts,3.5
98646,Late Delivery,4.0
98648,Late Delivery,3.5
98653,INVENT,1.0
98657,Late Delivery,3.5
98669,Poor Quality,4.0
98670,INVENT,1.0
98672,Late Delivery,3.5
98717,Late Delivery,4.0
98723,Wrong Item,4.0
98728,INVENT,3.5
98730,Late Delivery,3.5
98731,Missing Parts,3.5
98734,Late Delivery,3.5
98745,Late Delivery,4.0
98748,Missing Parts,3.5
98753,Missing Parts,5.0
98768,Late Delivery,3.5
98777,Wrong Item,3.5
98784,Porecetos,3.5
98788,Missing Parts,4.0
98797,Late Delivery,3.5
98806,Missing Parts,3.5
98813,Wrong Item,4.0
98814,Wrong Item,3.5
98815,Late Delivery,4.0
98838,Category,2.5
98839,Late Delivery,3.5
98847,INVENT,3.5
98848,Late Delivery,3.5
98849,Late Delivery,3.5
98857,Wrong Item,4.0
98858,Wrong Item,4.0
98863,Manchas de Graxa,4.0
98864,Missing Parts,3.5
98867,Canceled Purchase,3.5
98879,Late Delivery,3.5
98882,Late Delivery,3.5
98886,Prato Frágil,3.5
98888,Wrong Item,4.0
98894,Late Delivery,3.5
98896,Late Delivery,4.0
98900,Defective Product,4.0
98903,Wrong Item,4.0
98910,Wrong Item,4.0
98917,Late Delivery,4.0
98918,Poor Quality,4.0
98929,Missing Parts,3.5
98930,Damaged Goods,4.0
98946,Damaged Goods,4.0
98948,Late Delivery,4.0
98954,No Item,4.0
98957,Late Delivery,3.5
98967,Médio,3.5
98968,Missing Parts,3.5
98971,Not Applicable,1.0
98972,Late Delivery,3.5
98973,Item Not Received,5.0
98975,Wrong Item,4.0
98988,Late Delivery,4.0
99012,Incongruência Comercial,3.5
99014,Late Delivery,3.5
99024,Communication Issue,3.5
99040,Não Recebido,4.0
99042,Late Delivery,4.0
99043,Late Delivery,3.5
99044,Missing Parts,3.5
99046,Wrong Item,4.0
99056,Missing Parts,4.0
99061,Late Delivery,3.5
99063,Late Delivery,3.5
99067,Expired Expiry,3.5
99070,Wrong Item,3.5
99072,Late Delivery,3.5
99082,Late Delivery,3.5
99085,Produto Razoável,2.0
99087,Não Confiável,3.5
99092,Late Delivery,3.5
99095,Late Delivery,3.5
99105,Damaged Goods,3.5
99110,INVENT,1.0
99118,Late Delivery,3.5
99140,Poor Quality,3.5
99141,INVENT,1.0
99142,Late Delivery,3.5
99156,Late Delivery,3.5
99159,No Fit,3.5
99170,Missing Parts,3.5
99198,Late Delivery,3.5
99201,Wrong Item,3.5
99204,Late Delivery,4.0
99216,Missing Parts,3.5
99224,Wrong Item,4.0
