seller_id,total_orders,total_items,unique_products,avg_delay_days,max_delay_days,pct_late_deliveries,avg_review_score,rejection_rate,negative_review_count,avg_price,price_volatility,avg_freight,seller_state
8b321bb669392f5163d04c59e235e066,943,1018,104,-10.011940298507463,66.0,8.656716417910447,3.995069033530572,24.95069033530572,253,17.225628683693518,10.31418310409796,13.906051080550098,SP
a35124e2d763d7ca3fbe3b97d143200f,4,7,2,-12.571428571428571,-10.0,0.0,4.428571428571429,0.0,0,58.785714285714285,4.988379353199651,11.27,SP
2a84855fd20af891be03bc5924d2b453,164,169,55,-12.484276729559747,58.0,2.5157232704402515,4.233532934131737,20.35928143712575,34,94.19526627218934,75.17066282059119,20.553313609467452,MG
6c7d50c24b3ccd2fd83b44d8bb34e073,114,128,12,-11.912698412698411,10.0,1.5873015873015872,4.385826771653544,11.811023622047244,15,67.96359375,34.983472559733094,21.647265625,SP
dbc22125167c298ef99da25668e1011f,406,430,101,-13.9066985645933,22.0,2.392344497607656,4.226107226107226,20.512820512820515,88,78.80390697674419,26.781710065340494,18.67995348837209,MG
ef506c96320abeedfb894c34db06f478,324,341,116,-11.18018018018018,88.0,8.108108108108109,3.902077151335312,30.56379821958457,103,28.7724926686217,9.499046048269898,15.301466275659823,SP
54965bbe3e4f07ae045b90b0b8541f52,78,86,53,-2.3950617283950617,60.0,32.098765432098766,2.938271604938272,53.08641975308642,43,127.45697674418604,77.41109593773884,25.622558139534885,PR
3b872fd4747f01cc56206f2934198618,25,27,13,-9.074074074074074,17.0,14.814814814814817,3.888888888888889,33.333333333333336,9,100.99037037037036,28.273709653136383,41.34703703703704,SP
6a8b085f816a1f75f92dbac6eb545f8f,127,136,71,-10.134328358208956,153.0,7.462686567164179,4.117647058823529,22.058823529411764,30,44.70933823529412,34.51888378956281,16.10235294117647,SP
7ad32824caee82087b3e2e5f33b1bf32,151,184,75,-10.555555555555555,29.0,11.666666666666666,3.767955801104972,35.91160220994475,65,122.31032608695652,90.04412914419079,19.2675,SP
c4fb51fb1c5b7c07bc5e67be6e7e8f6e,15,16,5,-11.1875,8.0,12.5,3.5,50.0,8,97.99375,76.08990707270796,34.919375,PR
11bfa66332777660bd0640ee84d47006,76,103,40,-8.864077669902912,41.0,15.533980582524272,3.7766990291262137,30.097087378640776,31,40.26077669902913,57.84872360666427,16.609320388349513,SP
c31eff8334d6b3047ed34bebd4d62c36,122,123,5,-10.1900826446281,9.0,11.570247933884298,3.8524590163934422,30.327868852459016,37,107.2479674796748,25.982785283354456,19.46788617886179,SP
229c3efbfb0ea2058de4ccdfbc3d784a,121,148,24,-12.344827586206897,16.0,2.0689655172413794,3.643835616438356,32.19178082191781,47,106.37837837837836,75.13863879209767,15.96331081081081,MG
b17b679f4f5ce2e03ce6968c62648246,55,57,36,-11.352941176470589,17.0,15.68627450980392,3.6140350877192975,38.59649122807018,22,71.66228070175438,46.74631983290021,18.87842105263158,SP
fa1c13f2614d7b5c4749cbc52fecda94,585,586,289,-10.309153713298793,60.0,9.153713298791018,4.34020618556701,14.604810996563574,85,331.12974402730373,313.6614759674644,17.137713310580203,SP
daeb5653dd96c1b11860f72209795012,40,43,27,-10.609756097560975,20.0,9.75609756097561,4.069767441860465,18.6046511627907,8,54.66744186046512,96.62885234341176,15.403953488372093,MG
59b22a78efb79a4797979612b885db36,125,133,67,-10.300751879699249,29.0,11.278195488721805,3.9696969696969697,25.75757575757576,34,204.3947368421053,185.79235367530745,36.82383458646616,MG
9dda5bbacd45e18d6485fee649205d09,19,22,18,-8.954545454545455,16.0,4.545454545454546,4.227272727272728,22.727272727272727,5,86.93636363636364,35.86253577009679,23.033181818181816,MG
01fdefa7697d26ad920e9e0346d4bd1b,129,131,21,-13.73076923076923,14.0,5.384615384615385,4.346153846153846,16.153846153846153,21,113.90404580152672,86.05404592266086,21.13465648854962,PR
0adac9fbd9a2b63cccaac4f8756c1ca8,110,143,66,-11.274074074074074,43.0,4.444444444444445,3.887323943661972,33.098591549295776,47,111.67727272727272,176.5135730574154,17.56027972027972,SP
3785b653b1b82de85ab47dd139938091,21,25,7,-19.52,-8.0,0.0,4.76,4.0,1,64.476,12.332790979066068,19.9708,PR
a3a38f4affed601eb87a97788c949667,254,263,115,-14.66153846153846,55.0,4.230769230769231,4.388461538461539,15.384615384615383,40,100.88714828897338,56.18964131808483,19.93136882129277,SC
9616352088dcf83a7c06637f4ebf1c80,92,99,5,-15.428571428571429,-1.0,0.0,4.242424242424242,17.171717171717173,17,58.21111111111111,5.7250771118394495,18.226565656565658,PR
48162d548f5b1b11b9d29d1e01f75a61,68,91,43,-12.853932584269662,14.0,1.1235955056179776,3.758241758241758,29.67032967032967,27,225.38615384615383,182.86521059554724,22.87945054945055,SP
3cfa1358a6caa965278721344c8d76f2,5,5,4,-16.0,-14.0,0.0,4.8,0.0,0,628.056,531.7988123153342,16.25,SP
8b9d6eec4a7eb7d0f9d579ce0b38324d,49,53,7,-10.76923076923077,13.0,13.461538461538462,4.056603773584905,20.75471698113208,11,79.85924528301886,14.658958648219787,31.78188679245283,RJ
b92e3c8f9738272ff7c59e111e108d7c,62,71,36,-43.38028169014085,14.0,2.816901408450704,4.070422535211268,19.718309859154928,14,117.61957746478872,58.58427201017156,34.29521126760564,MG
54219883e72aad869adfb2a54b7bfa0f,5,5,3,-8.6,-5.0,0.0,3.2,40.0,2,1350.0,0.0,165.91,SP
af7cdac9d9897cddead9c6b08976c642,6,6,5,-7.666666666666667,15.0,16.666666666666668,3.6666666666666665,33.333333333333336,2,90.59,32.88257897428363,25.078333333333333,SP
dbb9b48c841a0e39e21f98e1a6b2ec3e,108,118,55,-11.813559322033898,16.0,4.237288135593221,4.203389830508475,20.338983050847457,24,60.90550847457627,37.84938425127656,13.401779661016947,SP
6bd503a8230299c9316fb0f726933927,4,5,5,-6.6,1.0,20.0,4.6,0.0,0,64.858,22.514158212111774,25.92,GO
6cf476a4ca74498db55cbccdaa9dcfb6,6,7,5,-2.833333333333333,8.0,33.333333333333336,2.7142857142857144,57.142857142857146,4,134.2757142857143,194.13115350686184,26.51,SP
b56906f7fd1696e043f1bcce164c487b,40,42,20,-14.595238095238097,31.0,4.761904761904762,3.952380952380953,28.571428571428573,12,51.15452380952381,16.712882602641088,20.165,SP
b37c4c02bda3161a7546a4e6d222d5b2,4,15,3,-6.266666666666667,0.0,0.0,1.4,93.33333333333331,14,1605.0,399.1821997176585,27.506666666666668,SP
b64d51f0435e884e8de603b1655155ae,17,23,15,-9.652173913043478,6.0,17.391304347826086,4.130434782608695,26.08695652173913,6,18.09478260869565,14.22009169819725,15.537391304347826,SP
5160d23075764e18e07c1f4a87fad743,34,39,29,-9.447368421052632,0.0,0.0,4.461538461538462,12.82051282051282,5,62.282051282051285,20.10361150842085,12.472307692307693,SP
53336f97ddbe53e2a617d07b17447b95,1,1,1,-11.0,-11.0,0.0,5.0,0.0,0,599.5,0.0,75.33,SP
485452467ff670447e84a8370c3fc898,3,3,3,-15.333333333333334,-12.0,0.0,4.666666666666667,0.0,0,58.56666666666667,45.56680078010013,46.58,SC
d94a40fd42351c259927028d163af842,101,110,17,-14.18348623853211,5.0,2.7522935779816518,4.102803738317757,26.16822429906542,28,125.67090909090908,18.359265567922225,30.88309090909091,MG
612170e34b97004b3ba37eae81836b4c,107,110,48,-18.40909090909091,1.0,0.9090909090909092,4.427272727272728,14.545454545454543,16,209.682,226.56498361316343,20.97327272727273,RS
38e679b9e0064cd94c6f035707344dae,28,30,12,-16.857142857142858,14.0,3.571428571428572,3.931034482758621,24.13793103448276,7,123.15033333333334,69.46612136233342,24.119666666666667,PR
d03698c2efd04a549382afa6623e27fb,18,21,14,-15.523809523809524,5.0,4.761904761904762,4.523809523809524,4.761904761904762,1,422.1652380952381,363.340450522909,37.10238095238096,BA
02dcd3e8e25bee036e32512bcf175493,14,19,7,-5.0,29.0,41.1764705882353,3.3157894736842106,42.10526315789474,8,86.41578947368421,16.772870394972642,18.144736842105264,MG
0ebd97a106433a45a4aebe57c1799778,31,32,10,-17.125,-6.0,0.0,4.5,9.375,3,95.2125,28.05344841088053,19.215,MG
f0837c8d71434931d9e38e7b79234797,22,24,8,-20.45833333333333,9.0,4.166666666666667,4.625,12.5,3,191.5375,371.2359659915135,26.827916666666667,RS
b8bc237ba3788b23da09c0f1f3a3288c,45,47,1,-14.340425531914894,2.0,2.127659574468085,4.3478260869565215,13.043478260869565,6,291.1853191489362,25.187630146481222,41.17978723404255,SC
adcf50477d6a1f5d91bb9d54c4903cb5,19,38,15,-12.32258064516129,8.0,16.129032258064516,3.131578947368421,50.0,19,37.50368421052632,40.6610400168138,21.01736842105263,MG
cbd996ad3c1b7dc71fd0e5f5df9087e2,165,196,13,-11.25925925925926,66.0,7.936507936507937,4.081081081081081,22.7027027027027,42,42.9134693877551,19.108292258331915,14.662857142857144,SP
34f563c82a85b99ae9e6d60db5fc2e28,8,8,4,-12.625,-4.0,0.0,4.625,0.0,0,291.5375,274.04883786601664,30.775,RS
4c498c7345e89aebad651544829beca0,48,48,20,-9.191489361702128,8.0,10.638297872340424,4.291666666666667,18.75,9,100.41166666666666,74.04285117368913,11.875,SP
6524b847b982cd56bb5d4b02b776ee42,1,2,1,16.0,16.0,100.0,4.0,0.0,0,389.9,0.0,27.57,SP
6c99c983ce3b6ba0ab813e6790e81691,9,9,5,-15.77777777777778,-6.0,0.0,3.7777777777777777,22.22222222222222,2,60.75,29.93540337125925,22.862222222222226,MG
50c9975695009e5e6473912e83a6d1da,50,68,36,-8.735294117647058,14.0,10.294117647058824,3.985074626865672,26.86567164179105,18,58.3,47.68515132319932,42.93455882352941,MG
741f8c587cb4248ebc5b779a0e8e0e51,5,5,5,-7.8,7.0,20.0,4.0,20.0,1,17.99,11.247221879201993,13.538,SP
762ed976527cddf02787edba70fffa2a,3,4,3,-22.0,-16.0,0.0,2.25,75.0,3,44.95,5.8312377188152205,15.08,PR
04308b1ee57b6625f47df1d56f00eedf,94,94,20,-11.576086956521738,40.0,7.608695652173913,3.882978723404255,27.659574468085108,26,639.6872340425532,299.6027431554086,32.49351063829787,SC
d97df38225e5abadaff1e72cb72b823c,29,29,19,-9.321428571428571,24.0,14.285714285714286,3.925925925925926,29.62962962962963,8,63.6551724137931,72.06954769133422,17.824827586206897,SP
78c99c6dff4eeae5be99bf635ed21e3f,31,39,15,-10.333333333333334,33.0,7.6923076923076925,4.333333333333333,15.384615384615383,6,52.07384615384616,25.662350839455208,17.048461538461538,SP
91f848e9f4be368f4318775aac733370,63,74,10,-11.394366197183098,7.0,1.408450704225352,4.277777777777778,19.444444444444443,14,80.64310810810811,20.064556627872047,16.85689189189189,SP
788e857f317e53de488d393e65a80f45,11,11,4,-13.818181818181818,-4.0,0.0,4.909090909090909,0.0,0,110.0,0.0,16.813636363636363,SP
2cb6eb1b7185064167657fa09f541105,6,8,6,-13.25,-1.0,0.0,4.25,25.0,2,176.9625,110.50552587993054,23.375,MG
6562efe88ce0826a4ca4f189f03b4b84,9,23,7,-11.5,4.0,9.090909090909092,4.043478260869565,21.73913043478261,5,54.595652173913045,8.476892562129205,13.86304347826087,PR
57fe6232e67823593374a2281d7a8af8,8,8,7,-10.5,-4.0,0.0,4.75,0.0,0,22.335,5.061075549158075,13.17,SP
d9a84e1403de8da0c3aa531d6d108ba6,54,59,35,-9.948275862068966,18.0,5.172413793103448,4.559322033898305,10.169491525423728,6,24.15593220338983,15.206614613230796,12.40915254237288,SP
52f976b17ea7f2f087f56dcc419328f6,6,6,5,-16.666666666666668,-10.0,0.0,3.6666666666666665,50.0,3,1271.6666666666667,146.72786601960334,143.775,PR
901b460cdce0c64e471230d7f2f9f3a3,5,5,5,-19.0,-12.0,0.0,4.4,20.0,1,380.8,84.09042751704857,21.712,RS
eba88037e1dca898cd02881f67ced679,6,6,4,-10.166666666666666,12.0,16.666666666666668,4.333333333333333,16.666666666666668,1,139.68333333333334,45.566848329313565,15.578333333333331,SP
403aa86912527d730337ffcb0fb096ab,11,11,6,-12.0,-5.0,0.0,4.0,20.0,2,814.5354545454545,1123.1839888136194,18.60181818181818,MG
4978a02ea9c8be7a9b5480680f40334e,18,19,14,-9.947368421052632,-1.0,0.0,3.5789473684210527,31.57894736842105,6,124.03210526315787,145.6797489006831,17.90684210526316,SP
e7d5b006eb624f13074497221eb37807,28,63,8,-8.206349206349206,12.0,3.1746031746031744,3.111111111111111,57.142857142857146,36,55.22111111111112,43.38303976288545,11.76968253968254,SP
226b05fe067266c59c15dae208213d06,10,11,8,-13.727272727272728,-2.0,0.0,4.181818181818182,18.181818181818183,2,96.08181818181818,30.649039729877934,17.152727272727272,PR
6bbcb8924baf70b7fe2fe2097e8cd407,10,11,7,-18.63636363636364,-5.0,0.0,4.545454545454546,9.090909090909092,1,216.5909090909091,168.1298989147704,24.03,SC
66d5ae34537110d3affc56174dad2b2f,1,3,1,,,,1.0,100.0,3,11.27,0.0,12.79,SP
55f7a3319d80f7fdf078b8f03e6725fe,22,22,4,-6.5,4.0,4.545454545454546,3.772727272727273,31.818181818181817,7,136.99,50.52934083989505,18.485,SP
05a940b4ecae36cadfd8e93bd9c43257,10,10,9,-14.88888888888889,-2.0,0.0,3.9,20.0,2,95.2,90.21338900382555,19.694,GO
39d61be7a92eb77b7da367bd4845bc0e,7,14,6,-11.142857142857142,-4.0,0.0,4.214285714285714,21.428571428571427,3,50.042142857142856,2.0907531899052314,14.930714285714286,SP
508808d438fe2ff972ed13bb8f4a82e2,10,11,10,-8.8,-1.0,0.0,4.2727272727272725,9.090909090909092,1,26.80272727272727,17.83582074977717,11.149090909090908,SP
e7df4cd29ab5abab70fb0783ddb53987,23,24,21,-11.25,9.0,8.333333333333334,4.291666666666667,16.666666666666668,4,400.3625,523.899300656396,17.22375,SP
5e105f5c9f63f5f1fd75d6cb942e55b1,8,8,6,-6.875,0.0,0.0,4.5,12.5,1,183.9875,231.29727586253276,34.22875,SP
0249d282d911d23cb8b869ab49c99f53,11,11,4,-8.363636363636363,11.0,18.181818181818183,4.2727272727272725,27.272727272727277,3,35.72727272727273,25.56791312990135,12.625454545454543,SP
64b87978a11c1ea7501a89eabe8c2c1a,7,7,2,,,,2.0,85.71428571428571,6,69.99,0.0,14.557142857142855,SP
a4bd6e9adf39b63f43dc545d3ca1f53d,4,5,4,-15.8,-11.0,0.0,4.6,20.0,1,369.718,357.67591562754126,22.476,RJ
6b3bd31ad8fcda4b2635ec9f3ff2ecdf,36,43,19,-9.952380952380953,28.0,9.523809523809524,3.86046511627907,25.58139534883721,11,97.64883720930231,29.94628820383511,17.60511627906977,RJ
edd066cd02126d7800f9b66e980e9931,6,6,6,-13.333333333333334,1.0,16.666666666666668,5.0,0.0,0,164.61666666666667,80.81357352986358,31.03833333333333,DF
be9a160a9011f627c3e121d076c1ec7b,7,7,7,-17.4,-6.0,0.0,3.571428571428572,42.85714285714285,3,419.1428571428572,184.1651691384924,35.502857142857145,SC
1a932caad4f9d804097d7f8e615baed1,20,30,4,-12.1,7.0,10.0,3.566666666666667,36.66666666666666,11,155.36666666666667,103.30311386078029,34.681666666666665,SP
2493dc3f20131696a0ecdb9948051a8d,4,4,3,-23.75,-14.0,0.0,4.75,0.0,0,126.095,45.02113614736972,17.6725,DF
921323538c9f1c4e816f2720eac02bea,15,17,10,-9.411764705882351,9.0,17.647058823529413,4.0,23.529411764705884,4,82.46117647058824,52.66537938750097,14.138823529411765,SP
fe49ee029e61e789a1f3a5525f57ba8d,17,17,11,-11.875,2.0,6.25,4.0588235294117645,29.41176470588235,5,148.68176470588236,85.13183102072442,13.226470588235294,SP
f9eedec3129e8cc6b6429c42d0808c5b,2,2,2,-9.0,-8.0,0.0,4.5,0.0,0,394.9,205.0609665440988,21.675,RJ
5bffbafbb22daf6d3bfc216a46db8708,21,23,8,-16.652173913043477,-6.0,0.0,4.695652173913044,8.695652173913043,2,227.81304347826088,305.4786086906724,19.76086956521739,RJ
a2fa0bdc798ee84cdb08281337cf4fb6,10,13,7,-6.818181818181818,-1.0,0.0,4.230769230769231,23.07692307692308,3,30.21153846153846,12.30879011530232,16.79,SC
5bf397d04035b5f45cc41e82ec106803,3,4,2,-21.25,-13.0,0.0,4.25,0.0,0,381.25,252.5,11.82,SP
5a6a02f419701fc8c605af71d4fc57a4,10,11,9,-9.454545454545457,1.0,9.090909090909092,4.818181818181818,0.0,0,54.59090909090909,45.97902683932,10.355454545454544,SP
f9f68daa2af419d38f745478bcb3da1a,2,2,1,-27.0,-27.0,0.0,3.0,50.0,1,11.2,0.0,14.48,SP
d1e2fe627180431ffda076abb303c56f,1,1,1,,,,1.0,100.0,1,289.0,0.0,9.05,RJ
6d2f2e3b539480db1e0842b3a4e32e6e,3,6,2,-8.833333333333334,-6.0,0.0,4.333333333333333,16.666666666666668,1,50.99333333333333,34.08741742442021,28.05,SP
8fb791022c1fc8909664f48ab7dc636d,5,5,4,-18.0,-9.0,0.0,4.2,20.0,1,1623.99,453.3541661879816,72.68,SP
4091f77d8c768fc3e81c20761471761d,8,8,6,-5.375,16.0,25.0,2.75,62.5,5,134.875,67.35924477859633,28.85875,SP
c6381d2d013342748761e906d45aff76,15,28,7,-14.535714285714286,-4.0,0.0,3.0,50.0,14,72.96357142857143,19.884074255411264,20.402857142857144,RS
217f005bb37ff3aeef5b2ae1788e75ba,3,4,1,-9.666666666666666,-9.0,0.0,3.75,25.0,1,24.99,0.0,14.8375,SP
45213867cefbf2cd4c6177e10216a951,14,14,9,-13.285714285714286,5.0,7.142857142857143,3.857142857142857,21.428571428571427,3,353.9585714285714,115.23249727646898,30.981428571428573,SP
f5b44895715ddfe3087dc414f30268f3,19,19,17,-9.736842105263158,0.0,0.0,4.0,21.05263157894737,4,19.93684210526316,2.8061857320165213,14.507368421052632,SP
3c3017960b2dbd72711a61f0400aab8f,10,10,4,-21.33333333333333,-15.0,0.0,4.0,30.0,3,96.88,25.74407375170708,25.409,SC
461ff5303b6c9c1a4a07f40c5aece516,3,3,2,-16.0,-11.0,0.0,3.6666666666666665,33.333333333333336,1,34.233333333333334,1.1547005383792517,19.576666666666668,PR
228e4c1a0be164f613d41c24345f9d2c,5,5,3,-20.2,-6.0,0.0,5.0,0.0,0,107.94,4.494774744077839,45.948,PR
57c764b4a836300be881e2ff86e449f9,29,30,12,-9.448275862068966,7.0,13.79310344827586,4.172413793103448,17.24137931034483,5,40.36666666666667,52.14352430011594,15.670333333333334,SP
b5f0712d22a873b6797ab6cc65c3fcba,1,1,1,-4.0,-4.0,0.0,4.0,0.0,0,12.99,0.0,8.29,SP
b5d034ac251546e25afe9067f05c1539,1,1,1,-19.0,-19.0,0.0,5.0,0.0,0,69.9,0.0,15.37,SP
f1fd5ab1181f827ffad998c1a5de7d74,15,15,11,-12.866666666666667,-3.0,0.0,4.666666666666667,0.0,0,469.73266666666666,384.1885073105699,55.464666666666666,PR
e81e1f9c3e762e620f3fb60a51499e16,17,18,7,-13.666666666666666,63.0,11.11111111111111,3.823529411764706,35.294117647058826,6,248.11055555555555,151.13612487042823,28.52777777777778,SC
71593c7413973a1e160057b80d4958f6,2,5,2,-3.6,-3.0,0.0,3.4,40.0,2,59.9,0.0,9.17,SP
659e8466eb3ff1b0e8740d74fb7bbedd,11,14,9,-19.928571428571427,-12.0,0.0,4.5,14.285714285714286,2,106.2,56.58783506128395,28.085714285714285,BA
e250d617a0ad591ba9bd663e584a895d,8,20,9,-14.45,-2.0,0.0,2.8,60.0,12,45.206,60.97272767393632,15.0395,SP
9d489893ff6af05029671b785f54b998,5,6,5,-13.166666666666666,0.0,0.0,4.166666666666667,16.666666666666668,1,49.78333333333333,15.2888739502511,17.09,SP
eaaa46e98c9e61f6764dd1d7a2ab8b3e,1,1,1,-12.0,-12.0,0.0,5.0,0.0,0,98.0,0.0,27.64,RN
97e995629983723d11830a829bc2b246,5,5,5,-19.4,-11.0,0.0,4.8,0.0,0,99.9,45.13867521316947,19.874,SP
8a207b6080964f3c1fc9d35bd6096ba4,2,3,2,-8.666666666666666,6.0,33.333333333333336,5.0,0.0,0,184.56666666666663,87.17989064763348,58.78,SP
ea65d8b58316a6f2362f2a9e4b3e86ad,9,16,8,-6.25,-2.0,0.0,3.1875,43.75,7,128.8375,227.8509655454635,14.42625,SP
7b1222c3624aa89b9558b50a2594188c,22,22,9,-13.045454545454543,13.0,13.636363636363637,4.454545454545454,13.636363636363637,3,459.2509090909091,244.5140852678477,20.79863636363636,SP
e9e446d01bd10a97a8ffcfc4a3a20cb2,4,4,4,-8.333333333333334,-6.0,0.0,3.5,50.0,2,15.0125,4.601879145160884,7.39,SP
21d59342ba150175ca2aa4f8faddeca6,2,2,2,-18.5,-15.0,0.0,4.5,0.0,0,129.95,42.3556961930742,37.195,SP
c24173065483e421f9e5e7f599de101d,9,9,4,-6.0,5.0,11.11111111111111,3.555555555555556,22.22222222222222,2,41.54555555555555,11.8227652339788,13.033333333333331,SP
7f35f9daf223da737b78738fbae4d977,5,5,2,-19.8,-16.0,0.0,4.0,20.0,1,50.4,13.145341380123988,20.202,SP
58e4b302b54937e55a678c4d15111da4,3,3,3,-48.0,-48.0,0.0,2.333333333333333,66.66666666666667,2,93.26333333333334,37.87922957681866,16.35333333333333,PR
b88e7c57cb2d8b973b7dd4a2bfa14b36,4,4,3,-15.5,-15.0,0.0,4.25,25.0,1,88.475,118.91552674062376,16.4425,PR
a81466620e46a6970b22ef40379fdfc9,2,2,1,-17.0,-13.0,0.0,5.0,0.0,0,160.9,0.0,16.49,SC
6548c2550b6e2d8f18053216e1c7b6f3,3,5,3,-7.6,-3.0,0.0,5.0,0.0,0,43.54,41.50883038583477,13.97,SP
651fe66032c9520ee5587f694908040d,7,7,6,-9.0,-3.0,0.0,4.0,14.285714285714286,1,66.28571428571429,32.01413378345199,18.39,RS
8fec2e460530482132c436cfb5439925,3,5,3,5.0,22.0,60.0,3.8,60.0,3,93.692,73.37821659048413,16.03,SP
0307f7565ff85b299b6e5ef162b1b1a9,7,7,6,-16.666666666666668,-5.0,0.0,3.142857142857143,57.142857142857146,4,675.5428571428571,485.0204733037663,39.252857142857145,SP
55c96925041a14097b6a7825554f4ad5,6,10,6,-9.166666666666666,1.0,16.666666666666668,3.2,40.0,4,29.48,3.074193661216981,18.857,SP
e5c84227854980f1db19a58958c551d9,4,4,4,-10.25,-5.0,0.0,4.75,0.0,0,18.2025,7.702641862806986,17.2075,PR
fc908879b9ca1bd65419e54e50432d38,4,4,2,-11.25,-8.0,0.0,5.0,0.0,0,29.8,1.2,13.17,SP
e45edf75f568ed2f93f78d060e246e25,6,7,6,-8.857142857142858,0.0,0.0,4.142857142857143,14.285714285714286,1,23.47142857142857,0.9759000729485332,16.274285714285714,RJ
c8665a4dd081a2c436b1cd921079d0d9,1,1,1,-24.0,-24.0,0.0,5.0,0.0,0,79.39,0.0,14.14,SP
d26aa40b90272d4843d63be7c1462c8d,2,2,2,-12.0,-10.0,0.0,4.5,0.0,0,76.45,33.16330803764908,12.26,SP
4dab98ca6cd6d3df586203cefd28a042,1,1,1,-1.0,-1.0,0.0,5.0,0.0,0,154.9,0.0,18.33,RS
189ca3538ce9f920cacf0f982cbe223b,4,5,4,-9.8,-4.0,0.0,3.8,40.0,2,83.8,85.22440964887936,12.534,SP
ba6ce6de456f6c11d08c17701ba5c26f,6,7,3,-4.428571428571429,0.0,0.0,3.7142857142857135,28.571428571428573,2,106.33571428571427,49.35571323131121,18.594285714285714,SP
042573af89b6d931f672efaf789d8358,3,3,3,-1.0,26.0,33.333333333333336,3.6666666666666665,33.333333333333336,1,137.82666666666665,68.74438183105099,21.696666666666665,SP
60da8bfa7eebe230b7d66ac4082d79b3,3,3,2,-8.333333333333334,3.0,33.333333333333336,4.333333333333333,33.333333333333336,1,28.866666666666667,19.11029391017661,12.89,SP
dc7192adf8ba09569261f4a8d576afe0,7,8,5,-16.875,-2.0,0.0,3.625,37.5,3,114.625,46.35557448370461,20.17875,SP
ea846a0e7ad98a741783e886d89dfa44,2,3,2,-8.0,-5.0,0.0,5.0,0.0,0,45.66666666666666,20.207259421636905,18.42,SP
c5ebe6598748b0aeaa61cfb820478b92,3,3,3,-19.0,-13.0,0.0,4.666666666666667,0.0,0,99.0,21.857492994394395,13.39,RS
9996ae921c50e8dff411ac69c0b4bb8b,2,3,3,-5.333333333333333,-1.0,0.0,2.333333333333333,100.0,3,9.9,0.0,14.556666666666668,SP
aae5953b9edddf14749c0d65d60eb4b9,2,2,2,-12.5,-7.0,0.0,5.0,0.0,0,86.5,89.66113985445422,14.95,MG
3aa3c89ae3cd482385568be76120f63c,1,1,1,-8.0,-8.0,0.0,4.0,0.0,0,29.9,0.0,19.04,GO
2f1e7b90e01d9f086cbcb301c0c3d406,1,1,1,-10.0,-10.0,0.0,5.0,0.0,0,59.0,0.0,12.66,SC
327b89b872c14d1c0be7235ef4871685,3,3,3,9.0,38.0,33.333333333333336,2.333333333333333,66.66666666666667,2,392.3333333333333,482.08747477333753,27.266666666666666,AM
88af55b4a7ca402b27df16f7c7c9b5d2,1,1,1,,,,1.0,100.0,1,130.0,0.0,11.52,SP
c716e0b86ed568878475b60fbb6323ad,1,1,1,-9.0,-9.0,0.0,5.0,0.0,0,35.0,0.0,15.23,SP
5e9f5bd34e0830569f05c9d4f56e04a8,2,2,1,-10.5,-4.0,0.0,4.5,0.0,0,119.99,0.0,17.44,RS
4125d9385a25e82d2f72d3a0fd55bc3f,1,1,1,-4.0,-4.0,0.0,5.0,0.0,0,42.9,0.0,18.4,SP
39a5005f2605cbdb4f9ac14485cabfd1,3,8,3,-14.125,-12.0,0.0,5.0,0.0,0,62.63375,38.26361118701983,29.07375,SP
5cf1ec37aea089f45110c70653a166ab,3,3,1,-9.0,-5.0,0.0,3.6666666666666665,33.333333333333336,1,16.666666666666668,2.8867513459481287,14.366666666666667,SP
001e6ad469a905060d959994f1b41e4f,1,1,1,,,,1.0,100.0,1,250.0,0.0,17.94,RJ
2c538755f1ca9540af144f266e70df6c,1,1,1,-17.0,-17.0,0.0,5.0,0.0,0,334.99,0.0,24.92,MG
cd2169d9f31ff6fbb9ca3373b0c9e354,1,1,1,-17.0,-17.0,0.0,4.0,0.0,0,569.0,0.0,56.33,RJ
e0a3c37054ade6478d923a6efc10f308,2,2,2,-16.0,-14.0,0.0,5.0,0.0,0,109.9,0.0,17.59,SC
9b1ab052f5fca308ba743ac789ebb2e1,2,2,2,-16.5,-12.0,0.0,4.0,50.0,1,147.045,10.104555903155765,15.995,PR
265fdc289dffa9f1ad801c74f7d0de47,1,1,1,-8.0,-8.0,0.0,5.0,0.0,0,495.0,0.0,51.55,SP
3296662b1331dea51e744505065ae889,1,1,1,-11.0,-11.0,0.0,5.0,0.0,0,517.8,0.0,27.71,SP
3606774ec64634822d78dc2db6d37045,2,2,2,-35.0,-35.0,0.0,3.0,50.0,1,149.9,42.42640687119285,22.7,SP
bd65d163ded559eb90a10cd09fec178f,1,2,2,-17.0,-17.0,0.0,4.0,0.0,0,9.9,0.0,9.34,SP
024b564ae893ce8e9bfa02c10a401ece,2,8,2,-40.5,-30.0,0.0,4.75,0.0,0,88.3,19.25705807526907,26.5,SP
ec5c1d94df153d473b37f880977ae58e,2,3,2,-22.0,-9.0,0.0,1.6666666666666667,100.0,3,66.55666666666667,40.29904878943588,28.023333333333333,SP
4a5b36211b1f51bf7eaa5c10a57fa483,1,1,1,-8.0,-8.0,0.0,5.0,0.0,0,139.19,0.0,16.07,RJ
044668ccd5316b12a7cf0d54a156e3e9,3,4,1,-25.0,-8.0,0.0,5.0,0.0,0,34.45,1.0161364737737413,13.3875,SP
15aec03fe4cf30dfa574cf550f5ff5ff,1,1,1,,,,1.0,100.0,1,28.9,0.0,10.96,RJ
41958cbd3335433c8740300e8cd600d5,1,1,1,-11.0,-11.0,0.0,5.0,0.0,0,32.99,0.0,7.39,SP
da4d149c0ddbac90557103ac0a0ec356,1,1,1,,,,3.0,100.0,1,730.0,0.0,45.98,SP
b57e8460909fa137df7951b4a3b5ea84,1,2,2,,,,2.0,100.0,2,99.0,0.0,42.07,RS
df560393f3a51e74553ab94004ba5c87,28,29,10,-13.62962962962963,31.0,7.407407407407407,3.724137931034482,34.48275862068966,10,126.24758620689656,69.79991110591824,20.901724137931037,PR
5996cddab893a4652a15592fb58ab8db,1,1,1,-16.0,-16.0,0.0,5.0,0.0,0,810.0,0.0,70.75,SP
1f50f920176fa81dab994f9023523100,1404,1940,23,-10.83359173126615,143.0,7.803617571059432,3.9824016563147,25.72463768115942,497,55.37701546391752,6.91994726492351,18.209082474226804,SP
ea8482cd71df3c1969d7b9473ff13abc,1146,1204,220,-10.117845117845118,109.0,8.417508417508417,3.953216374269006,27.40183792815372,328,30.90158637873754,18.48395321377414,14.578205980066445,SP
a17f621c590ea0fab3d5d883e1630ec6,65,80,34,-10.525641025641026,11.0,5.128205128205129,4.092105263157895,22.36842105263158,17,34.73225,20.48484101302995,14.037,SP
7299e27ed73d2ad986de7f7c77d919fa,338,361,88,-12.634078212290502,77.0,4.189944134078212,4.421052631578948,14.12742382271468,51,96.1923268698061,143.03660012044148,18.990720221606647,MG
537eb890efff034a88679788b647c564,160,174,46,-12.44767441860465,25.0,3.488372093023256,4.166666666666667,21.264367816091955,37,27.066666666666663,11.698072235499955,14.490459770114942,RJ
46dc3b2cc0980fb8ec44634e21d2718e,521,542,189,-12.248091603053435,33.0,5.534351145038168,4.181308411214953,19.4392523364486,104,236.36750922509225,186.0522789802576,21.768450184501845,RJ
a1043bafd471dff536d0c462352beb48,718,770,6,-12.482712765957446,29.0,4.920212765957447,4.189048239895698,18.77444589308996,144,132.33916883116882,35.51029120723955,41.35596103896104,MG
5b67882648febfb6e1225e6ad7164f6b,27,30,24,-13.5,9.0,3.333333333333333,4.033333333333333,30.0,9,227.116,314.4482813963267,20.63133333333333,PR
2528513dd95219a6013d4d05176e391a,161,167,84,-12.289156626506024,36.0,4.216867469879518,3.945121951219512,28.65853658536585,47,195.7431137724551,138.66256975293288,22.45299401197605,SP
2138ccb85b11a4ec1e37afbd1c8eda1f,396,430,160,-12.69047619047619,31.0,4.523809523809524,3.8997668997669,29.37062937062937,126,28.781441860465115,18.01775967345713,14.172232558139536,SP
974cf2cb8f4b7add98709c30df02fe10,33,33,11,-13.8,13.0,3.333333333333333,4.0606060606060606,24.24242424242424,8,90.3839393939394,19.471035209284896,17.485151515151514,SP
bf84056e679dbe9c69929847a40e338f,36,40,3,-6.526315789473684,32.0,5.2631578947368425,3.725,40.0,16,50.601,4.866373788166487,11.332,SP
4e06067cc08b3f41d837768d392c3ee3,31,46,28,-14.391304347826088,28.0,4.3478260869565215,4.173913043478261,23.91304347826087,11,20.47217391304348,19.075654747818515,12.446304347826088,MG
5bc237df65098fe211bb4818f4d26d78,2,2,2,-32.5,-29.0,0.0,4.5,0.0,0,63.4,4.949747468305833,28.545,MG
f8201cab383e484733266d1906e2fdfa,10,10,4,-11.7,3.0,10.0,4.1,20.0,2,88.9,10.21980647783726,25.583,SC
8ed8ea9a57c862f2c18c2fe41f601d56,19,19,2,-15.736842105263158,-7.0,0.0,4.473684210526316,5.2631578947368425,1,201.67894736842103,8.166501967547973,38.47736842105263,SC
f4c4daa86e30c7e5a553a8d518ac03a5,20,20,20,-13.555555555555555,7.0,5.555555555555555,3.7,30.0,6,315.0955,160.44318218691362,18.4645,PR
db2956745b3a8e9f3785c99f34b5d25e,47,48,6,-11.891304347826088,9.0,8.695652173913043,3.7291666666666665,33.333333333333336,16,179.14583333333334,30.95431746143898,20.318125,SP
966cb4760537b1404caedd472cc610a5,75,76,17,-15.485294117647058,2.0,2.9411764705882355,3.8533333333333335,32.0,24,682.7110526315789,189.48722835821204,21.87328947368421,SP
33576ec5412fb5905d876f12f33bfde6,31,33,1,-17.0,5.0,3.0303030303030303,4.121212121212121,21.21212121212121,7,85.06060606060606,4.961976634488732,17.707575757575757,PR
2b1a40c1daabc6ca280c4b815c101841,23,35,20,-14.06060606060606,5.0,3.0303030303030303,3.628571428571429,42.85714285714285,15,363.7885714285714,126.1414802593374,54.35085714285714,MG
dc64d75cc406bb0697be983831430e60,4,4,2,-13.5,-4.0,0.0,4.75,0.0,0,203.25,16.5,23.1375,MG
3df020b72d3d44b3af9d110fa3940b65,55,101,13,-10.92079207920792,8.0,9.9009900990099,3.9504950495049513,24.752475247524757,25,49.9,0.0,16.926435643564357,SP
72c5da29406b4234927b81855e7b64f6,31,31,6,-16.580645161290324,14.0,3.225806451612903,4.129032258064516,22.580645161290324,7,380.6029032258065,215.1084497672984,27.541290322580647,SP
1900267e848ceeba8fa32d80c1a5f5a8,411,532,127,-10.106463878326997,29.0,6.4638783269961975,3.854961832061069,31.29770992366412,164,47.30718045112782,24.491422010787826,15.37265037593985,SP
51702dc2a3e106c76dbff722b5bf0726,13,14,8,-14.214285714285714,-4.0,0.0,4.357142857142857,14.285714285714286,2,193.22142857142856,48.67063841738717,41.567142857142855,SP
65febd49fd28ec955651299159b1f527,35,40,14,-13.473684210526317,0.0,0.0,4.225,22.5,9,107.9925,136.0822677977346,24.536,SP
4391ea5c5990502176a1dcda44a2373d,3,5,3,-17.4,-15.0,0.0,4.8,0.0,0,469.8,266.9994382016561,27.06,RS
4324dd16853115efb0fd9d0d131ba6f4,12,18,6,-13.944444444444445,5.0,5.555555555555555,4.277777777777778,11.11111111111111,2,58.458333333333336,26.997281616968078,18.17888888888889,SP
c092292535a57dacd95a8765f5518f87,1,1,1,-17.0,-17.0,0.0,5.0,0.0,0,125.0,0.0,18.98,RJ
5bc55dbe2f12b6af6d83ed46023e0dc8,17,21,9,-9.61904761904762,23.0,19.047619047619047,2.333333333333333,80.95238095238095,17,142.48095238095237,41.57651523453618,19.87047619047619,MG
2a61c271b1ac763450d846849783e922,18,23,6,-6.478260869565218,13.0,17.391304347826086,3.652173913043478,47.82608695652174,11,65.94608695652174,30.501174156107265,21.581304347826087,SP
04e38a233f726ef161074ab1c9b0399a,23,28,11,-5.791666666666667,20.0,4.166666666666667,3.7857142857142856,28.571428571428573,8,48.29285714285714,47.906807129177054,16.395357142857144,SP
7357b52d27cbaa90f81a96cbc1279396,12,12,3,-9.083333333333334,38.0,8.333333333333334,4.333333333333333,8.333333333333334,1,110.66833333333334,22.16281973910086,18.15083333333333,MG
d17f467e4bf608a510c20d82f4ba3b6b,12,12,11,-7.181818181818182,4.0,18.181818181818183,4.0,16.666666666666668,2,251.805,205.8573987673815,44.57416666666666,RS
2059c39f76271d4ca3f15b5ffaccc8b8,12,12,2,-13.333333333333334,-7.0,0.0,4.5,8.333333333333334,1,50.40833333333333,10.896659899698484,15.5325,PR
d23019c84ffae2d5ef2270367b8605fc,39,39,8,-14.384615384615383,22.0,2.5641025641025643,4.410256410256411,10.256410256410255,4,748.848717948718,859.6869304308262,70.50615384615385,PR
d57e18d5f73c7ccb7f7339b61166898d,61,63,25,-11.507936507936508,0.0,0.0,4.444444444444445,12.698412698412698,8,50.5984126984127,20.3847151155728,14.65857142857143,SP
eebb3372362aa9a46975164bed19a7e7,7,8,2,27.0,123.0,50.0,2.2857142857142856,57.142857142857146,4,73.99,0.0,14.925,SP
b83cedfb587e7911540e3f576d6917ce,24,25,16,-9.48,4.0,4.0,4.24,16.0,4,88.998,45.98373081862758,13.752,SP
5fd924b4836098a5be0ecf81ba054ce0,7,8,8,-24.875,-13.0,0.0,4.0,25.0,2,143.6,157.15931861830984,16.9425,SP
609e1a9a6c2539919b8205cf7c4e6ff0,87,130,69,-17.215384615384615,19.0,1.5384615384615383,3.598360655737705,35.24590163934426,43,50.73253846153846,20.407815432220165,20.670692307692303,SC
643214e62b870443ccbe55ab29a4dccf,66,68,32,-10.712121212121213,8.0,12.12121212121212,4.426470588235294,10.294117647058824,7,48.09014705882353,50.3230549369472,13.671323529411763,SP
9de4643a8dbde634fe55621059d92273,72,81,5,-11.580246913580249,19.0,3.703703703703704,4.530864197530864,9.876543209876544,8,216.79432098765432,134.74980989725248,21.26012345679012,SC
289cdb325fb7e7f891c38608bf9e0962,110,126,25,-10.584,9.0,1.6,4.579365079365079,8.73015873015873,11,107.49960317460318,28.59981824839574,16.62174603174603,SP
fad44952713764836814be105382aee5,32,32,1,-11.96875,0.0,0.0,4.28125,25.0,8,160.28125,26.407763246390623,15.87125,RJ
40d54b51e962dbe09cabbcfd33298dee,30,31,13,-12.483870967741936,-5.0,0.0,3.903225806451613,25.806451612903224,8,218.8890322580645,129.98881678449212,17.34483870967742,SP
dd533b429f380718b70ad9922c294bae,41,45,15,-9.30232558139535,28.0,9.30232558139535,3.733333333333333,31.11111111111111,14,62.66155555555556,88.46943049221105,25.582444444444445,SP
972d0f9cf61b499a4812cf0bfa3ad3c4,83,88,15,-9.755813953488373,22.0,11.627906976744184,2.9642857142857144,55.95238095238095,47,91.92375,26.92430335335008,24.446590909090908,SC
6d803cb79cc31c41c4c789a75933b3c7,58,68,17,-14.308823529411764,21.0,5.882352941176471,4.279411764705882,17.647058823529413,12,130.68088235294118,50.34385423178608,18.240147058823528,SP
5debea795b07621e1f90532e18f96145,25,33,22,-17.424242424242426,-5.0,0.0,4.2727272727272725,27.272727272727277,9,57.084242424242426,72.57158323985631,15.283333333333331,PR
8f54d64f28a993550aa7943f12572959,15,16,10,-12.0625,7.0,6.25,3.8125,31.25,5,172.21875,72.51316173633585,23.60125,MG
d12c926d74ceff0a90a21184466ce161,78,101,30,-14.333333333333334,4.0,1.0101010101010102,4.089108910891089,23.76237623762376,24,39.77881188118812,21.0847362462578,12.57970297029703,SP
1ce3ae5a399804d1a87e706f8a813c3e,40,44,19,-16.318181818181817,18.0,6.818181818181818,3.727272727272727,38.63636363636363,17,58.25,19.92150293200208,19.40204545454545,SC
3ade81dab5a172b88e1871c28ae05260,30,32,10,-10.5,22.0,10.0,4.064516129032258,22.580645161290324,7,179.7375,10.124762044197034,48.4809375,SP
3c4e0452bff7a2a788179488d3d77032,32,36,10,-15.61111111111111,31.0,2.7777777777777777,3.742857142857143,31.428571428571427,11,104.06666666666666,50.457620123935975,16.836666666666666,PR
0885aaf116795758dfeb5f1032487bcd,28,30,20,-11.448275862068966,0.0,0.0,4.2,23.33333333333333,7,88.26666666666667,37.95594845328603,17.144,SP
71271995e85f5b8530be99ed54a91b89,8,8,1,-6.833333333333333,8.0,16.666666666666668,2.5,75.0,6,97.0,0.0,15.10375,RS
751bdc4d83a466c7206cd42e8f426b03,54,73,38,-11.614285714285714,28.0,1.4285714285714286,3.5492957746478875,42.25352112676056,30,92.0672602739726,71.07009027205847,14.835753424657534,SP
6fa9202c10491e472dffd59a3e82b2a3,3,3,1,-9.0,-6.0,0.0,4.333333333333333,0.0,0,2338.08,0.0,308.33666666666664,SP
2646baaf662d4d92ac48f047e35db92d,15,18,10,-11.666666666666666,2.0,5.555555555555555,4.555555555555555,11.11111111111111,2,70.16944444444445,59.89508262956663,15.907777777777778,SP
7fdb0720c8d7c9075538b365dc8c3a22,9,10,3,-15.3,6.0,10.0,2.4,70.0,7,180.4,112.38050443817104,48.431,PR
88ae906ea2acf6971f26c3e8b7cb4357,3,3,1,-2.0,2.0,33.333333333333336,3.333333333333333,66.66666666666667,2,82.0,0.0,14.003333333333334,SP
6f229cc508fc6915ed5c499efd93baa4,13,14,12,-9.0,9.0,14.285714285714286,4.428571428571429,14.285714285714286,2,189.62857142857143,103.56859063940654,23.84857142857143,RJ
3bdff180c7e1f6551a643b99c265a120,59,61,17,-12.362068965517242,8.0,3.4482758620689653,4.016666666666667,26.666666666666668,16,51.06393442622951,39.70775756610995,17.16327868852459,SP
402916f742e5c740cc751493d9cf5053,9,10,5,-19.1,-12.0,0.0,4.7,0.0,0,125.2,40.46617242971111,22.643,MG
f7496d659ca9fdaf323c0aae84176632,26,27,16,-20.846153846153847,3.0,3.8461538461538463,4.592592592592593,11.11111111111111,3,188.42851851851853,93.45845690439988,31.294074074074075,SP
f27e33c6d29b5138fa9967bcd445b6d5,93,98,22,-10.70408163265306,19.0,8.16326530612245,4.091836734693878,21.428571428571427,21,90.6969387755102,71.88834190515526,16.264795918367348,SP
e3a386fc36e22064434e1fa256f6a9fa,16,17,10,-10.882352941176473,15.0,11.764705882352942,4.235294117647059,17.647058823529413,3,46.7,14.477914214416383,14.897058823529411,SP
e819bcfade7b5d88a27325eb6cfd62c5,5,11,4,-7.181818181818182,2.0,9.090909090909092,3.5454545454545454,36.36363636363637,4,18.445454545454545,3.9840591452345775,12.304545454545456,SP
c458e2045a8aa8964f8879af03fdcce6,4,9,4,-20.666666666666668,-15.0,0.0,3.111111111111111,33.333333333333336,3,54.99,50.68283733178323,21.86555555555556,SP
b4a476fbd28de64b1e347abf9089366a,33,38,15,-11.257142857142858,8.0,5.714285714285714,3.756756756756757,35.13513513513514,13,150.63263157894738,194.1261222196095,26.629210526315788,SP
7315baebc0572ff220d226283dc66728,2,2,2,-12.5,-12.0,0.0,4.0,50.0,1,24.925,1.4495689014324225,13.185,SP
5962468f885ea01a1b6a97a218797b0a,8,9,4,-14.166666666666666,-6.0,0.0,3.75,25.0,2,87.88888888888889,57.97509043642029,15.226666666666668,PR
f08c008c8a8d31417763738a1788a2a8,22,23,3,-6.809523809523809,104.0,14.285714285714286,3.090909090909091,59.09090909090909,13,56.16173913043478,15.3999184331293,18.39,PR
68f86ba270525243e68ae74044f992b9,11,12,7,-13.727272727272728,0.0,0.0,4.25,25.0,3,73.04166666666667,23.5430537269038,16.234166666666667,RJ
b566ab0ef88016e00422755e305103c6,5,5,4,-8.8,15.0,20.0,3.2,60.0,3,241.6,233.23871891261965,44.044,MG
0d85bbda9889ce1f7e63778d24f346eb,51,58,17,-10.120689655172416,18.0,18.96551724137931,4.211538461538462,15.384615384615383,8,83.53793103448275,43.14142319910509,28.00862068965517,MG
5acd070dd3fe441bbb2ec1f1ede515ee,7,8,5,1.75,45.0,37.5,2.75,62.5,5,95.52125,142.32365363469478,15.275,SP
a44fb5a447105f8469bdf16bf9159f25,19,19,11,-7.0,9.0,21.05263157894737,4.052631578947368,26.31578947368421,5,195.0578947368421,285.8406924529611,30.87421052631579,RS
2075d8cd4dd63ff12df0749a5866bb06,3,3,2,-7.0,-4.0,0.0,5.0,0.0,0,61.56666666666667,2.8867513459481287,19.176666666666662,PR
11305281b50fff20ae8bb473f8e11876,35,40,18,-12.675,10.0,12.5,4.35,15.0,6,163.2175,118.66703155554676,36.11275,MG
7a9c12e235c36247c3c81f50d6ea9cea,5,5,5,-28.4,-22.0,0.0,4.6,20.0,1,196.78,147.3641747508532,23.138,SP
575df70bde3f9f2b30bf8d2e9910d725,27,34,17,-17.794117647058822,5.0,2.9411764705882355,4.117647058823529,20.58823529411765,7,159.11911764705883,132.51800164431972,22.157941176470587,SP
3968920b9aa752ab98f7d5888c9252f2,8,10,8,-13.6,2.0,10.0,4.1,20.0,2,52.33,12.972967620744642,15.771,SP
d1ef48b38baca7e831711c4a0aeb398f,29,35,18,-15.529411764705882,4.0,8.823529411764707,4.428571428571429,8.571428571428571,3,41.97485714285714,43.74725277905215,19.302,PR
fdaaf5bfda82b7b80535610c831b8d09,10,15,12,-10.866666666666667,1.0,20.0,3.933333333333333,26.666666666666668,4,172.59333333333333,109.13531225479856,17.294666666666668,SP
a2b5b6105ea5942300631d2e76f4ffe0,16,16,6,-8.0625,1.0,6.25,4.75,0.0,0,205.418125,148.99027101206977,45.165625,SP
24a6daf925d9d591870a66660416de31,2,2,2,-12.0,-11.0,0.0,4.5,0.0,0,30.0,1.4142135623730951,15.04,SP
562f8cfc51f265411f487d07e9c40e7f,13,13,4,-7.846153846153846,6.0,7.6923076923076925,4.538461538461538,7.6923076923076925,1,58.99384615384616,11.108802469559548,15.333076923076923,MG
0e44d110fa6a54e121cb2c095a77762f,6,6,5,-7.333333333333333,6.0,16.666666666666668,4.333333333333333,16.666666666666668,1,37.22,50.7128957958427,11.676666666666666,SP
4aba6a02a788d3ec81c03137144d9a80,1,1,1,-11.0,-11.0,0.0,5.0,0.0,0,89.9,0.0,15.38,SC
1b61fb1f0f2185d89e9a126c498e9cc7,1,1,1,-14.0,-14.0,0.0,5.0,0.0,0,49.7,0.0,16.11,PR
1d29dfba02015238dfbe2449a5eaa361,12,12,3,-9.5,54.0,8.333333333333334,4.5,8.333333333333334,1,51.06666666666667,2.855085839605379,14.76,MG
c3e2398fcc7e581cda2e546557bf6968,1,1,1,-14.0,-14.0,0.0,5.0,0.0,0,14.9,0.0,15.23,SP
3d0cd21d41671c46f82cd11176bf7277,9,11,6,-12.090909090909092,-2.0,0.0,4.727272727272728,9.090909090909092,1,40.70909090909091,18.54995711830378,15.870909090909093,SC
5444b12c82f21c923f2639ebc722c1ea,1,1,1,,,,4.0,0.0,0,169.9,0.0,9.56,SP
f5f2ab9bdb6b30c14c61be68c5ed37da,18,18,14,-14.944444444444445,21.0,5.555555555555555,4.277777777777778,16.666666666666668,3,118.59333333333332,48.19270960242358,18.881666666666668,SP
d4ffeb15b67e81ff9af2b4252d99fb7e,11,12,8,-13.166666666666666,-6.0,0.0,4.3,10.0,1,116.7,50.65245215279226,27.034166666666668,SP
f9ec7093df3a7b346b7bcf7864069ca3,9,9,9,-7.666666666666667,0.0,0.0,4.777777777777778,11.11111111111111,1,57.68888888888889,58.74343462133544,13.214444444444444,SP
5305693ffae2d3463377b1f6fe67b15a,1,1,1,-9.0,-9.0,0.0,5.0,0.0,0,93.56,0.0,12.99,SP
7ecef8194babfec876ca720714327841,7,8,5,-8.5,0.0,0.0,4.25,0.0,0,123.8125,154.56056083065212,15.47,SP
cb6c9f5888a7a090c75beaf615925792,11,11,9,-11.181818181818182,0.0,0.0,3.8181818181818175,27.272727272727277,3,70.89909090909092,36.47670913186809,20.825454545454544,ES
8c0de775f52fe41590b376a3b7c50f68,9,9,6,-11.5,-7.0,0.0,3.888888888888889,33.333333333333336,3,74.74444444444444,29.284258190669227,15.036666666666669,SP
8060d731897e33b5c5ae575ce1e209e1,5,5,1,-17.0,-13.0,0.0,4.8,0.0,0,39.9,0.0,18.29,SP
2dcf93836ae3ce0d7c93e2f10876467a,9,12,9,-9.166666666666666,4.0,16.666666666666668,4.166666666666667,33.333333333333336,4,120.31666666666666,81.53243452018269,14.886666666666668,SP
25e47381a6c510ddeb36084e33b89f0c,16,17,11,-13.117647058823527,-7.0,0.0,4.0588235294117645,23.529411764705884,4,75.85882352941177,33.23232723613277,16.59470588235294,SP
2f09f7d37a97956d11cc1a7cadd5262b,11,12,5,-9.875,2.0,12.5,3.083333333333333,50.0,6,167.08333333333334,165.12334691669042,38.6175,SP
3a1a1fec38dd360f15fc912e821e169d,15,15,12,-5.2,18.0,26.666666666666668,3.8666666666666663,33.333333333333336,5,133.82533333333333,114.9240290593664,24.75,SP
c8660dcf9ba70575f45d80fe28c27713,4,7,2,-12.0,1.0,14.285714285714286,4.714285714285714,0.0,0,47.85714285714285,7.559289460184544,14.855714285714283,SP
a61cc04793308395a840807104365121,1,1,1,-10.0,-10.0,0.0,5.0,0.0,0,14.63,0.0,23.74,SP
404e1ba01358af4cd63f679b2c4d1fa1,8,12,7,-19.666666666666668,-8.0,0.0,5.0,0.0,0,31.15833333333333,11.333815720571726,14.819166666666666,MG
7f5e4d5efad7e44b91115dd1decb65f3,3,9,2,-8.88888888888889,-8.0,0.0,5.0,0.0,0,19.988888888888887,14.966666666666669,8.602222222222222,SP
6650fcccd8cd2f7e55ffa524f30c4c59,3,3,2,-12.5,-7.0,0.0,2.6666666666666665,66.66666666666667,2,176.56666666666666,23.09401076758503,55.333333333333336,SP
fce62094ffe6a4009188ec44e681dfdd,4,11,3,-11.909090909090908,15.0,45.45454545454545,3.1818181818181817,45.45454545454545,5,269.9727272727273,162.6291553867823,43.90272727272728,SP
c32fc744b9160ac853450488e3cfea93,3,3,3,-13.0,-4.0,0.0,2.333333333333333,66.66666666666667,2,61.9,50.3189825016365,12.606666666666667,SP
c714262700f93defc16bf17a51a4cb23,4,4,4,-10.5,-9.0,0.0,3.75,25.0,1,105.45,43.04408282989274,17.3825,SP
a353b1083c9863d756d9404695016d64,1,1,1,-8.0,-8.0,0.0,5.0,0.0,0,120.0,0.0,17.09,ES
b43d8b707f887a30f4675391098354a0,3,4,3,-10.75,32.0,25.0,2.5,75.0,3,335.5,197.99747473137128,46.19,SP
714b9a1332840f257b49f476bea4e341,6,6,2,4.166666666666667,41.0,33.333333333333336,3.333333333333333,50.0,3,249.99,0.0,26.35833333333333,SP
4be6b962d83299498bae2190f95d6566,11,12,6,-12.0,1.0,8.333333333333334,4.181818181818182,18.181818181818183,2,42.4,30.404844111663284,15.190833333333334,SP
f1b93673502375d491780bb49d615dbc,8,10,8,-6.3,10.0,10.0,2.7,60.0,6,263.893,107.75638604947945,32.035,SP
427165bf50f8ca07efc7bdc2bfcf1688,5,5,3,17.8,75.0,60.0,3.2,40.0,2,320.7,181.15932214490093,17.88,SP
8a43128d7f9a3db592b866e6861a6cce,3,4,3,-22.0,-14.0,0.0,2.0,75.0,3,247.65,198.31855687252263,16.9725,SP
7c462184585ae80bd6e5774c62ce50f2,1,2,1,8.0,8.0,100.0,3.0,100.0,2,30.0,0.0,8.82,SP
b3b17aab11f273023a5f22ca52e1eb70,7,13,7,-8.615384615384615,16.0,15.384615384615383,4.846153846153846,0.0,0,526.9230769230769,260.8232037027066,36.565384615384616,PR
baf15155e37ef5492731459bdc05be8a,1,1,1,-9.0,-9.0,0.0,5.0,0.0,0,47.0,0.0,8.72,SP
ab91571efab27993ff2f6b36e38055c3,3,4,1,-3.25,1.0,50.0,4.75,0.0,0,25.56,0.0,14.1725,SP
61b18775be84fb700a6b2d0ba097bf66,4,5,4,-10.0,-5.0,0.0,4.6,0.0,0,66.9,22.24859546128699,20.302,SP
2d22fc3089eb907b29ebff50581fb472,3,3,1,-10.666666666666666,-9.0,0.0,3.6666666666666665,66.66666666666667,2,105.9,9.643650760992957,19.89666666666667,RJ
a13580f0e8f782b7a543885a0ef99f08,10,10,5,-8.5,4.0,20.0,4.4,10.0,1,130.49,46.61008474568567,25.878,RJ
5566627eab3fe93fd6ee08798226101a,5,5,4,-17.2,-11.0,0.0,4.4,20.0,1,17.1,4.764451699828638,20.462,PR
7b8e8ec35bad4b0ef7e3963650b0a87b,5,5,3,-0.4,58.0,20.0,4.8,0.0,0,448.856,288.9808777064669,74.404,SC
8e34331b7eedd03be4e5d965c1956225,5,5,5,-7.8,6.0,20.0,4.8,0.0,0,29.0,8.94427190999916,13.088,SP
45a3d05fb00435e52a28859dd03703b3,1,1,1,-5.0,-5.0,0.0,5.0,0.0,0,1299.0,0.0,24.79,SP
0f7eea709efdf942b5f95c7516dbacd7,3,3,2,-20.0,-18.0,0.0,4.0,33.333333333333336,1,65.24666666666667,50.0371425376523,14.773333333333332,SP
a53f60f05f822b5c621a50ff6a5cb362,4,6,4,-20.166666666666668,-11.0,0.0,2.6,60.0,3,69.23333333333333,32.49410202893237,21.52166666666667,MG
f0ec78809fe0bc3edb11c9fe5b97b059,2,2,2,-10.0,-9.0,0.0,4.0,50.0,1,31.3,9.333809511662428,11.83,SP
3d49bfdd1b43a7fe169b3740067acc61,3,3,2,-20.33333333333333,-14.0,0.0,4.666666666666667,0.0,0,71.66666666666667,14.433756729740644,20.606666666666666,MG
ad738d3fcf42655ed15c4960b7b6c601,1,1,1,,,,1.0,100.0,1,65.0,0.0,15.89,RS
9ac75591b69c3402684b6ce0310f22ee,1,1,1,0.0,0.0,0.0,5.0,0.0,0,60.5,0.0,9.17,SP
8cb7c5ddf41f4d506eba76e9a4702a25,2,2,1,-12.0,-12.0,0.0,3.0,50.0,1,69.0,0.0,22.185,GO
2f73e04d12cdf0c945ded66bb3fcf6c7,3,3,3,-17.666666666666668,-11.0,0.0,3.333333333333333,33.333333333333336,1,453.0,144.93791774411554,33.95,ES
26f6b7ab07be3e9e69ce82a6552efc19,2,2,2,-3.0,1.0,50.0,3.0,50.0,1,27.4,3.5355339059327378,12.975,RJ
94d76e96eedd976258cd3278ce56d5f2,1,1,1,-7.0,-7.0,0.0,5.0,0.0,0,385.61,0.0,68.56,SP
3b18f9856c6eb2413eafedb58e9eecd9,1,1,1,-17.0,-17.0,0.0,5.0,0.0,0,315.0,0.0,20.09,SP
fc5a0d7a310a7a41abf86a458585ff2b,2,2,2,-19.0,-19.0,0.0,2.5,50.0,1,81.4,51.61879502661797,13.68,SP
c7c7b2682c648339a0e9846bb1023a39,2,3,2,-10.666666666666666,-9.0,0.0,4.666666666666667,0.0,0,56.0,0.0,10.56,SP
d7ab82074b5f1dfba46db123df101bff,2,3,2,-22.666666666666668,-22.0,0.0,4.333333333333333,0.0,0,12.89,0.0,15.1,SP
1e8c6a4c538f286aee9573239740a4b4,5,5,5,-14.2,-4.0,0.0,3.8,40.0,2,71.94,22.96013937239929,17.424,SP
55c26bcb609f480eb7868594245febb5,6,6,4,-10.166666666666666,-2.0,0.0,4.0,33.333333333333336,2,110.73333333333332,38.13353729549184,26.971666666666668,SP
539ed9e19811677513447759be5eccfc,2,2,2,-16.0,-12.0,0.0,3.0,50.0,1,16.415,3.132483040656405,15.545,MG
4d6fb82c629c7a5028bfd973c07b05e0,2,2,1,,,,2.0,100.0,2,139.0,0.0,24.715,MG
0ade5cc4a305ed7093a23f68ca47519c,2,2,2,-21.0,-20.0,0.0,5.0,0.0,0,79.44,0.6363961030678927,21.195,PR
b77a27b1864483e721dc831d5ba4afa0,2,2,2,-21.0,-21.0,0.0,3.5,50.0,1,20.9,0.0,14.31,RJ
ad75519a07f039025e83795a4418470f,3,9,3,-18.77777777777778,-13.0,0.0,3.2222222222222223,44.44444444444444,4,33.56666666666667,8.849985875694944,12.86888888888889,GO
84c945f15571830c1a91a33978e94009,2,2,1,-15.5,-11.0,0.0,4.5,0.0,0,25.99,0.0,13.03,SP
a09a13f18ed27932d08438aa6f12756e,1,1,1,-23.0,-23.0,0.0,3.0,100.0,1,29.9,0.0,16.11,RS
4c4d546adf3c3868fe19c9ec6e9ffda9,2,3,2,-16.666666666666668,-8.0,0.0,3.6666666666666665,66.66666666666667,2,37.23333333333333,10.96965511460289,15.13,PR
fdf736c18c589ed030e058312203e1b2,1,1,1,-3.0,-3.0,0.0,5.0,0.0,0,30.0,0.0,14.51,MG
8fbe2ee446b97e128471be4ce983dc0d,3,3,3,-4.666666666666667,7.0,33.333333333333336,3.0,66.66666666666667,2,49.5,36.47204408858928,13.333333333333334,SP
c76d418370990614e89e956c7a7567d9,2,2,1,-15.5,-10.0,0.0,3.5,50.0,1,152.62,0.1838477631085023,32.265,SP
f3041c2e75ec683697a6a5ea82192210,1,1,1,-21.0,-21.0,0.0,5.0,0.0,0,145.0,0.0,24.0,MG
bf0045791395e66460eb04749c68672a,2,2,1,-21.5,-21.0,0.0,4.0,50.0,1,59.9,0.0,17.725,SP
578460d8319c51dab351cd9db95eadfe,1,1,1,,,,3.0,100.0,1,235.0,0.0,35.45,GO
8c91bfea4263b8fba54081460693e2a1,2,2,2,-18.0,-16.0,0.0,5.0,0.0,0,369.5,311.8340905032675,23.375,RS
0f94588695d71662beec8d883ffacf09,1,1,1,-12.0,-12.0,0.0,5.0,0.0,0,9.0,0.0,18.59,SC
5563732abe64c3036cb97ad924128dd1,2,3,3,-11.0,-9.0,0.0,4.666666666666667,0.0,0,134.66666666666666,73.11178655547499,12.533333333333331,SP
ad14615bdd492b01b0d97922e87cb87f,1,1,1,-14.0,-14.0,0.0,5.0,0.0,0,8.25,0.0,10.96,SC
5d9f3746e112e696f98ea22c56b3e912,1,1,1,-17.0,-17.0,0.0,5.0,0.0,0,1322.64,0.0,47.77,SP
f90f77ef2799a27f80d90c425ca944f7,1,1,1,-20.0,-20.0,0.0,5.0,0.0,0,70.0,0.0,19.46,PR
5a32c398a06c345440bf2a683b017ad3,2,2,2,-7.0,-7.0,0.0,3.0,50.0,1,39.9,7.071067811865476,11.585,RJ
1f867308a0ce13133a4e639ff4de0c02,7,13,6,-17.76923076923077,-1.0,0.0,4.538461538461538,7.6923076923076925,1,67.31538461538462,147.14299284570006,16.14,PR
a213f1bd6458f4a158f3746cb2514559,1,1,1,-26.0,-26.0,0.0,5.0,0.0,0,41.52,0.0,14.43,PR
1cbdc7cf130a41fd13a3c2a7d2fcfda7,2,2,1,-13.5,-6.0,0.0,5.0,0.0,0,82.9,0.0,29.905,MG
aded58c8142dedc5494a81f948431fab,4,5,4,-14.6,-8.0,0.0,3.2,40.0,2,57.9,22.80350850198276,17.996,RJ
c9d2ba8dde44a275ae06475ed1d2fafc,1,1,1,-20.0,-20.0,0.0,5.0,0.0,0,28.79,0.0,14.52,MG
0a82f5fb06a4fe4ac2cf7cb412ec71b8,2,2,2,-10.0,-7.0,0.0,5.0,0.0,0,231.0,59.39696961966999,11.4,SP
97e50a621f8e801f4baf69e08687c192,1,1,1,-5.0,-5.0,0.0,5.0,0.0,0,89.9,0.0,7.88,SP
19d62d484cba71963c93f0f00ab42013,1,1,1,-8.0,-8.0,0.0,4.0,0.0,0,139.9,0.0,22.69,SC
b6c6854d4d92a5f6f46be8869da3fa1a,1,1,1,,,,1.0,100.0,1,69.9,0.0,17.92,SP
b3809b8d4394588a47c8470ea331e135,1,1,1,-8.0,-8.0,0.0,4.0,0.0,0,89.0,0.0,7.88,SP
3ea08c48e851106d2f584349daba335f,1,1,1,-16.0,-16.0,0.0,4.0,0.0,0,170.0,0.0,22.94,MG
d180e07dc1e58c31c3f0cd599dc4d945,1,1,1,-16.0,-16.0,0.0,3.0,100.0,1,58.8,0.0,14.16,MG
2d8cfba3fcd3170555941605edaa196a,1,1,1,-14.0,-14.0,0.0,5.0,0.0,0,45.0,0.0,10.96,SP
fcb5ace8bcc92f75707dc0f01a27d269,62,74,43,-9.211267605633802,32.0,2.816901408450704,3.808219178082192,30.136986301369863,22,112.78013513513514,160.38757859782856,13.01918918918919,SP
3504c0cb71d7fa48d967e0e4c94d59d9,53,53,14,-10.79245283018868,-3.0,0.0,4.415094339622642,13.20754716981132,7,44.33849056603773,13.454960537378373,12.969245283018868,SP
7a67c85e85bb2ce8582c35f2203ad736,1160,1175,149,-11.835202761000865,188.0,5.176876617773943,4.234991423670669,19.382504288164665,226,121.12807659574467,54.62788679840054,17.832587234042553,SP
9c0e69c7bf2619675bbadf47b43f655a,157,210,69,-8.431372549019608,155.0,7.84313725490196,3.995192307692308,25.0,52,164.1598571428571,94.98996548605382,14.142333333333331,SP
955fee9216a65b617aa5c0531780ce60,1287,1501,104,-10.329036635006783,52.0,6.445047489823609,4.051712558764272,24.1773002014775,360,90.10106595602932,83.85925739115696,16.95746835443038,SP
8f78f0903005064036736c7173a5c2ed,13,21,10,-14.38095238095238,0.0,0.0,3.4761904761904763,42.85714285714285,9,100.65238095238097,87.83499655062109,30.107142857142858,MG
7e93a43ef30c4f03f38b393420bc753a,336,340,186,-12.161490683229813,161.0,4.658385093167702,4.206489675516224,19.764011799410028,67,518.9172647058823,376.5580905357808,18.59464705882353,SP
1e8b33f18b4f7598d87f5cbee2282cc2,123,140,30,-10.985611510791369,8.0,2.8776978417266186,4.282608695652174,15.942028985507246,22,123.63614285714286,47.674754379643126,19.301714285714286,SP
96493fab2fbb13a14d0c0e8772eef5c3,63,64,54,-10.1875,5.0,6.25,4.031746031746032,26.984126984126984,17,296.390625,127.05074816437322,18.94109375,SP
1da3aeb70d7989d1e6d9b0e887f97c23,265,330,155,-11.687116564417176,29.0,3.987730061349693,4.073170731707317,23.170731707317078,76,26.816666666666663,25.036497876843388,12.870909090909093,SP
ef0ace09169ac090589d85746e3e036f,129,141,22,-11.685714285714283,59.0,7.142857142857143,4.340425531914893,17.02127659574468,24,115.90921985815604,12.210358019258075,16.543617021276596,RJ
1c68394e931a64f90ea236c5ea590300,142,178,39,-15.573033707865168,55.0,3.3707865168539324,3.943820224719101,24.15730337078652,43,146.81775280898876,128.43069706057028,16.893988764044945,PR
edb1ef5e36e0c8cd84eb3c9b003e486d,166,175,55,-13.545977011494251,35.0,6.896551724137931,4.434285714285714,12.571428571428571,22,453.0545714285714,463.1520961877641,22.314857142857143,RJ
6edacfd9f9074789dad6d62ba7950b9c,208,220,144,-11.682027649769584,8.0,4.147465437788019,4.360730593607306,15.981735159817353,35,59.98636363636364,28.81854418598526,13.434545454545454,SP
6d66611d7c44cc30ce351abc49a68421,166,176,59,-10.758620689655173,20.0,6.32183908045977,3.913793103448276,28.160919540229884,49,77.23522727272727,51.74581951870448,18.52823863636364,SP
81f89e42267213cb94da7ddc301651da,46,52,4,-9.76923076923077,-3.0,0.0,3.5384615384615383,30.76923076923077,16,76.0576923076923,13.414088966658522,14.73423076923077,SP
a673821011d0cec28146ea42f5ab767f,129,149,53,-9.40972222222222,50.0,10.416666666666666,3.8865248226950353,29.07801418439716,41,94.6206711409396,51.19157352090797,17.91241610738255,SP
37be5a7c751166fbc5f8ccba4119e043,272,286,9,-13.581560283687944,34.0,2.482269503546099,4.301418439716312,15.24822695035461,43,197.0123776223776,23.059511854301157,21.688076923076924,SP
f61c63d13f7cd800549d5acdd390ae72,26,26,11,-11.23076923076923,7.0,7.6923076923076925,4.0,19.23076923076923,5,118.1653846153846,99.00219368198944,16.515,SP
bd4889b5e9133b35b66e42a8665cea5c,36,42,16,-14.285714285714286,-5.0,0.0,4.463414634146342,14.634146341463415,6,149.33095238095237,221.0110692383984,23.443809523809524,SP
d05ae8f7a5bd1d2a690a44cd079e4e27,78,81,11,-11.2125,16.0,6.25,3.7875,26.25,21,165.87654320987653,55.90849280656057,14.31395061728395,RJ
1464afc72f696af775557a821c2e253f,29,30,8,-12.7,27.0,3.333333333333333,4.166666666666667,23.33333333333333,7,35.312,10.09728553485608,15.147333333333334,RJ
6061155addc1e54b4cfb51c1c2a32ad8,28,35,15,-8.914285714285715,2.0,2.857142857142857,4.714285714285714,2.857142857142857,1,454.5542857142857,513.8909562422392,26.23,SP
4b9750c8ad28220fe6702d4ecb7c898f,218,222,34,-9.380090497737555,81.0,5.882352941176471,4.351351351351352,16.216216216216218,36,71.69054054054054,36.94071838526717,15.26936936936937,SP
2a1348e9addc1af5aaa619b1a3679d6b,52,55,34,0.7058823529411765,181.0,29.41176470588235,3.0,51.851851851851855,28,51.69090909090909,50.93185451869787,14.334545454545454,MG
784ba75dd9d20200c4caed3d7a77141a,21,25,11,-9.521739130434783,9.0,8.695652173913043,3.64,28.0,7,332.8448,757.2641555192833,25.7968,SP
70849ca4f400aaabb62cb7462a6f1428,12,12,9,-11.0,5.0,16.666666666666668,4.416666666666667,16.666666666666668,2,75.79833333333333,75.32595180382067,19.471666666666668,MG
ce3ad9de960102d0677a81f5d0bb7b2d,1,1,1,-13.0,-13.0,0.0,5.0,0.0,0,158.0,0.0,16.21,RJ
08ad4ac1388e4420ca531c3edfc46198,6,7,5,-12.142857142857142,-1.0,0.0,2.7142857142857144,71.42857142857143,5,31.66,6.849632593553224,12.721428571428572,SP
8e8a7ce9f2f970dc00e2acf6f6e199f6,65,67,6,-10.876923076923076,16.0,7.6923076923076925,4.0,25.75757575757576,17,137.8507462686567,28.010957667217397,17.888358208955225,RJ
25cf099de44674fde97473224f9d59ab,50,50,30,-12.92,7.0,4.0,4.326530612244898,18.367346938775512,9,33.0872,23.85587635988163,14.1038,SP
d101c6da914ae3d53f7bee42283f2fe2,13,19,4,-23.473684210526315,7.0,5.2631578947368425,4.0,21.05263157894737,4,72.84736842105264,34.34218928537144,15.92,SP
ea566164622c6b439516ab18062c42cd,50,52,19,-7.788461538461538,17.0,19.23076923076923,3.75,34.61538461538461,18,198.2580769230769,372.4108624605117,16.51076923076923,SP
4992e76a42cb3aad7a7047e0d3d7e729,57,74,23,-10.575342465753424,7.0,5.47945205479452,3.8378378378378377,35.13513513513514,26,29.87972972972973,8.546680517672275,13.61445945945946,SP
165fc07beebdcb6190fba8a06db2a449,50,64,27,-11.09375,19.0,9.375,3.6875,29.6875,19,273.146875,263.96706983700324,25.00046875,PR
3d621842b2ed28e2b474132480edac3c,10,10,5,-11.875,-7.0,0.0,3.9,20.0,2,92.891,156.5931111334226,15.179,SP
b16d3dadc47d4eb18be3d88bad0775ce,10,11,10,-22.272727272727277,0.0,0.0,4.363636363636363,18.181818181818183,2,65.64545454545454,61.64049583895905,16.221818181818183,RS
4170f6a9367e6b5d6401d03ce6d54569,4,5,3,-2.4,29.0,20.0,4.2,20.0,1,113.756,55.29070111691477,18.606,DF
d20b021d3efdf267a402c402a48ea64b,90,107,45,-5.87378640776699,41.0,16.50485436893204,3.650943396226415,36.79245283018868,39,39.4407476635514,28.75747839409201,14.89859813084112,SP
a369d693961cb93b61ca2cc518872a85,11,18,7,-15.77777777777778,-10.0,0.0,4.111111111111111,27.77777777777778,5,144.27777777777777,104.72474035217306,34.26611111111111,SP
5c853bb56f70f4d14218944bae111d7a,23,24,12,-11.958333333333334,-3.0,0.0,4.041666666666667,20.83333333333333,5,10.96375,2.581709599571908,10.460833333333332,SP
17ca9b9e9b9ef8fdb529001b49ebb50f,116,130,46,-14.054263565891471,10.0,0.7751937984496124,4.015384615384615,27.692307692307693,36,75.57538461538462,46.8529322199034,18.315846153846152,MG
6750d71153f00fc58829af2a8ef1bcf1,6,7,6,-17.142857142857142,-14.0,0.0,4.285714285714286,14.285714285714286,1,514.7142857142857,1009.3703836692314,18.411428571428573,RJ
5f2684dab12e59f83bef73ae57724e45,68,74,29,-11.082191780821915,29.0,5.47945205479452,3.77027027027027,29.72972972972973,22,121.63337837837838,52.004041446664274,15.16472972972973,SP
343e716476e3748b069f980efbaa294e,17,24,6,-15.782608695652174,2.0,4.3478260869565215,4.0,26.08695652173913,6,38.44166666666667,7.19890792845129,13.004166666666666,SP
ed46f1eb4a638113deb2a1137b5f22e9,4,4,3,-13.0,-7.0,0.0,4.0,25.0,1,867.5,326.2029020921386,54.17,SC
6a0cbc8af2e8abd1bdfb777943d174c6,35,35,5,-8.941176470588236,24.0,8.823529411764707,4.0588235294117645,23.529411764705884,8,111.25857142857144,8.446618586524343,21.29628571428572,SP
10076e5788b8ee532724bcd460baf762,23,26,13,-12.26923076923077,14.0,3.8461538461538463,4.615384615384615,7.6923076923076925,2,31.595384615384614,9.91004711624288,14.511538461538462,SP
6b90f847357d8981edd79a1eb1bf0acb,45,48,12,-8.9375,0.0,0.0,4.375,12.5,6,69.54125,47.105386267660855,15.521666666666668,SP
b2c97074649f92197d9387d9033dda5f,10,11,9,-9.454545454545457,2.0,9.090909090909092,4.636363636363637,0.0,0,62.24636363636364,24.288259415910098,25.39727272727273,SP
33cbbec1e7e1044aaf11d152172c776f,15,16,9,-16.0625,-8.0,0.0,4.6875,0.0,0,45.666875,20.288596047615847,24.926875,RS
95f83f51203c626648c875dd41874c7f,52,68,11,-14.261538461538462,3.0,3.076923076923077,3.176470588235294,50.0,34,48.34352941176471,26.19361251547908,24.04647058823529,MG
0ed6ce5d87fd9c69eaacaeb778d67235,43,43,26,-12.785714285714286,14.0,14.285714285714286,4.404761904761905,16.666666666666668,7,49.80046511627907,47.92875635245298,15.996046511627908,SP
cb32766839f443db85c82a43c4a6c19e,2,2,2,-9.0,-7.0,0.0,3.0,50.0,1,117.0,2.8284271247461903,15.755,SP
ec21206b7894c503788a684a7bc822a6,3,3,3,-20.0,-20.0,0.0,2.6666666666666665,66.66666666666667,2,82.6,53.9033394141773,16.203333333333333,RJ
aa1eb17b9fdf6dfd546e25c45c7b9235,3,4,2,-9.0,-7.0,0.0,4.5,0.0,0,29.4975,1.005,9.0675,SP
d650b663c3b5f6fb392b6326366efa9a,60,60,30,-11.63157894736842,12.0,5.2631578947368425,4.2,23.33333333333333,14,320.715,182.3934440029417,15.169,SP
49067458c68f7701fd334ce326accbe0,17,38,15,-13.86842105263158,0.0,0.0,3.3684210526315788,39.47368421052632,15,28.344736842105263,1.3514651445687946,15.429736842105264,MG
f9903dd0f812c7e771fcad47b6fff231,10,15,9,-18.066666666666663,-3.0,0.0,2.933333333333333,60.0,9,112.32333333333334,128.08851106428972,27.77533333333333,SC
7e3f87d16fb353f408d467e74fbd8014,92,94,20,-10.408602150537634,29.0,6.451612903225806,4.127659574468085,22.34042553191489,21,50.585,23.151656145037755,15.305425531914894,SP
11742f81550ac064cc9a40f67151d9ad,2,2,2,-5.0,-4.0,0.0,5.0,0.0,0,390.95,29.76919548795365,24.555,SP
e3b4998c7a498169dc7bce44e6bb6277,3,3,3,-6.0,-6.0,0.0,2.6666666666666665,66.66666666666667,2,2299.3,3841.735671542226,72.26333333333334,SP
a7ecf689b40a44361e259b28939023e4,1,1,1,-9.0,-9.0,0.0,5.0,0.0,0,389.0,0.0,21.91,ES
59cea8e446d3834393058e7e0666b6fb,10,10,5,-16.5,-5.0,0.0,4.6,20.0,2,69.66,68.04702948859871,20.454,PR
d598f929fc44e1e38678e7f47250ec04,1,1,1,-23.0,-23.0,0.0,5.0,0.0,0,69.9,0.0,37.4,GO
d4f117125b59ce73c3302f88ee40c458,17,17,8,-11.705882352941176,-2.0,0.0,4.823529411764706,0.0,0,46.07588235294118,6.361422854620979,12.665882352941177,SP
f63d8f293af3a6454377546bd9dd19ff,17,28,11,-9.785714285714286,15.0,14.285714285714286,3.821428571428572,28.571428571428573,8,62.565,32.57455465714169,17.683214285714286,SP
1b45169b635ef59425637e9a33eb5fb3,7,8,6,-19.75,-6.0,0.0,4.625,12.5,1,38.6125,15.456430700520738,13.80625,PR
a425f92c199eb576938df686728acd20,17,19,18,-14.72222222222222,-6.0,0.0,4.368421052631579,15.789473684210526,3,61.357894736842105,30.492882881629093,16.260526315789473,PR
6bb0724edf0b62fb91ac404873a97241,17,18,10,-10.444444444444445,6.0,5.555555555555555,4.5,12.5,2,202.94444444444449,92.3767682930153,42.41777777777778,SP
35b96509602ec4b7da831b5cd73ff2c2,2,2,2,-14.0,-9.0,0.0,4.5,0.0,0,279.45,27.647875144394007,23.775,RS
014c0679dd340a0e338872e7ec85666a,14,15,10,-11.666666666666666,8.0,13.333333333333334,3.6666666666666665,40.0,6,470.53333333333336,299.7822701959032,41.88733333333333,MG
b3f19518fcec265b2e97af287725f981,9,9,4,-13.0,-7.0,0.0,4.222222222222222,22.22222222222222,2,54.10111111111111,20.787282436891815,15.285555555555556,SP
fc38b5dceee1a730fad8853453437fbd,5,5,5,-14.2,-9.0,0.0,4.6,0.0,0,23.84,10.974652614092166,11.762,SP
fd312b6bf05efac6c3772d5b52205d8a,2,4,2,-12.5,-11.0,0.0,5.0,0.0,0,29.675,0.45,11.405,SP
6b333a05bf188ef3e1f1662a86bd9855,12,13,9,-8.76923076923077,1.0,7.6923076923076925,4.384615384615385,15.384615384615383,2,306.9930769230769,328.2603972809954,43.38230769230769,DF
c7a0a13cbcf29d5ce51c8f80afdc0b89,8,9,4,-14.22222222222222,-4.0,0.0,4.222222222222222,22.22222222222222,2,53.67555555555556,55.1516618315149,19.41333333333333,SC
78ef7e885d17f35e2382a47aae8b8cce,3,3,3,-20.0,-16.0,0.0,4.666666666666667,0.0,0,129.33333333333334,88.31949577150752,21.813333333333333,RS
7dc8c42cc750eeafea6c85712ffee9bf,41,50,16,-13.42,6.0,4.0,4.26,16.0,8,128.1936,108.47878360720108,20.7082,SP
5882820ef11c4c068eea0677a7a879b4,14,14,6,-17.357142857142858,0.0,0.0,4.153846153846154,23.07692307692308,3,708.9642857142857,593.9059645939076,52.807857142857145,RS
293dee954235e4e4e43f129313625ebe,8,9,6,-17.11111111111111,-13.0,0.0,5.0,0.0,0,203.32333333333327,151.77450378769157,29.54888888888889,DF
31be790e64fc99f8ff48ec2bd18a3104,6,6,3,-2.833333333333333,1.0,33.333333333333336,4.333333333333333,16.666666666666668,1,40.23333333333333,9.201449161228174,12.046666666666669,SP
2bf6a2c1e71bbd29a4ad64e6d3c3629f,30,31,28,-14.741935483870968,18.0,6.451612903225806,4.193548387096774,19.35483870967742,6,1633.1903225806452,657.8288679967553,32.277096774193545,RJ
f783a638e9c6af4a7d0dbfde811e7a81,5,5,4,-4.0,32.0,20.0,4.0,20.0,1,169.96,97.08245464552284,30.62,SP
519a7aa428f18d125a283cf8c014fdd6,3,3,1,-15.666666666666666,-11.0,0.0,4.0,33.333333333333336,1,26.566666666666663,2.8867513459481287,24.366666666666667,SC
0b64bcdb0784abc139af04077d49a20e,4,4,2,-18.0,-13.0,0.0,4.75,0.0,0,34.4,3.0,17.0525,RS
c522be04e020c1e7b79f3acff36513d5,7,7,4,-6.333333333333333,2.0,33.333333333333336,3.571428571428572,28.571428571428573,2,105.70428571428572,32.5868802112869,14.052857142857142,SP
e73bf2cea7fe4b0b4d287a7568ed1099,4,5,4,-26.0,-8.0,0.0,5.0,0.0,0,147.54,152.30542669255092,20.026,SC
e53d5b9b29d1218281f4a907ada18626,4,5,4,-16.8,-14.0,0.0,4.8,0.0,0,70.134,78.40465725962967,26.65,PR
d79e8478eed9999493990b44955fb22e,5,5,3,-10.0,1.0,20.0,4.0,25.0,1,144.378,81.97663642770421,16.144,RJ
2ff6b7bff164ef05590a52734e1296da,7,7,6,-15.142857142857142,-6.0,0.0,4.714285714285714,0.0,0,257.6557142857143,176.23921733987424,21.647142857142857,PR
94c49f20a123aeb9360dbf80ff912bf6,3,3,2,-13.666666666666666,-11.0,0.0,3.6666666666666665,33.333333333333336,1,92.58333333333331,36.921549714676566,20.51333333333333,SP
5c030029b5916fed0986310385ec9009,7,10,6,-16.4,-8.0,0.0,4.9,0.0,0,416.44,290.7370946787187,91.55,SC
0417b067eeab773d2f7061a726dc477f,13,13,11,-3.923076923076923,19.0,23.07692307692308,3.923076923076923,23.07692307692308,3,143.01384615384617,151.40124303422246,49.42846153846154,SC
577719699805dd125d5b6fdde5943bba,8,8,8,-16.25,8.0,12.5,4.375,12.5,1,134.725,186.59707163526747,26.195,RS
0336182e1b3e92f029d5354832045fdf,1,2,2,-42.0,-42.0,0.0,2.0,100.0,2,14.9,0.0,8.785,SP
2c3d56f92f360fb89d849b84e8f50eae,8,8,5,-5.285714285714286,5.0,14.285714285714286,3.125,50.0,4,58.2,37.95775847664649,15.605,SP
8629c241b3622ac12cd4118afdc8d394,13,13,6,-14.076923076923077,9.0,7.6923076923076925,4.076923076923077,15.384615384615383,2,89.82,35.55559824650215,25.72,SP
07d75e33f2750d97d467fb57e4dfdd8a,2,2,2,-11.5,-10.0,0.0,2.5,50.0,1,361.2,478.9941335757673,18.595,SP
27a56ff04b34c2ba34ce6ba4d3b9d616,8,8,7,-10.0,10.0,12.5,4.125,25.0,2,43.66125,11.12341216598062,12.8725,SP
b4b447d715f9ab302a188fb43d3e96b3,5,5,2,-6.4,0.0,0.0,4.8,0.0,0,137.186,33.96427579089535,18.746,SP
77e4abfd739aed9c46480f90f81c0eb4,18,18,9,-15.5,-3.0,0.0,4.777777777777778,5.555555555555555,1,207.61055555555555,139.13908194034707,19.73444444444445,DF
bd0a1b0aadca9a83d9304f7e8ff5fbd5,4,4,4,-7.25,-6.0,0.0,4.5,25.0,1,37.65,17.67059704707229,13.6475,SP
1e9d5a33694bddb76316fd1f54734d20,2,2,2,-8.5,-8.0,0.0,4.5,0.0,0,159.0,0.0,75.47,MT
e5cbe890e679490127e9a390b46bbd20,2,2,2,-14.5,-7.0,0.0,4.5,0.0,0,454.495,176.0766595832622,14.36,SP
83c465a786b06574376909b35ef6752a,3,3,2,-21.666666666666668,-17.0,0.0,5.0,0.0,0,93.8,0.0,16.35333333333333,SP
e116c7455dd26a4d8c3e92532583905f,1,2,1,,,,4.0,0.0,0,18.38,0.0,7.39,SP
bede56095ba33c42038fb85f707b8a42,2,2,2,-18.0,-16.0,0.0,4.5,0.0,0,1986.95,1608.0315310963276,105.435,SP
fa3a0b5aabb344b9a92e3524b0202123,7,7,3,-14.571428571428571,4.0,14.285714285714286,4.142857142857143,28.571428571428573,2,255.57142857142856,52.91772589866003,23.487142857142857,SP
79ee721b6f766066a80264402548d359,2,2,1,,,,1.0,100.0,2,269.0,0.0,15.18,SP
d8d9567d0bfb0bc7eb845a205ba42657,4,4,3,-3.25,1.0,25.0,3.5,50.0,2,18.65,2.5,14.9275,SP
7fe21dd00d2f4943ae09525efa2fd674,4,4,4,-12.0,-4.0,0.0,3.0,50.0,2,74.9,17.320508075688775,14.34,RJ
5011f0d93373a4c5753adf58ca77af8d,12,22,4,-4.190476190476191,28.0,19.047619047619047,3.5454545454545454,45.45454545454545,10,45.88272727272727,37.59248863445465,17.33772727272727,SP
820cc752a266cdc6c1a1e61dd4583330,15,15,4,-11.666666666666666,3.0,6.666666666666667,4.133333333333334,20.0,3,186.85333333333327,113.94221509586508,18.398,PR
90b57083da5d803237da74daec6dcb2b,2,2,2,-19.0,-17.0,0.0,5.0,0.0,0,103.45,120.98597026101828,17.155,PR
3d5d0dc7073a299e31fa718ce1bc00b6,23,24,8,-13.090909090909092,1.0,9.090909090909092,4.166666666666667,20.83333333333333,5,32.94583333333333,23.70934468437116,16.142916666666668,RJ
184725737946a1a938bbbd1a9e978103,3,3,2,-2.6666666666666665,-2.0,0.0,4.666666666666667,0.0,0,119.9,8.660254037844387,14.623333333333331,SP
6b15924333bd1a741595fe981ea04822,21,21,5,-11.285714285714286,0.0,0.0,4.666666666666667,9.523809523809524,2,29.25333333333333,9.167602376484997,11.435238095238097,SP
1cbd32d00d01bb8087a5eb088612fd9c,11,12,11,-10.25,1.0,8.333333333333334,4.25,16.666666666666668,2,87.1225,73.9927757069444,20.33833333333333,SP
d149de2f383552baea37a7198c2296ce,3,3,2,-6.333333333333333,-1.0,0.0,5.0,0.0,0,106.9,0.0,11.223333333333333,SP
07bf9669d84d1f11be443a9dd938f698,18,24,11,-19.125,-10.0,0.0,3.25,41.66666666666666,10,74.0,30.371611458872177,26.925833333333333,SP
980640c45d7a4635885491d077167e4d,14,14,12,-10.357142857142858,1.0,7.142857142857143,4.642857142857143,7.142857142857143,1,71.735,28.705836916503987,17.312142857142856,SP
bafc5aa11e413978be29040f51342e70,9,9,6,-12.333333333333334,15.0,11.11111111111111,3.7777777777777777,33.333333333333336,3,186.61666666666667,61.42395501756624,16.657777777777778,MG
e5899683388855d3dabe8913bbe365de,3,3,3,-20.0,-17.0,0.0,4.0,33.333333333333336,1,150.96,28.977563734724143,26.99333333333333,SP
07e8e8fc5222bb358e6f259da3197074,2,2,2,-6.5,-1.0,0.0,4.0,50.0,1,25.9,0.0,11.53,SP
23a0ffca143a15b9b5bbdb7d552f626a,23,24,12,-11.416666666666666,7.0,12.5,3.9583333333333335,29.166666666666668,7,154.93791666666667,183.75257189514303,24.407083333333333,SP
bdf0d02d36a1d839d0c39c4a887cdd49,5,7,2,-23.714285714285715,-20.0,0.0,5.0,0.0,0,17.142857142857142,5.367450401216932,13.707142857142856,SP
33d677f27a69b84051204ee4ae76eaca,9,10,5,-19.9,-8.0,0.0,4.6,10.0,1,16.5,2.065591117977289,17.349,SC
5b581417df4480f632484ba681e53944,12,13,9,-4.333333333333333,17.0,25.0,3.3076923076923075,46.15384615384615,6,137.73846153846154,37.175877897312624,45.05384615384615,SC
cd843d4cf8ef32827de0396605163ba3,5,5,3,-6.2,-3.0,0.0,3.8,20.0,1,383.0,65.4217089351845,139.512,MG
f9eda05b67bef472deaddbba84aca289,1,1,1,,,,1.0,100.0,1,185.0,0.0,51.79,SC
c6218512d16fcac0af02fe92691cf274,8,9,4,-12.666666666666666,0.0,0.0,4.111111111111111,22.22222222222222,2,81.0,40.51851428668135,23.586666666666662,MG
191d55f7edb8524d525ed01b20fe32e8,3,3,3,-3.0,12.0,33.333333333333336,2.333333333333333,66.66666666666667,2,249.0,0.0,21.933333333333334,DF
2f4b9d112bfa44a214bc6cef085d17c8,5,6,3,-26.0,-14.0,0.0,4.333333333333333,0.0,0,48.998333333333335,39.5280004132092,19.87833333333333,ES
4c61e37f664c3c88aff092aa5ac779d7,7,8,3,-2.875,5.0,25.0,4.0,16.666666666666668,1,98.53875,83.35364512339663,14.9825,RJ
458c6fa920810ce2492da71bc26d9eec,2,2,1,-10.0,-4.0,0.0,2.5,100.0,2,378.38,0.0,52.805,SP
78813699ffac347fe27dba345a5f1551,1,1,1,-29.0,-29.0,0.0,5.0,0.0,0,152.42,0.0,48.12,RS
c200c73f9d7e5a08ca439d6a0803da7c,1,2,1,,,,1.0,100.0,2,20.0,0.0,14.1,PR
a3b42d266fa8afc874b909422ce88582,1,6,1,-4.0,-4.0,0.0,5.0,0.0,0,139.9,0.0,13.64,SP
bc39d8938f90a3a2b98193723ed59774,2,2,1,-13.0,-9.0,0.0,4.0,0.0,0,153.4,0.0,11.155,SP
1b1ae47a313a825a7ccceb8e2e30fa9d,11,11,6,-14.2,-2.0,0.0,3.9,30.0,3,203.9909090909091,127.53074495622973,22.40909090909091,PR
34675b28b826facfde119785bf287dc1,1,1,1,-16.0,-16.0,0.0,4.0,0.0,0,21.99,0.0,15.1,PR
4dbd95a08b31ede5c82d3f861cb1ce1a,6,6,6,-16.75,-9.0,0.0,3.5,33.333333333333336,2,217.445,337.4367739740291,31.56,PR
45c20d94d9171b0bcfab3c955e47d67b,4,4,4,-10.5,-8.0,0.0,4.5,25.0,1,32.365,34.75959100258038,20.2775,SP
3a4127e1ba7208ea37044c5092aae170,6,6,3,-13.8,-6.0,0.0,3.5,33.333333333333336,2,369.9333333333333,37.018950102166144,15.225,SP
2235cf78d3e2073a88146a9cb60f0dd0,1,1,1,-11.0,-11.0,0.0,5.0,0.0,0,178.99,0.0,25.77,SP
50bf89f1349bc0409a268c3a49678009,1,1,1,-26.0,-26.0,0.0,5.0,0.0,0,179.9,0.0,102.57,SP
73da1880b39c71de2b262bc7720c1494,2,2,1,-14.0,-12.0,0.0,5.0,0.0,0,199.0,0.0,23.495,SP
7d7d2b7a51328016102d4528c411d630,7,7,5,-9.142857142857142,5.0,14.285714285714286,4.142857142857143,28.571428571428573,2,131.25714285714287,77.51274856742077,25.72142857142857,SP
96e5dc09087bad639b4ee193104ec2e5,2,2,2,-8.5,-7.0,0.0,4.5,0.0,0,50.95,39.66869042456532,26.27,RJ
9fe7c6641c79970ab48185498f547c09,1,1,1,-17.0,-17.0,0.0,5.0,0.0,0,130.0,0.0,34.71,SP
c1f12f926d0ba950578b4fa41115cbb6,2,4,2,3.75,39.0,25.0,4.5,25.0,1,119.9,20.0,19.24,SP
ebd1417732defaf66c50b5a800eb293e,1,1,1,-22.0,-22.0,0.0,5.0,0.0,0,309.0,0.0,16.33,PR
13511db12ac61e2f89c53b72a944a60b,6,6,4,-12.833333333333334,0.0,0.0,3.5,33.333333333333336,2,133.0,3.521363372331802,44.32833333333333,RS
513a54369b6a8a6602fcb0e129c6d78d,2,2,1,-5.5,-5.0,0.0,4.5,0.0,0,23.9,5.656854249492381,7.43,SP
918f6fbcf3ab724d805867303e593a1b,2,3,2,-15.333333333333334,-12.0,0.0,4.333333333333333,33.333333333333336,1,26.566666666666663,2.8867513459481287,10.96,SP
b3e2faf2c1004d674f16a3aa3197f0e1,3,3,3,-13.666666666666666,-10.0,0.0,5.0,0.0,0,20.49,6.928203230275509,11.256666666666666,SP
a9b533a26e898b12e8b8d4c07279bf4d,4,4,1,-10.5,-7.0,0.0,5.0,0.0,0,29.9,0.0,17.865,RJ
8ea394aed8138685abe1eb9f25e1021d,2,2,1,-9.5,-3.0,0.0,4.0,50.0,1,670.0,0.0,38.8,SP
a3082f442524a1be452e3189e003b361,3,4,3,-12.0,-11.0,0.0,4.25,0.0,0,75.4,24.020824298928627,24.4125,SP
bb5d956dece964a06c12bceb66b923ae,2,2,2,-13.5,-7.0,0.0,5.0,0.0,0,639.18,608.366390261658,25.07,RJ
7b7ed56ae755e2880f2b69632e839c1e,5,5,4,-5.0,0.0,0.0,4.2,40.0,2,64.3,81.64128857385826,27.02,GO
fc4751cfe3b279c419615b9b00c1abb4,1,1,1,-28.0,-28.0,0.0,5.0,0.0,0,453.7,0.0,17.35,PR
74bafed391319577bce6f4d2acc0589a,3,3,2,-12.666666666666666,-7.0,0.0,2.6666666666666665,66.66666666666667,2,615.6666666666666,275.3785273643051,79.24333333333334,SP
723a46b89fd5c3ed78ccdf039e33ac63,1,1,1,-30.0,-30.0,0.0,4.0,0.0,0,66.64,0.0,23.4,RS
809413606dbfe5deefd2db646693ef67,3,5,3,-8.2,-7.0,0.0,4.2,0.0,0,39.336,4.896639664096185,10.074,SP
74a9b9bddf14ece02beb81f52c41a88d,2,2,2,-13.0,-11.0,0.0,3.5,50.0,1,47.5,17.67766952966369,11.03,SP
ca5832c6960267b71041f74bb39e8b12,1,1,1,14.0,14.0,100.0,1.0,100.0,1,79.9,0.0,17.81,SC
97e4a63591ca439a2b8b7efd20e6e19e,5,5,2,-12.6,-6.0,0.0,4.4,20.0,1,69.99,0.0,15.71,RJ
42d4b7e70819438f5ada61c965e92d7e,1,3,2,-2.0,-2.0,0.0,1.0,100.0,3,16.533333333333335,2.1361959960016152,17.06,GO
c1552b1dab6e6f760950368ae61fb600,2,2,2,-1.0,-1.0,0.0,2.5,50.0,1,26.9,11.31370849898476,7.445,SP
491a5ada3aa1678414e990262c4bbdc1,2,2,1,-12.0,-12.0,0.0,3.0,50.0,1,1420.0,0.0,16.905,SP
dde698c6d0bd24834c586e5111c2bba7,1,1,1,-15.0,-15.0,0.0,5.0,0.0,0,155.9,0.0,19.19,RJ
d7827b2af99326a03b0ed9c7a24db0d3,1,1,1,-13.0,-13.0,0.0,5.0,0.0,0,1455.0,0.0,101.7,SP
2c9005d8043aff18b8557ffb7b13cda4,1,1,1,-8.0,-8.0,0.0,5.0,0.0,0,109.9,0.0,19.74,ES
95cca791657aabeff15a07eb152d7841,1,1,1,-26.0,-26.0,0.0,5.0,0.0,0,9.99,0.0,18.23,PR
0b09101900100c0e9d312861fad5a1b9,1,1,1,-61.0,-61.0,0.0,4.0,0.0,0,153.75,0.0,14.61,SP
376d67b61dce0c990155286e7ae486a4,1,1,1,-5.0,-5.0,0.0,4.0,0.0,0,94.0,0.0,17.91,SP
b86a47b3366e3b5424a7b225781f4908,1,1,1,-14.0,-14.0,0.0,3.0,100.0,1,86.5,0.0,19.85,MG
57a834594e1e9e9219603bfec184eadc,1,1,1,-37.0,-37.0,0.0,5.0,0.0,0,139.0,0.0,27.05,RS
e595809a6c31ec4314fd06ef198c244d,1,1,1,-13.0,-13.0,0.0,5.0,0.0,0,39.0,0.0,18.23,SC
6bcb2352a2a0c38b845f598298ab9d26,2,2,1,-14.0,-14.0,0.0,3.0,50.0,1,15.9,0.0,13.79,PR
1d139e3a3b14025640d8df1b230aace0,2,2,2,-20.5,-19.0,0.0,3.5,50.0,1,18.245,15.224008998946369,17.345,SP
1fa2d3def6adfa70e58c276bb64fe5bb,1,1,1,-36.0,-36.0,0.0,1.0,100.0,1,6.9,0.0,9.0,SP
4ce6e5f6c52515177e18c1c9361d8677,1,1,1,,,,3.0,100.0,1,226.6,0.0,25.67,SP
ae9690c6e8fee182c28c9ff8e11ca52c,1,1,1,-47.0,-47.0,0.0,5.0,0.0,0,47.4,0.0,12.41,SP
0b1ca3ef18a63d7eb0c8897fa0849c08,1,1,1,-6.0,-6.0,0.0,5.0,0.0,0,55.0,0.0,7.87,SP
1e47d8b6546eb3a77b1acddcc9406242,1,1,1,-11.0,-11.0,0.0,1.0,100.0,1,149.9,0.0,16.81,SP
4cc43a222a0f94910728b62b97a8c5f8,1,1,1,-12.0,-12.0,0.0,3.0,100.0,1,108.5,0.0,12.26,SP
1f7dfad2cb384ea4d2d7e1ffbd78c407,1,1,1,-4.0,-4.0,0.0,1.0,100.0,1,49.0,0.0,8.29,SP
20f0aeea30bc3b8c4420be8ced4226c0,1,1,1,13.0,13.0,100.0,,,0,14.9,0.0,14.52,SP
535bf14f36346c7f59d87cece104d70c,1,1,1,0.0,0.0,0.0,4.0,0.0,0,50.0,0.0,7.77,RJ
7040e82f899a04d1b434b795a43b4617,212,228,60,-10.443946188340806,24.0,7.174887892376682,3.528888888888889,38.22222222222222,86,42.71140350877193,46.86003577770257,14.113070175438596,SP
cc419e0650a3c5ba77189a1882b7556a,1706,1819,37,-13.033541785105172,36.0,5.11654349061967,4.0695748205411375,24.29596907785754,440,58.57942825728422,23.24737387022778,14.470082462891698,SP
900ba814c251a692506d7834c1218441,88,88,7,-8.593023255813954,19.0,13.953488372093023,4.188235294117647,20.0,17,330.67829545454543,126.6459090029207,26.911931818181817,SP
b1a81260566c1bac3114a6d124413f27,51,54,26,-16.75925925925926,0.0,0.0,4.222222222222222,16.666666666666668,9,160.8275925925926,57.337587689225,28.990925925925925,RS
640e21a7d01df7614a3b4923e990d40c,116,137,12,-10.316176470588236,96.0,3.676470588235294,4.262773722627737,18.978102189781023,26,55.46627737226277,15.119615084546693,17.855766423357665,SP
2709af9587499e95e803a6498a5a56e9,26,47,15,-4.478260869565218,12.0,50.0,2.565217391304348,60.869565217391305,28,27.22468085106383,40.11432471298175,12.328936170212764,SP
f8db351d8c4c4c22c6835c19a46f01b0,667,726,146,-11.702513966480447,24.0,5.027932960893855,4.218836565096953,18.83656509695291,136,69.73333333333333,78.29830520324913,17.325881542699726,SP
7139dc5186aa238b006e066d8fbab2e4,22,24,11,-11.291666666666666,32.0,12.5,4.086956521739131,26.08695652173913,6,71.33333333333333,48.54372002250331,22.330416666666668,SP
2e1c9f22be269ef4643f826c9e650a52,167,174,72,-10.523809523809524,25.0,5.9523809523809526,4.16374269005848,21.05263157894737,36,73.43488505747126,83.67271292099335,14.09706896551724,SP
080102cd0a76b09e0dcf55fcacc60e05,124,130,43,-11.8828125,15.0,3.90625,4.492307692307692,13.846153846153848,18,43.97523076923077,25.87096385673648,16.89176923076923,MG
325f3178fb58e2a9778334621eecdbf9,36,46,13,-12.043478260869565,-2.0,0.0,4.456521739130435,13.043478260869565,6,21.341304347826085,7.5119335012722415,9.81891304347826,SP
ececbfcff9804a2d6b40f589df8eef2b,98,105,62,-11.865384615384617,16.0,8.653846153846153,4.123809523809523,20.952380952380956,22,65.23228571428571,15.96817467394387,18.04133333333333,SP
aaed1309374718fdd995ee4c58c9dfcd,105,112,54,-17.2972972972973,6.0,2.702702702702702,4.053571428571429,22.321428571428573,25,83.72276785714286,53.47028933734601,20.813125,SC
0bae85eb84b9fb3bd773911e89288d54,137,146,45,-15.248275862068963,4.0,0.6896551724137931,4.205479452054795,21.91780821917808,32,51.24801369863014,26.28778881638742,20.028698630136983,SP
77a515caa36327151d1cc6c32a9f00e1,26,26,19,-10.73076923076923,23.0,11.538461538461538,4.423076923076923,15.384615384615383,4,85.28423076923077,16.15386224358173,15.238076923076925,SP
8b87cd0d43d49b9bdf40f56229364d59,5,5,5,-7.5,-6.0,0.0,2.6,60.0,3,310.58,171.17544216388052,60.2,SP
63b464dbf392c7b80d12d932fa7cafed,37,39,17,-14.842105263157896,17.0,5.2631578947368425,3.692307692307693,33.333333333333336,13,173.87179487179486,7.564388475577302,22.596153846153847,SP
bacb1f0ed56ad24198f5810d2b3fe9a5,42,42,22,-13.342105263157896,4.0,2.631578947368421,4.075,22.5,9,165.2488095238095,46.7468075447016,21.26047619047619,SP
9baf5cb77970f539089d09a38bcec5c3,32,33,25,-17.96875,-1.0,0.0,4.333333333333333,12.12121212121212,4,185.74757575757576,191.81827831033047,16.476666666666667,SP
6cd68b3ed6d59aaa9fece558ad360c0a,149,157,54,-14.318471337579618,16.0,1.2738853503184713,4.445859872611465,13.375796178343949,21,71.2647770700637,30.88149947340033,16.113949044585986,MG
e62b2d6ac10570a035a30bafcf01d263,62,71,24,-9.183098591549296,23.0,14.084507042253522,3.8333333333333335,27.272727272727277,18,75.21676056338028,59.59235403435693,14.578591549295774,SP
0d33a55da925bbf1ff02af5f6059fc7f,22,25,8,-12.04,5.0,4.0,4.52,12.0,3,23.012,8.119078354920177,15.798,SP
1f1bb1f0859883505541bdd6606193e5,27,29,24,-10.448275862068966,6.0,10.344827586206897,4.310344827586207,20.689655172413797,6,553.1324137931034,436.4561069868405,18.00103448275862,SP
392e0502231ae2f8b29994ef6398cd77,20,20,12,-7.9411764705882355,23.0,11.764705882352942,4.157894736842105,21.05263157894737,4,93.585,52.985641302248354,17.7945,SP
c7dcd301ecfe5ab7f778ac172cf74be7,4,4,3,-29.0,-28.0,0.0,2.5,50.0,2,114.4225,123.76913464861369,15.535,MG
725c32fa80c2faacc4fc88450d27314e,89,93,36,-12.225806451612904,21.0,1.075268817204301,4.538461538461538,8.791208791208792,8,84.28903225806451,46.33804036558798,14.277204301075267,SP
5b0cc932433fa5184b5b94bfe6bcc256,12,17,4,-8.647058823529411,7.0,23.529411764705884,3.4705882352941178,52.94117647058823,9,84.5764705882353,18.398319536433373,32.72294117647059,SP
e26901d5ab434ce92fd9b5c256820a4e,202,221,16,-13.53953488372093,13.0,1.3953488372093024,4.0588235294117645,22.171945701357465,49,54.25746606334842,29.50922507384886,13.339276018099548,SP
e883aa812c37a7413226856f4579fe91,26,29,6,-12.96551724137931,1.0,3.4482758620689653,3.896551724137931,24.13793103448276,7,141.2793103448276,121.8524909743344,15.77103448275862,SP
c68fb906c8f4b4b946d8386bfa6e5467,45,48,36,-12.8125,2.0,2.083333333333333,4.51063829787234,10.638297872340424,5,94.6075,52.880118513885286,18.59270833333333,SP
406822777a0b9eb5c50e442dd4cd3ec5,45,47,19,-10.608695652173912,22.0,10.869565217391305,4.326086956521739,19.565217391304348,9,77.61872340425532,48.246465003059,20.175744680851064,SP
004c9cd9d87a3c30c522c48c4fc07416,158,176,88,-11.614942528735632,41.0,6.896551724137931,4.132947976878612,24.85549132947977,43,116.29079545454546,45.478402603473626,20.78965909090909,SP
21c62b998a043ebe31161d38f84929fc,4,4,2,-16.0,-9.0,0.0,4.5,0.0,0,187.6225,31.285726644376773,22.71,CE
9d681c7e12db302cb261e721040dde65,13,14,8,-15.5,-3.0,0.0,4.928571428571429,0.0,0,56.114285714285714,37.322252738152734,19.505714285714287,PR
903037660cf848a717166eb7a06d616e,45,60,36,-16.966101694915253,32.0,11.864406779661016,3.7666666666666666,36.66666666666666,22,133.19183333333334,304.77028123997,18.196166666666667,SP
85cc55e048b6bcc90c75afe7f0e72f72,9,9,6,-9.333333333333334,18.0,22.22222222222222,4.444444444444445,11.11111111111111,1,34.25333333333333,20.422207887493457,21.497777777777777,RJ
cb8bcce248bb1fb274ba762d8b971456,68,69,5,-11.970149253731345,4.0,1.492537313432836,4.260869565217392,13.043478260869565,9,136.26376811594204,23.066553141459867,17.86695652173913,MG
2745f798279e0ed033addcc1474776d7,32,32,13,-10.71875,16.0,9.375,3.967741935483871,32.25806451612903,10,114.6415625,42.56007261919094,21.764375,SP
9bade61a92bed55a25d2b67b9f4ed739,2,3,1,-18.0,-17.0,0.0,2.333333333333333,66.66666666666667,2,39.22666666666667,3.181199983234838,19.04,PR
282c7480173bb9c01dd41cc739fec010,5,8,4,-16.125,5.0,12.5,4.428571428571429,14.285714285714286,1,534.275,388.85764471994486,24.01375,SP
13074f016982ff2bd6c58ced8682f000,14,15,5,-8.071428571428571,23.0,21.428571428571427,3.933333333333333,20.0,3,141.06666666666666,48.25300385418903,66.38,RS
817f85dbb65aa3e70831d90fe75cdf89,11,11,6,-25.545454545454547,-7.0,0.0,4.545454545454546,9.090909090909092,1,141.11545454545455,55.87233991227437,21.056363636363635,SP
5d0363b33554b373851fc1622e4d5f3c,94,95,54,-9.0,33.0,8.51063829787234,4.052631578947368,23.157894736842103,22,69.58726315789474,36.3346673285558,23.07557894736842,SP
3f0e48d209018b466fcd3bb4ccfeb520,9,10,3,-17.0,-9.0,0.0,3.9,30.0,3,539.9,51.63977794943222,25.58,PR
8c9348f33ae3dada25c99c99ade2af78,2,2,2,-20.0,-12.0,0.0,5.0,0.0,0,156.495,103.95176790223437,25.97,SP
1c40343cc5d18c2d8248ac2f3366de34,21,22,12,-12.0,1.0,9.090909090909092,4.545454545454546,18.181818181818183,4,111.88227272727272,76.77170299207273,17.18227272727273,SP
6eeed17989b0ae47c9f11ece6f38ea90,3,3,2,-13.333333333333334,-5.0,0.0,3.6666666666666665,33.333333333333336,1,185.66666666666663,83.26663997864532,39.67,SP
23613d49c3ac2bd302259e55c06c050c,70,80,24,-11.316455696202532,18.0,8.860759493670885,3.6582278481012658,36.70886075949367,29,53.6625,45.36608998198064,27.097,SP
cda598c48d7c614bc1cad7d8ff6f0010,17,18,4,-13.77777777777778,-5.0,0.0,3.9444444444444446,38.888888888888886,7,62.144444444444446,27.624972126091283,16.755555555555556,SP
2528744c5ef5d955adc318720a94d2e7,5,5,3,-9.4,-6.0,0.0,2.4,80.0,4,1249.0,961.1191393370544,52.74,SP
17908cf9b444ee34047cadd5c0f4a516,11,11,9,-11.818181818181818,26.0,9.090909090909092,4.545454545454546,9.090909090909092,1,181.2718181818182,75.38952670208002,45.583636363636366,GO
014d9a685fd57276679edd00e07089e5,11,12,3,-12.583333333333334,-1.0,0.0,3.8333333333333335,33.333333333333336,4,60.82333333333333,15.873553381952542,12.244166666666668,PR
28405831a29823802aa22c084cfd0649,7,7,1,-6.0,-1.0,0.0,4.285714285714286,14.285714285714286,1,35.0,0.0,12.597142857142858,SP
ede0c03645598cdfc63ca8237acbe73d,46,50,24,-4.191489361702128,19.0,31.91489361702128,3.617021276595745,31.91489361702128,15,50.3674,27.01551714425301,15.03,SP
14ee35374a7876217954b5fa08e50463,6,6,2,-7.833333333333333,4.0,16.666666666666668,4.333333333333333,16.666666666666668,1,134.83333333333334,13.934369977385654,19.008333333333333,SP
f35becee938e982bd615edf8ef12bcfb,6,6,5,-13.833333333333334,-7.0,0.0,4.0,33.333333333333336,2,24.765,13.513465506671483,13.036666666666669,SP
d5b9a084373da994a6e37f732169a853,7,7,5,-6.0,5.0,14.285714285714286,3.571428571428572,28.571428571428573,2,252.7142857142857,67.63804226842142,25.184285714285718,SP
916748bc99315c2d202898ae58b1617e,25,32,5,-9.6875,-3.0,0.0,4.34375,9.375,3,11.54375,6.2268895305607,11.7846875,SP
4d600e08ecbe08258c79e536c5a42fee,8,8,8,-27.857142857142858,-13.0,0.0,4.0,25.0,2,558.1675,166.7247718118525,21.015,PR
9e6967d3cf386d284251784b18ccb485,9,11,3,-6.636363636363637,7.0,9.090909090909092,3.636363636363636,27.272727272727277,3,47.06090909090909,32.747411334194176,12.475454545454545,SP
a3f0b55de503387383c7b1de3ad7f678,24,26,13,-14.5,11.0,3.8461538461538463,4.384615384615385,19.23076923076923,5,167.24615384615385,59.20333930290913,47.28230769230769,PR
4ba52dfeba874da5b9ee7b17c7494f04,11,11,11,-11.727272727272728,6.0,9.090909090909092,4.363636363636363,9.090909090909092,1,133.0,78.60025445251433,18.62818181818182,SP
3481aa57cd91f9f9d3fa1fa12d9a3bf7,25,25,7,-16.88,-6.0,0.0,3.88,32.0,8,70.9212,15.975583275736758,30.9656,SP
73a63f72308aa20a46f4b1632018f196,29,41,17,-15.285714285714286,-4.0,0.0,4.05,27.5,11,234.3121951219512,144.6927757269207,28.755853658536584,PR
4371b634e0efc0e22b09b52907d9d469,102,112,40,-10.8018018018018,13.0,6.306306306306307,4.405405405405405,15.315315315315315,17,73.16071428571429,43.12553508145466,13.257053571428573,SP
b12cfd255810394b60caef18ae163547,2,2,1,-16.0,-13.0,0.0,4.5,0.0,0,280.0,0.0,83.075,PR
06bb3a2fe5e7b7a845b13e8fb91bd944,17,18,14,-13.833333333333334,-8.0,0.0,4.611111111111111,5.555555555555555,1,85.34388888888888,28.08693586598348,18.11888888888889,MG
1430239a858e7682bbc43b20758af153,18,23,10,-10.818181818181818,-1.0,0.0,3.9565217391304346,39.130434782608695,9,28.73,9.277576584039998,11.684782608695652,SP
b1fecf4da1fa2689bccffa0121953643,19,20,8,-21.15,-8.0,0.0,4.95,0.0,0,183.482,60.4853284167674,19.854,MS
01fd077212124329bac32490e8ef80d9,31,39,12,-11.948717948717947,9.0,2.5641025641025643,4.307692307692308,15.384615384615383,6,30.97435897435897,12.293530989245353,14.752820512820511,SP
8bdd8e3fd58bafa48af76b2c5fd71974,11,11,5,-12.11111111111111,8.0,11.11111111111111,4.545454545454546,9.090909090909092,1,211.34727272727272,63.0700437752994,17.33909090909091,SP
f62d7bb4a613ec758a03342d46b580b2,32,32,2,-9.6875,12.0,9.375,4.375,15.625,5,770.78125,32.306729924074595,66.4246875,MG
38af8acfd46ac4a7bf754e8ca6736664,5,5,2,-14.2,-10.0,0.0,4.8,0.0,0,69.0,17.320508075688775,10.588,SP
6ba4733aa33f6386e9fb0c0fd3993b38,3,3,3,-11.333333333333334,-9.0,0.0,4.666666666666667,0.0,0,49.93,13.262831522717915,20.03,RS
085f6f7e049c996695fb2074fe38d45e,6,8,6,-15.25,-7.0,0.0,3.625,25.0,2,38.175,45.86843763884455,16.32,SP
b8a0adc91af209270c2c725168eb00fd,6,6,6,-13.333333333333334,-4.0,0.0,4.0,33.333333333333336,2,46.9,11.135528725660045,17.848333333333333,SP
fb3cfbc8a86f5d7fbb4d36b8df63f60d,10,15,7,-16.666666666666668,-3.0,0.0,3.1333333333333333,46.66666666666666,7,67.15333333333334,3.8033569132443783,14.517333333333331,RJ
f1ce5fdecd64935c28b9ff932751d0dc,2,2,2,-8.0,-5.0,0.0,4.5,0.0,0,79.0,0.0,11.265,SP
7238a95bb63ef7e498389fb863b834a1,15,15,6,-9.533333333333331,0.0,0.0,4.733333333333333,6.666666666666667,1,151.04666666666665,115.5600021427747,37.96066666666667,SP
05e107217c7266362fd44b75b2cd4cc4,5,8,3,-4.75,1.0,25.0,4.125,25.0,2,24.1725,28.594360457964434,10.25125,SP
6219ba2359cfb97f2e38fd4c321eb309,6,6,4,2.2,29.0,60.0,3.4,40.0,2,81.25,49.535189512103415,17.175,SP
c273175f7c6c80fb02f051e2fc6d0d72,14,14,11,-12.357142857142858,7.0,7.142857142857143,3.7857142857142856,35.714285714285715,5,84.87357142857142,46.15662876089878,18.23,SP
218f991754f360af9c2daa5e0b8e990c,14,17,4,-7.411764705882353,23.0,11.764705882352942,3.5294117647058822,29.41176470588235,5,209.07764705882352,14.45498163671082,15.601176470588236,SP
e5475dcab1e07b63d7f6e902d8f5eda8,19,19,10,-10.421052631578949,2.0,5.2631578947368425,4.105263157894737,31.57894736842105,6,115.36842105263158,240.55819589869532,13.222105263157896,SP
55dedd83e501d8248880557d9073cbfd,8,9,8,-8.666666666666666,-2.0,0.0,4.888888888888889,0.0,0,117.25555555555556,55.79547721614878,12.31,RJ
db46ca7bce82b11f7e247539271fc390,16,16,8,-13.4375,-4.0,0.0,4.5625,6.25,1,58.373125,37.11483310281753,13.493125,RJ
9cad4b68bb993ee401a3c5aaa2bc26dd,5,7,4,-9.714285714285714,15.0,14.285714285714286,3.4285714285714284,57.142857142857146,4,92.75714285714284,13.801311186847084,16.29,SP
5c6d4016c2a288f074fa0848a2b653d2,32,35,16,-10.176470588235292,8.0,8.823529411764707,4.114285714285714,20.0,7,90.25714285714284,76.23135176288453,14.69057142857143,SP
039b29ff3b3473435d0cd59040575de9,9,9,7,-10.77777777777778,-3.0,0.0,4.444444444444445,22.22222222222222,2,12.766666666666667,3.7296112397943033,11.183333333333334,SP
8476243f92442881ddd5b578975cf115,12,12,4,-7.583333333333333,8.0,8.333333333333334,4.083333333333333,25.0,3,653.1666666666666,304.1368810654874,22.919166666666666,RS
11d4c477d09821164bca4f70a2eae031,3,4,2,-12.5,-10.0,0.0,5.0,0.0,0,20.76,13.787124428248264,14.455,SP
0bfd0b434243adc5c2e1aa6baf19c6aa,6,6,6,-20.5,-11.0,0.0,3.6666666666666665,16.666666666666668,1,61.86666666666667,27.45568550713434,10.965,RJ
e9874ae10b2d60d43917b6bbfa13a599,1,1,1,-20.0,-20.0,0.0,5.0,0.0,0,199.0,0.0,23.1,PR
e4ebd3f87bf70440014f07ddda7fbe03,7,7,4,-8.285714285714286,0.0,0.0,4.571428571428571,0.0,0,95.92857142857144,29.42140458270216,16.537142857142857,SP
ff4e2d38692ce827b1a4f4b8196e680d,11,11,3,-14.090909090909092,-7.0,0.0,4.2727272727272725,27.272727272727277,3,47.17272727272727,16.896987359236018,13.661818181818182,SP
7c4402417d51474d4d0cda9557340e40,1,1,1,-28.0,-28.0,0.0,5.0,0.0,0,119.9,0.0,27.69,SP
bd43e172d599bed47a85da877172ca8c,1,1,1,-8.0,-8.0,0.0,5.0,0.0,0,23.92,0.0,18.27,SC
fcdd820084f17e9982427971e4e9d47f,16,27,5,-20.33333333333333,8.0,7.407407407407407,3.259259259259259,51.851851851851855,14,177.1848148148148,23.35572559852548,32.657407407407405,SP
670a9dda115b5a88b18cfadee8de2332,11,11,10,-17.818181818181817,-7.0,0.0,4.454545454545454,9.090909090909092,1,83.53636363636363,12.862913567871995,16.644545454545455,SP
5f5a58930c3c35f3b5af264f34fb8c85,3,4,2,-22.0,-22.0,0.0,5.0,0.0,0,174.75,71.5,22.1875,SP
b026643914f651e8371425e5b8a1e780,1,1,1,-15.0,-15.0,0.0,5.0,0.0,0,27.9,0.0,15.1,RJ
4ebdc7e6cd6102a022dadc49156d4ea8,29,33,23,-10.636363636363637,5.0,3.0303030303030303,3.787878787878788,27.272727272727277,9,28.83636363636364,9.862422945890952,11.411818181818182,SP
3969863bb8af7f72580b3b1ffd3a17b3,12,13,5,-11.538461538461538,-5.0,0.0,4.0,30.76923076923077,4,47.93461538461538,6.219893642424839,17.451538461538462,SP
bdae679a9b282249bc23b9b69dae9a99,6,12,7,-24.83333333333333,-11.0,0.0,3.5,33.333333333333336,4,55.2625,43.11485087425319,15.735833333333334,DF
28f10b1c5e5abb9d4857745bede6147c,28,28,4,-6.607142857142857,8.0,14.285714285714286,4.0,21.428571428571427,6,29.821428571428573,26.52469648854674,12.515,SP
44717f64ec2a457979cf83c429077666,2,3,2,-20.0,-12.0,0.0,5.0,0.0,0,35.666666666666664,30.59956426705017,21.30333333333333,RS
458d868c9642f55f18f04e951a3fdde6,2,2,1,-19.0,-15.0,0.0,5.0,0.0,0,1359.0,0.0,52.375,RS
244c2f1bff6afe1f2eaf9bfe9b2aed38,23,30,11,-8.466666666666667,15.0,13.333333333333334,3.7,33.333333333333336,10,95.9,14.33430897508155,46.328,SP
213fafb0ca06fb3d5886579c2565791b,3,3,3,-6.333333333333333,-2.0,0.0,2.333333333333333,66.66666666666667,2,63.23333333333333,40.72263907623539,9.053333333333333,MG
9fc70243fb26800cba56e8f014797004,6,7,2,-11.285714285714286,-5.0,0.0,4.571428571428571,14.285714285714286,1,66.65714285714286,19.582377889559883,14.957142857142856,MG
7b98de631987e26dd6d803490c43a13c,8,8,5,-12.5,-4.0,0.0,4.625,0.0,0,79.275,14.82216005079653,18.05375,PR
5d76d80a2f5f39c891b996a1bf4c9853,6,6,5,-10.5,-3.0,0.0,4.833333333333333,0.0,0,206.41666666666663,48.84507822356994,28.541666666666668,SP
8ca5b19e0263150d2c57afdde2b3d011,3,4,2,-11.5,-9.0,0.0,4.75,0.0,0,45.15,32.06633748964793,11.02,SP
ef728fa1f17436c91ed1ccd03dcf9631,3,4,4,-9.75,-6.0,0.0,4.0,50.0,2,32.175,20.86550183117259,14.53,SP
717b78b0950b51ed00b1471d858b0edc,5,5,2,-3.2,29.0,20.0,4.0,20.0,1,27.72,4.874628190949542,16.23,SP
a21c11ec5c3f03e7cc9f9203bff9e1c6,3,4,2,-14.5,-10.0,0.0,3.0,50.0,2,96.25,27.5,22.72,SP
c878515173c84a492ebe50d6b493230b,9,10,6,-13.2,10.0,20.0,4.2,20.0,2,111.884,101.14901880119471,18.92,PR
f88adb15807168d3c43d71021090ce4a,3,3,2,-15.0,-8.0,0.0,3.333333333333333,66.66666666666667,2,162.93333333333334,22.57439552531437,17.42,SP
3d01d1c414c44b5943a09619ff3853cb,5,5,2,-14.0,-10.0,0.0,3.8,40.0,2,80.52,10.330634056049028,16.468,SP
eaf6d55068dea77334e8477d3878d89e,3,3,2,-11.0,-6.0,0.0,5.0,0.0,0,17.0,0.0,11.003333333333334,SP
a0e19590a0923cdd0614ea9427713ced,2,7,1,,,,1.0,100.0,7,36.9,0.0,19.874285714285715,PR
09bad886111255c5b5030314fc7f1a4a,5,5,1,-4.4,-1.0,0.0,5.0,0.0,0,97.5,0.0,14.572,SP
412a4720f3e9431b4afa1476a1acddbe,21,22,8,-9.863636363636363,56.0,4.545454545454546,4.2727272727272725,13.636363636363637,3,93.55,75.78185955817683,23.23,SP
e82de6494d91d3c4c54450f59b227a94,3,3,2,-2.6666666666666665,21.0,33.333333333333336,5.0,0.0,0,39.63333333333333,2.8290163190291664,12.933333333333334,SP
c13ef0cfbe42f190780f621ce81f2234,1,1,1,6.0,6.0,100.0,3.0,100.0,1,390.0,0.0,61.28,SP
a254c682cc01e119f83530446f1df9a9,6,7,3,-10.285714285714286,2.0,14.285714285714286,4.142857142857143,14.285714285714286,1,81.34285714285714,20.617295097632404,34.28857142857143,SP
a2a41aedb70551d4a85aa04dc2fced48,2,2,1,-14.5,-5.0,0.0,4.0,50.0,1,26.395,3.542604973744603,13.47,SP
92c8bc6e8f925792247656fed09aad65,3,3,3,-3.5,1.0,50.0,2.333333333333333,66.66666666666667,2,86.56666666666666,36.637867477970566,13.29,SP
1099a00e0ee3a50935e6c2447ca090c5,3,3,3,-9.666666666666666,3.0,33.333333333333336,3.6666666666666665,33.333333333333336,1,283.2333333333333,28.867513459481287,20.376666666666665,RJ
db1f0f7c7e5e87f40b62226f020bb297,3,3,3,-33.0,-31.0,0.0,4.666666666666667,0.0,0,19.67,12.13385346870482,21.57333333333333,PR
3fac58ce0ad699020c7944d53c41329c,10,16,13,-6.9375,0.0,0.0,4.5625,6.25,1,77.809375,62.07348295568728,11.43875,SP
b9ec22de23f18567de0e09d776ca0309,2,2,2,-27.5,-21.0,0.0,5.0,0.0,0,170.99,41.01219330881976,20.245,DF
64cc804291f90c81f02bfc2bb58ff55a,2,2,2,-8.5,-5.0,0.0,5.0,0.0,0,258.8,268.5591554946507,23.27,PR
cbbd5ae8f53de5f5097cd8217b529e24,2,2,1,-18.0,-18.0,0.0,2.5,50.0,1,175.9,0.0,35.225,SP
e4f121bf6ef8b9a1d4d3e65dd0473fab,2,2,2,-2.5,13.0,50.0,3.0,50.0,1,35.0,7.071067811865476,18.23,SP
f524ad65d7e0f1daab730ef2d2e86196,1,2,1,3.0,3.0,100.0,1.0,100.0,2,289.0,0.0,15.75,RS
f356c348fbc8df6a882823e21f5ce8b7,2,2,1,-24.0,-8.0,0.0,2.5,50.0,1,97.59,0.0,15.235,RS
f1198c871e0171278b63f40d112caeec,2,2,2,-7.5,-4.0,0.0,4.5,0.0,0,237.9,16.97056274847714,41.135,SP
160851d3ece7aa1a510f8d1a4bb8a8af,2,2,2,-13.0,-7.0,0.0,5.0,0.0,0,51.025,5.833630944789017,19.55,SP
37303482a42fb700d8d127e70a9cd6c8,2,2,2,-15.0,-15.0,0.0,3.0,50.0,1,74.445,21.983949827089763,11.245,SP
4049512728d969bec69f84088b012416,7,9,7,-17.77777777777778,-14.0,0.0,5.0,0.0,0,43.31555555555556,26.6753510338248,17.825555555555557,MG
7c4adcc13272c0e26fa23aac642adb7b,2,2,2,-6.5,4.0,50.0,3.0,50.0,1,67.5,60.10407640085654,15.315,RJ
9da1ca0bef29ee170e541927a5aeabdc,6,6,2,-6.5,12.0,16.666666666666668,3.0,66.66666666666667,4,247.4,90.3742219883524,21.27166666666667,SP
a247197e2e9c19a6a53a6888cb8b660f,2,2,1,,,,1.0,100.0,2,399.0,0.0,71.535,SP
d3e7d37c0df9aef383f3f2a15b0dddfb,1,1,1,-24.0,-24.0,0.0,5.0,0.0,0,161.0,0.0,40.34,PR
979e9f8b5b39dd243a2550c8b05aecf0,3,4,2,-13.5,-9.0,0.0,5.0,0.0,0,131.25,99.61383772682724,11.72,SP
c1dde11f12d05c478f5de2d7319ad3b2,1,1,1,-9.0,-9.0,0.0,1.0,100.0,1,12.5,0.0,7.39,SP
a9ae440659f48b7849df83e82734150b,1,1,1,-32.0,-32.0,0.0,5.0,0.0,0,285.0,0.0,27.02,SP
e4fc40017a6d22c46a14ac2e17f87c3e,3,3,2,-13.0,-13.0,0.0,2.333333333333333,66.66666666666667,2,129.0,0.0,91.68333333333334,PR
154bdf805377afea75a3bd158e9eab10,1,1,1,2.0,2.0,100.0,1.0,100.0,1,89.9,0.0,19.82,SP
d2df77822373f19934e87694d8640767,2,2,2,-16.5,-8.0,0.0,3.0,50.0,1,77.95,29.76919548795365,20.25,PR
c611f4ce9ce875bcc063fa97fd4d7d12,1,1,1,1.0,1.0,100.0,4.0,0.0,0,319.0,0.0,13.25,SP
69b5eaa096c3f9d1e5c398c597f567d6,2,2,1,-6.0,-6.0,0.0,5.0,0.0,0,469.0,0.0,24.51,SP
c6381b1321d7d97717a5bb4ed5b77882,2,3,3,-8.0,-2.0,0.0,3.6666666666666665,33.333333333333336,1,22.0,10.392304845413264,11.336666666666666,SP
52454f90d4c30c016768db02f88c1a74,3,5,4,-7.4,-1.0,0.0,3.6,40.0,2,16.1,6.340346993658943,13.434,SP
9cea4682e16655f7da87f406902e989e,4,9,2,-22.33333333333333,-14.0,0.0,2.333333333333333,66.66666666666667,6,9.751111111111111,10.018272611139665,14.60777777777778,PR
83353a83fd769dfafa4f21a72b15e3e5,5,5,5,-8.8,14.0,20.0,3.8,40.0,2,115.9,58.9915248150105,18.966,SP
8c351ed7c326c62123318f4f3246e906,2,2,1,-14.5,-13.0,0.0,5.0,0.0,0,57.45,3.4648232278140827,17.88,SP
16bdc8cefd0e32a6f0824d296c5ad14a,1,1,1,-12.0,-12.0,0.0,5.0,0.0,0,41.76,0.0,19.32,SP
2c54051840f19eca309a5423cf22df36,2,2,2,-14.5,-7.0,0.0,4.5,0.0,0,11.85,0.7071067811865476,14.285,PR
a72f15980dc3e9bfd1a49ac9b2f3af65,1,1,1,-14.0,-14.0,0.0,4.0,0.0,0,89.9,0.0,18.73,SP
fa7ad8ae9bcb2c4493fdf38e96b1d74f,1,2,1,,,,1.0,100.0,2,44.0,0.0,11.85,SP
31e60bf8d103ce47932a85f5562deb16,1,1,1,-20.0,-20.0,0.0,5.0,0.0,0,181.0,0.0,58.04,GO
eb72802c83dc7547529c9546d1a9b8ef,8,8,7,-11.5,-4.0,0.0,4.625,12.5,1,132.99,76.38436638849228,14.71375,SP
92992bec39dde5766f590d3b1f46d465,1,1,1,,,,1.0,100.0,1,109.0,0.0,12.67,SP
bc30de0d71bd6260b936a026b5cf7200,3,3,2,-20.33333333333333,-17.0,0.0,4.666666666666667,0.0,0,130.79,55.49490787450683,30.16,SP
1c742ac33582852aaf3bcfbf5893abcf,1,1,1,-20.0,-20.0,0.0,5.0,0.0,0,97.9,0.0,15.79,MG
333c4210e76a1aa2ab817b99437e3ff1,2,2,2,-23.5,-14.0,0.0,5.0,0.0,0,167.5,184.5548698896889,33.715,SP
9200e6ce317b67196b6b0bad4d4bd567,1,1,1,-8.0,-8.0,0.0,3.0,100.0,1,36.9,0.0,14.52,RJ
24c1de8d9551c0b4fbc53317d53efda8,1,1,1,-23.0,-23.0,0.0,5.0,0.0,0,355.0,0.0,57.12,PB
2c00c85d30361cd2ced2969cffbbffa3,1,1,1,-8.0,-8.0,0.0,5.0,0.0,0,49.8,0.0,7.71,MG
deaadd805612bf94faaa9fa702516e11,1,1,1,,,,1.0,100.0,1,50.0,0.0,15.11,SP
8501d82f68d23148b6d78bb7c4a42037,1,1,1,,,,1.0,100.0,1,19.7,0.0,10.96,SC
9140ef75cc8211c4035935e80e567204,1,1,1,-14.0,-14.0,0.0,5.0,0.0,0,49.9,0.0,22.28,PR
544863df86ed3b78a04e0820d41430ee,1,1,1,-18.0,-18.0,0.0,5.0,0.0,0,23.9,0.0,15.27,ES
5dc4bdaf869e8c77c648078cbe8d59c2,1,1,1,,,,1.0,100.0,1,292.99,0.0,34.5,SC
ebe3dabc4955c9b0d695e7bda38bf5c3,1,1,1,4.0,4.0,100.0,3.0,100.0,1,55.0,0.0,11.89,SP
47f55702f598c7c6cc8458b0fbc1c49a,2,2,2,-11.0,-11.0,0.0,5.0,0.0,0,63.75,15.90990257669732,17.95,MG
be7a093e5b4d147b36b72bb1f9e415e5,1,1,1,-22.0,-22.0,0.0,5.0,0.0,0,60.9,0.0,22.36,PR
1fddcb7b326905d3ad5efe82187db347,1,1,1,,,,1.0,100.0,1,92.0,0.0,13.22,SP
e5545d4d4473876ea78c5bcebca365c3,1,1,1,-16.0,-16.0,0.0,5.0,0.0,0,44.5,0.0,12.97,SP
62d977e2b2aee830de3e039a28490d12,2,2,1,,,,1.0,100.0,2,199.9,0.0,16.16,PR
d7f1cfc638473be93baedbfd02208016,1,1,1,-10.0,-10.0,0.0,5.0,0.0,0,30.0,0.0,17.14,RJ
7d81e74a4755b552267cd5e081563028,1,1,1,-6.0,-6.0,0.0,4.0,0.0,0,32.5,0.0,7.49,SP
4f40d2ed38d1cc945364a7cd202a82c7,1,1,1,,,,1.0,100.0,1,319.9,0.0,16.99,SP
f09e26011d833ddab11593c1a097a92a,1,1,1,,,,1.0,100.0,1,79.9,0.0,22.19,SP
dd7ddc04e1b6c2c614352b383efe2d36,122,143,41,-8.077464788732394,24.0,11.267605633802816,3.76056338028169,31.690140845070424,45,64.18538461538462,56.96238976344213,20.234195804195803,SP
a416b6a846a11724393025641d4edd5e,162,181,113,-10.545454545454543,17.0,10.795454545454543,4.1602209944751385,23.204419889502763,42,141.82718232044198,126.9181537199594,16.573480662983425,SP
5656537e588803a555b8eb41f07a944b,174,189,72,-11.983870967741936,25.0,5.913978494623656,3.804232804232804,29.62962962962963,56,42.78740740740741,38.76572658424466,17.95671957671958,DF
3340ef1913fb70d28420f6ceb685c339,32,42,15,-11.166666666666666,132.0,2.380952380952381,4.333333333333333,16.666666666666668,7,160.2654761904762,58.472021960992045,17.866666666666667,PR
7008613ea464bad5cb9b83456e1e6a8f,127,156,19,-14.151315789473683,13.0,3.947368421052632,4.27741935483871,16.129032258064516,25,49.8525641025641,26.89466537514504,19.763141025641023,SC
23d7c96d4a1160db1c726b248601b25a,53,56,40,-10.754716981132075,6.0,9.433962264150944,3.811320754716981,32.075471698113205,17,213.87214285714285,171.78760855634056,24.943035714285717,SP
850f4f8af5ea87287ac68de36e29107f,187,192,42,-14.785340314136125,14.0,4.712041884816754,4.287234042553192,17.02127659574468,32,236.22583333333333,254.50017801520912,16.22088541666667,SP
bf0d50a6410d487dc97d2baac0a8c0be,1,1,1,,,,2.0,100.0,1,27.9,0.0,9.26,SP
56642bcb79900e777d68e91915cb4267,48,56,8,-10.928571428571429,17.0,16.071428571428573,3.767857142857143,32.142857142857146,18,65.315,40.13776788648182,14.538392857142858,SP
1c56ffe0e9dea2657fc6e95b53f40b13,3,3,2,-9.333333333333334,-3.0,0.0,4.333333333333333,33.333333333333336,1,61.0,3.4641016151377544,28.13,SP
47efca563408aae19bb7206c2d969ea9,12,12,5,-15.0,-1.0,0.0,4.083333333333333,16.666666666666668,2,210.16666666666663,107.0622871665524,36.943333333333335,PI
c03121937e54a93fcc1825c3098bbb6e,7,7,1,-16.428571428571427,-11.0,0.0,5.0,0.0,0,149.0,0.0,22.134285714285717,PR
e06f09ec0a4aca210779cf1cfc63cf19,29,33,25,-16.818181818181817,13.0,6.0606060606060606,4.03030303030303,30.303030303030305,10,176.76939393939395,181.47400512779015,19.828181818181815,SP
b32be1695eb7ec5f10f72d9610a12527,45,46,14,-13.77777777777778,1.0,4.444444444444445,4.088888888888889,20.0,9,584.2173913043479,414.1807932154738,64.28304347826086,RS
0d83f8e03188682112cc0d93523705cc,4,8,2,-0.5,20.0,50.0,2.75,50.0,4,87.0325,6.174166803244444,15.53875,RS
b74d1c09cb380e1d03a6f859c6f4224b,31,39,11,-11.763157894736842,5.0,15.789473684210526,4.205128205128205,17.94871794871795,7,56.96410256410256,54.53398600959284,21.32307692307692,RJ
da8622b14eb17ae2831f4ac5b9dab84a,1314,1574,222,-11.314449395289625,96.0,6.365372374283895,4.071428571428571,23.53316326530612,369,103.38206480304956,68.70485939422173,16.09856416772554,SP
6e864f5c4669eff3d98140a07cc50202,13,13,5,-11.461538461538462,2.0,7.6923076923076925,4.461538461538462,7.6923076923076925,1,56.96846153846154,52.44517960787783,14.75153846153846,SP
3c03b12bab54d8b37d79d914bfdb1aa0,37,43,12,-8.813953488372093,31.0,16.27906976744186,3.880952380952381,26.19047619047619,11,98.51953488372094,98.76801118333734,15.893720930232558,RJ
d1582f4043306e6b91afa6a8a884f898,9,9,1,-14.444444444444445,10.0,11.11111111111111,4.111111111111111,22.22222222222222,2,110.0,0.0,14.657777777777778,SP
6f892e20a171e98efe17fdb971ff319b,44,53,5,-10.14,22.0,8.0,3.730769230769231,26.923076923076923,14,121.48490566037736,69.0260357686376,17.059622641509435,SP
1bb2bdb95f4841f1bba2c0d2cd83d3c9,81,86,23,-13.38095238095238,13.0,5.9523809523809526,4.588235294117647,8.235294117647058,7,58.46139534883721,82.9013839686193,13.507674418604651,SP
8160255418d5aaa7dbdc9f4c64ebda44,385,434,57,-7.60655737704918,126.0,14.988290398126464,3.839160839160839,27.972027972027973,120,108.98016129032258,32.63733000929439,18.20877880184332,SP
f46490624488d3ff7ce78613913a7711,83,91,35,-9.160919540229886,18.0,10.344827586206897,3.4615384615384617,39.56043956043956,36,63.76758241758242,55.75032484889232,19.206813186813186,SP
04aba03279157f6d4e0fe8ccaf21963c,16,16,12,-13.933333333333334,22.0,6.666666666666667,4.3125,12.5,2,160.99375,57.09886710785075,21.651875,RJ
1127b7f2594683f2510f1c2c834a486b,114,133,74,-10.65891472868217,9.0,5.426356589147287,4.097744360902255,22.55639097744361,30,51.769398496240605,60.35260490925327,13.767293233082707,SP
f7ba60f8c3f99e7ee4042fdef03b70c4,219,232,9,-9.181818181818182,52.0,12.987012987012989,4.211206896551724,18.103448275862068,42,296.4655172413793,110.32686038227148,18.86206896551724,SP
80e6699fe29150b372a0c8a1ebf7dcc8,98,100,32,-16.20408163265306,23.0,3.061224489795918,4.292929292929293,14.141414141414142,14,114.4156,68.06635644306476,27.1334,PR
54065e9aef7e9e9c2dc23b7594db021a,14,14,12,-22.75,-14.0,0.0,3.857142857142857,28.571428571428573,4,571.6428571428571,416.4580701293039,20.03071428571429,RJ
710e3548e02bc1d2831dfc4f1b5b14d4,136,142,33,-21.98540145985401,15.0,3.6496350364963503,3.397163120567376,40.42553191489362,57,168.8669718309859,128.48495314386886,27.29549295774648,PR
52562a9f449c3dc3d53f5f5b9ed74903,14,14,4,-18.428571428571427,-2.0,0.0,4.785714285714286,0.0,0,233.32857142857145,238.2741518263604,31.717142857142857,RN
b01c2b7b8599b325103ebcddc67413e1,4,4,1,-10.25,-7.0,0.0,4.75,0.0,0,42.3625,1.075,18.1675,RS
1b8356dabde1d35e17cef975c3f82730,56,61,14,-14.283333333333331,15.0,1.6666666666666667,4.081967213114754,26.229508196721312,16,56.17032786885246,22.0624176649805,16.18393442622951,SP
e439f7176d763f92de325271111b2fd5,7,7,4,-9.166666666666666,-4.0,0.0,5.0,0.0,0,192.62857142857143,163.3230920015672,33.66,SC
116ccb1a1604bc88e4d234a8c23f33de,61,73,27,-10.808219178082192,1.0,2.73972602739726,4.602739726027397,10.95890410958904,8,27.464246575342464,32.38186554907478,12.923835616438357,SP
58f1a6197ed863543e0136bdedb3fce2,44,45,11,-15.348837209302326,12.0,2.3255813953488373,4.155555555555556,22.22222222222222,10,151.84444444444443,50.017249549782846,23.793111111111116,MG
5058e8c1e82653974541e83690655b4a,63,78,31,-16.363636363636363,41.0,10.38961038961039,3.0789473684210527,56.578947368421055,43,128.49769230769232,59.45392857647696,39.16807692307693,SP
febab0275244b9a49a623f0bd613ca2f,109,129,45,-11.753968253968257,7.0,3.1746031746031744,4.263565891472868,17.05426356589147,22,56.3753488372093,40.04903697434776,23.385658914728683,SP
6973a06f484aacf400ece213dbf3d946,95,117,13,-7.309090909090909,15.0,15.454545454545457,3.5258620689655173,42.241379310344826,49,95.6019658119658,34.25793334345109,11.917008547008548,SP
729f06993dac8e860d4f02d7088ca48a,96,115,17,-11.212389380530974,32.0,7.964601769911504,4.289473684210527,19.29824561403509,22,178.13113043478262,155.71493107917303,43.43104347826087,SP
701938c450705b8ae65fc923b70f35c7,75,112,9,-11.675675675675675,28.0,3.603603603603604,3.765765765765766,32.432432432432435,36,106.99357142857144,4.843010726371861,34.0075,SP
671585f5a2af58b6e276bc01003c0d2b,27,27,5,-13.962962962962964,-1.0,0.0,4.703703703703703,3.703703703703704,1,46.07407407407408,18.851496422802025,16.596666666666668,PR
e9c6969d40e6a3d2d0f90013165c2b98,10,10,8,-18.3,-10.0,0.0,4.4,10.0,1,523.998,339.8687492024597,24.2,SP
cee48807215b30a12ca2ca10ffb5f250,39,40,27,-13.125,26.0,12.5,3.7,35.0,14,180.30575,146.99404439160983,22.83225,SP
30a2f535bb48308f991d0b9ad4a8c4bb,71,88,20,-12.909090909090908,7.0,3.409090909090909,4.261363636363637,19.318181818181817,17,54.33181818181818,8.657991397952642,12.42215909090909,SP
8a130737016f838139d31878787a39c9,56,62,7,-10.709677419354838,8.0,6.451612903225806,4.354838709677419,12.903225806451612,8,68.09725806451613,22.54113268782968,13.585322580645162,SP
dd55f1bb788714a40e7954c3be6df745,35,37,10,-9.486486486486486,31.0,16.216216216216218,3.810810810810811,35.13513513513514,13,190.31783783783783,116.47117986712266,17.82216216216216,SP
5ca5d579b5857ee8709479b1047cecc3,2,2,2,5.0,5.0,100.0,1.0,100.0,2,169.945,0.0636396103067892,11.995,SP
744dac408745240a2c2528fb1b6028f3,79,84,75,-16.83132530120482,4.0,1.2048192771084338,4.547619047619048,10.714285714285714,9,267.7452380952381,165.48076756796357,22.552619047619046,PR
278b6e0b20c4f61fefaa0577943d7a35,1,2,1,,,,1.0,100.0,2,539.0,0.0,37.31,SC
c0563dd588b775f2e37747ef6ad6c92c,28,28,8,-9.107142857142858,9.0,10.714285714285714,4.357142857142857,14.285714285714286,4,132.04285714285714,12.868895275370985,14.195714285714285,SP
093805f8f2aeb63881444571e1f48f30,22,27,18,-10.77777777777778,7.0,3.703703703703704,3.814814814814815,33.333333333333336,9,45.02925925925926,20.19472987724309,12.738518518518518,SP
5b8154610ebb21fb90eb587365e673df,38,41,17,-9.25,17.0,15.0,4.195121951219512,17.073170731707318,7,229.20829268292684,154.60283752089478,26.2790243902439,SP
7f2617c58d5d06806987308b45654351,22,23,2,-9.391304347826088,4.0,8.695652173913043,3.869565217391304,30.43478260869565,7,158.9913043478261,20.93042398570425,14.194347826086956,SP
b2eecf5ea250510da76590ca79d60e5d,9,11,5,-13.0,-7.0,0.0,5.0,0.0,0,96.36363636363636,177.25815790945856,13.922727272727272,SP
eb3071b9f0b0ddaa2df5ea130f09f26b,9,11,2,-13.181818181818182,2.0,9.090909090909092,4.636363636363637,0.0,0,566.3636363636364,119.35432353063104,52.85636363636364,SP
45d33f715e24d15a6ccf5c17b3a23e3c,59,61,32,-11.982758620689657,31.0,5.172413793103448,4.049180327868853,29.508196721311474,18,79.31524590163934,65.84231391758539,14.818524590163934,SP
08633c14ef2db992c11f840f04fad4cd,74,97,16,-11.845360824742269,16.0,5.154639175257732,4.237113402061856,16.49484536082474,16,78.80721649484536,38.339514666721136,14.685773195876289,SP
2379bdc3888025689a9deb7b141507d5,9,9,8,-5.777777777777778,31.0,22.22222222222222,4.333333333333333,11.11111111111111,1,111.05555555555556,106.4137104783861,14.012222222222222,SP
2b3e4a2a3ea8e01938cabda2a3e5cc79,52,54,13,-11.962962962962964,-1.0,0.0,4.388888888888889,14.814814814814817,8,437.5768518518519,461.5581204957427,16.776851851851852,SP
3f3486b61f45078d4f31ee5e43d8c5bb,40,40,12,-10.333333333333334,19.0,10.256410256410255,4.325,15.0,6,95.74325,55.6787292805329,22.421,SP
ff69aa92bb6b1bf9b8b7a51c2ed9cf8b,20,20,13,-9.1,17.0,20.0,3.65,35.0,7,1097.04,392.3002869714662,87.72,SP
5275ca25d0358ca73864e0ae41be1320,4,4,3,-3.25,0.0,0.0,4.75,0.0,0,102.4,4.041451884327381,17.305,SP
9add47bf45ce8e8c7db6b9cf670b1e09,43,45,12,-13.604651162790695,7.0,2.3255813953488373,4.204545454545454,18.181818181818183,8,107.31644444444444,41.23253526456303,25.734222222222225,PR
d6ab728cf30867cf3f1a2e216ae2f9b7,12,14,13,-8.785714285714286,-1.0,0.0,4.428571428571429,7.142857142857143,1,143.0,201.348530586222,16.55857142857143,SP
a36ac007a4d18f865c8d32c3b2402c2d,9,9,3,-23.125,-4.0,0.0,2.555555555555556,66.66666666666667,6,151.08666666666667,78.7675320166882,19.68777777777778,SP
5cbbd5a299cab112b7bf23862255e43e,36,38,22,-13.447368421052632,-3.0,0.0,4.315789473684211,21.05263157894737,8,71.73842105263158,58.20397211885558,17.346052631578946,PR
9d5604a1f112324ad6b2aa552122e0fb,13,17,3,-14.176470588235292,-4.0,0.0,3.647058823529412,29.41176470588235,5,24.794117647058822,14.126724257070148,20.028235294117646,SP
0b18d63d0cd1d723567903fd34a07df2,9,14,9,-15.714285714285714,-11.0,0.0,4.785714285714286,0.0,0,119.86714285714284,109.57762035888751,18.992142857142856,SP
365e445f796710c3431557e85caa25db,4,5,4,-15.6,-6.0,0.0,4.4,0.0,0,223.0,93.4103848616416,15.86,SP
3092c0b297aacfb4bb6e056ebe13b9b8,19,21,17,-26.94117647058824,-7.0,0.0,3.571428571428572,47.61904761904762,10,77.32857142857142,61.53013199122153,17.147142857142857,SP
abe42c5d03695b4257b5c6cbf4e6784e,50,50,37,-9.346938775510203,30.0,16.3265306122449,3.918367346938776,28.571428571428573,14,343.18,102.03194577770078,19.9846,RJ
1e47defeeadeca0e9a18fa5a9311e735,3,3,3,-12.333333333333334,-10.0,0.0,5.0,0.0,0,78.04,32.493273149992135,19.166666666666668,SP
3bb32fedaa74e4ad20f4ce067733bd31,2,3,2,-10.333333333333334,-9.0,0.0,4.666666666666667,0.0,0,34.56666666666667,18.475208614068023,19.62,SC
ea6b12bf9ffe2bac34602ec631d97a47,11,11,8,-17.666666666666668,-9.0,0.0,4.090909090909091,18.181818181818183,2,238.7090909090909,403.9170792490594,18.683636363636364,SP
1976a05ecf2996d6ffb7b5430e635fe7,8,9,4,-8.11111111111111,8.0,22.22222222222222,4.0,22.22222222222222,2,199.57777777777775,192.48427064164085,43.82888888888889,SP
1b8b75e227c9a9c100d0c210fb6176ce,19,19,15,-19.6,4.0,6.666666666666667,3.3684210526315788,42.10526315789474,8,100.78052631578949,37.90597028227791,14.777894736842104,SP
cc3d14116804f7209f3884f6367f1152,27,30,4,-17.3,0.0,0.0,4.666666666666667,3.333333333333333,1,182.59333333333333,59.08855384422857,19.42633333333333,PR
253f95b3a0e6983ae18aed49fbc2b845,5,5,2,-14.0,-5.0,0.0,4.4,20.0,1,159.9,91.16742839413646,18.288,SP
240b9776d844d37535668549a396af32,36,36,11,-11.257142857142858,16.0,2.857142857142857,4.277777777777778,16.666666666666668,6,377.5577777777778,318.7445709127439,23.904722222222222,RJ
bc302730ea8cf49b5c74f579febb5bbf,11,11,9,-10.090909090909092,1.0,9.090909090909092,3.8181818181818175,36.36363636363637,4,240.0818181818182,331.3819680313997,26.297272727272727,SP
e70053bf73d1b5863932e53a9fa47496,7,7,7,-9.857142857142858,-3.0,0.0,4.285714285714286,14.285714285714286,1,575.0,309.6433432192593,19.082857142857144,SP
657969cca82e884d272385ec0ef06edd,3,3,3,-24.33333333333333,-16.0,0.0,4.666666666666667,0.0,0,46.56666666666667,20.207259421636905,17.286666666666665,RS
d93844a9c55ba7ce353388bcf849ea56,12,14,12,-9.5,0.0,0.0,4.214285714285714,28.571428571428573,4,193.4642857142857,68.32059726750792,37.21571428571429,PR
e51f22821f0c12a16ad5c020cdcd55e9,4,4,4,-16.25,-11.0,0.0,4.75,0.0,0,224.6775,134.74988197273743,24.5325,SP
5b07547f10dd980738a1a27f685af669,13,14,3,-5.714285714285714,2.0,14.285714285714286,4.5,7.142857142857143,1,81.04285714285714,30.83970253986333,13.247857142857145,SP
7ecd59e5e20407131822c1a68ac59c1f,24,29,5,-11.827586206896552,11.0,10.344827586206897,4.482758620689655,10.344827586206897,3,50.57620689655173,7.971006574630827,20.269310344827588,DF
c60b801f2d52c7f7f91de00870882a75,41,41,18,-10.666666666666666,26.0,15.384615384615383,3.317073170731707,43.90243902439025,18,314.9634146341463,300.54406478592915,18.03390243902439,SP
1660ad786c27fd935378b6192a90b417,12,13,9,-10.692307692307692,2.0,7.6923076923076925,4.615384615384615,7.6923076923076925,1,120.76923076923076,17.541160386140586,19.09846153846154,SP
83a75eea11694e36e56dd0cb2240229a,3,3,1,-14.666666666666666,-13.0,0.0,5.0,0.0,0,162.33333333333334,15.275252316519468,14.156666666666666,SP
1eade46fba20122dc4aefb379f8c636b,58,75,8,-7.52,20.0,12.0,4.306666666666667,16.0,12,48.4716,37.1015228448295,13.844533333333333,SP
62760d278921b5f352461620d68a9cee,3,3,2,-14.333333333333334,2.0,33.333333333333336,3.6666666666666665,33.333333333333336,1,132.33333333333334,57.735026918962575,17.7,SP
bdb3edbaee43a761e2d4f258dc08f348,5,5,3,-10.8,7.0,20.0,3.8,20.0,1,51.9,34.74910070778811,13.772,SP
de9727ca376d1be6ec121b110aa7954c,10,12,4,-19.09090909090909,2.0,9.090909090909092,3.75,33.333333333333336,4,88.225,47.63816508564612,17.615833333333335,PR
72c38a04bd6a1c3dbc5298425a0db86d,4,5,4,-22.0,-14.0,0.0,3.8,20.0,1,129.46,115.58820441550252,22.67,PR
c353f8fc0ce8344999f17d578eb69a5e,2,2,1,-33.5,-32.0,0.0,5.0,0.0,0,87.99,0.0,18.295,RS
3586b8580d9c917874e053a1bb37b5ff,36,43,5,-17.0,20.0,4.651162790697675,4.441860465116279,13.953488372093023,6,35.45813953488372,7.506512491802718,19.24767441860465,SP
76833248bbc0e65a0293ec62023e4396,2,2,2,-6.5,-6.0,0.0,5.0,0.0,0,1199.99,707.1067811865476,115.35,SP
debe6615cd90cc0c2eac2b8988e1f628,5,5,3,-14.0,-4.0,0.0,4.6,0.0,0,55.7,22.675978479439426,19.106,SP
17306570e772e7718c92a562d33f5f1d,29,32,21,-10.0,9.0,6.666666666666667,3.625,40.625,13,302.18125,168.599015489989,29.0884375,SP
7994081388d55b9cf976c050653dd359,2,6,2,-20.0,-20.0,0.0,1.6666666666666667,83.33333333333333,5,170.0,24.49489742783178,14.941666666666666,SP
5e49e3a44bdeb5aab2684258bbd4f525,3,3,2,-10.666666666666666,4.0,33.333333333333336,4.666666666666667,0.0,0,169.0,0.0,17.59,SC
f326006815956455b2859abd58fe7e39,9,30,6,-9.966666666666669,-5.0,0.0,4.7,0.0,0,104.90533333333332,105.57632204936516,22.200666666666667,SP
b5abf4f36adc043117b4fca82c22984c,11,12,8,-2.0,16.0,33.333333333333336,2.4166666666666665,66.66666666666667,8,103.98333333333332,76.14156472510845,23.66583333333333,DF
a1040efe9ff4a6f93c28b0499eada8f5,1,1,1,-15.0,-15.0,0.0,5.0,0.0,0,1658.83,0.0,34.48,SP
117cfc326c6d50da67ca858ff5c0c852,5,5,2,-9.2,-2.0,0.0,4.6,0.0,0,90.92,8.899550550449163,16.296,RJ
f626e15b7314c267e4429010866f70e9,5,7,3,-16.571428571428573,-13.0,0.0,4.142857142857143,14.285714285714286,1,27.65,8.418729120241368,17.924285714285713,SP
ead2bab70821ea148476ae9bc08548ac,9,10,4,-19.7,-10.0,0.0,4.3,30.0,3,48.2,24.47697330599153,13.278,MG
1d2732ef8321502ee8488e8bed1ab8cd,4,5,4,-6.8,7.0,20.0,3.2,40.0,2,229.6,178.8974566616306,16.036,RJ
7b3447b497e55af8c15fc7bd89d7b81a,1,1,1,-13.0,-13.0,0.0,5.0,0.0,0,49.9,0.0,20.75,SP
4d232b78ab7ef10393dc3807d827bc0d,5,5,2,-12.6,-7.0,0.0,4.4,0.0,0,295.0,58.137767414994535,42.998,MG
2d42ebcda99fd55f6f4bc2f1ca035d50,10,11,3,-14.545454545454543,-4.0,0.0,4.0,18.181818181818183,2,83.77272727272727,16.210125903834978,25.67909090909091,GO
ff314fa6033cc68ec451c47aee2d6ba4,2,2,2,-20.5,-13.0,0.0,5.0,0.0,0,268.95,15.48563850798539,16.22,SP
a1bea7061f61f6fdd9a85a6325ba1033,9,9,8,-6.111111111111111,3.0,11.11111111111111,4.444444444444445,22.22222222222222,2,90.10555555555555,90.8520654843784,11.103333333333332,SP
d2f3e277560ed4c6361284429b00f037,7,7,7,-16.0,-11.0,0.0,4.714285714285714,0.0,0,45.79285714285714,34.095190625798296,19.158571428571427,SP
3bfba5a77604f6dfae7e6dd7aaf65821,4,4,4,-8.75,-3.0,0.0,5.0,0.0,0,523.875,571.7363050393075,30.6725,PR
2bf28e311bba65237358230cabac3f15,7,8,6,-10.25,2.0,25.0,3.875,25.0,2,36.75,5.365231988061121,22.985,PR
e627629ba868740e287800f1a9be81c2,13,13,13,-11.454545454545457,-2.0,0.0,4.461538461538462,15.384615384615383,2,38.80769230769231,25.834197669576834,10.696153846153846,SP
69a43819c758c65a5befb0b471c954d7,2,3,3,-24.33333333333333,-23.0,0.0,4.0,0.0,0,99.95,0.0,33.63666666666666,PR
b90e891671cffd9557f33a97dc523645,34,39,13,-16.256410256410255,-1.0,0.0,4.128205128205129,25.64102564102564,10,114.07692307692308,51.72263304618945,16.213076923076922,PR
35ef5aa32949680f627efec3c23e705c,4,5,3,-17.2,-14.0,0.0,3.2,40.0,2,72.32,93.33344523802816,31.362,SC
1284de4ae8aa26997e748c851557cf0e,3,3,3,-9.0,-6.0,0.0,2.6666666666666665,66.66666666666667,2,486.6566666666667,229.4195574342635,28.956666666666667,SP
9198786624eaeb375793215cad26cfa6,9,10,6,-19.0,-6.0,0.0,3.9,30.0,3,90.83,40.784775209493176,21.007,SC
fe1bbc5feda5c8979a8a1b3b2512d5a6,9,10,7,-13.8,3.0,10.0,3.8,40.0,4,72.472,41.96667058512028,13.753,MG
e503f22be6a4f456d9851920a5d9c670,2,2,2,-12.5,-3.0,0.0,4.0,0.0,0,99.45,55.93214639185591,16.22,SP
3f2af2670e104d1bcb54022274daeac5,6,7,5,-19.571428571428573,6.0,14.285714285714286,3.571428571428572,28.571428571428573,2,139.0857142857143,73.68490185855418,51.511428571428574,PR
a90a5da8b09e44264a177c0374a5ac87,3,3,2,-17.0,-14.0,0.0,4.333333333333333,33.333333333333336,1,24.9,13.228756555322953,24.2,PR
f650a9708fa1bab22bdd8d3a818cc415,5,5,4,-21.25,-17.0,0.0,3.4,40.0,2,101.55,16.57420284659265,17.366,SC
9cf787a239c1aa29dbd76f153dc13f9a,4,4,2,-17.5,-4.0,0.0,4.75,0.0,0,79.0,0.0,13.1,SP
968268a686aa05d1f529fb07dff08130,12,12,4,-11.833333333333334,-1.0,0.0,3.5,41.66666666666666,5,389.7741666666666,255.96269225517057,16.9625,SP
e433f5fd4050e3352b5d83522b7fe24b,1,1,1,-7.0,-7.0,0.0,4.0,0.0,0,548.06,0.0,48.71,PR
fedf2c1386e137f296b3bbf3b635e69d,2,5,2,-19.8,-12.0,0.0,3.2,60.0,3,26.348,12.23064470909036,15.832,SP
df683dfda87bf71ac3fc63063fba369d,1,1,1,167.0,167.0,100.0,1.0,100.0,1,39.9,0.0,16.05,RS
02b72cdeb9cfcc429f1af6f4e3f3b737,4,4,3,-9.0,-6.0,0.0,4.75,0.0,0,130.6625,3.2257751006541047,56.4975,SP
f25e239052084705e17a982bc600ab2a,8,8,8,-12.25,-4.0,0.0,4.25,12.5,1,922.5,1017.3808108499562,50.685,SP
c79151301b9d90985d1fa52879213105,4,8,3,-21.285714285714285,-14.0,0.0,4.375,12.5,1,40.2875,6.039261425988162,16.35125,PR
e601b04acf48b4576e73ddca9481f0dc,15,16,11,-16.375,-1.0,0.0,3.875,25.0,4,30.74625,17.87924378527608,13.1875,SP
c13fb473e7cb8b83ccd543c094df0608,2,2,2,-20.5,-1.0,0.0,3.5,50.0,1,27.4,10.606601717798211,14.36,SP
f235413f677777a0738ff215d0184901,3,3,2,-33.0,-32.0,0.0,3.6666666666666665,33.333333333333336,1,565.5666666666667,52.694759068937145,30.546666666666667,SP
166e8f1381e09651983c38b1f6f91c11,2,2,1,-8.5,-8.0,0.0,5.0,0.0,0,39.4,0.7071067811865476,15.1,SC
9dd59e43f0c9f0553244e8f9c2fb247e,10,10,8,-13.7,2.0,10.0,4.8,10.0,1,35.63,13.209007869211408,15.182,PR
a2e85714b56b1cb6bb24a9a6e6cad36f,2,3,3,,,,1.0,100.0,3,113.23333333333332,2.8867513459481287,13.58,SP
70c4eedec9cb4a85cda2f3f9673557b4,2,2,1,-17.0,-17.0,0.0,5.0,0.0,0,239.9,0.0,16.375,SP
fc99f99385ae90f66f01733856fb88c9,1,1,1,,,,1.0,100.0,1,89.9,0.0,21.12,SP
3f9be91358837bff69df67edfa3e42e8,7,7,4,-19.142857142857142,-15.0,0.0,4.428571428571429,14.285714285714286,1,81.38571428571429,45.38095887672966,18.908571428571427,PR
d558ebe531605a1285ab2b1bc3256dfb,3,3,2,-13.0,-8.0,0.0,4.666666666666667,0.0,0,236.33333333333331,84.29313930168536,24.41,MG
11938fcc75f6902fea1d0a6f72b54a57,2,2,2,-21.0,-1.0,0.0,3.0,50.0,1,297.49,67.17514421272202,71.08,SC
6da1992f915d77be95d7fa48b36904af,7,9,1,-24.11111111111111,-12.0,0.0,3.6666666666666665,33.333333333333336,3,29.0,0.0,13.62888888888889,SP
e76ecc7e9a1a1e3c6df9d2a8261c423d,1,1,1,-11.0,-11.0,0.0,5.0,0.0,0,20.0,0.0,14.1,MG
128f9bfbe4c7d5185033914b1de3d39a,14,16,9,-13.533333333333331,1.0,6.666666666666667,4.75,0.0,0,79.830625,55.85999945921351,23.325,SP
ac6417315ae5da8f9a38ee11de6f7780,8,8,7,-13.571428571428571,4.0,14.285714285714286,3.75,37.5,3,98.6125,44.708178781963376,22.81625,SP
a513150f33f99a06569e9cd5c4bb889b,2,3,2,-14.333333333333334,-13.0,0.0,4.333333333333333,0.0,0,268.55,242.31390797888596,16.3,SP
6b1c4d4d9ccf0be3d8544eb0e71e5318,1,1,1,-14.0,-14.0,0.0,5.0,0.0,0,1699.0,0.0,60.04,RS
9b1050e85becf3ae99c1cf4934c9bc5d,2,2,1,,,,2.5,50.0,1,42.57,0.0,15.1,MG
48e5ee06fb2dc74df1c711a9b6dfac2a,1,3,1,-20.0,-20.0,0.0,5.0,0.0,0,19.0,0.0,15.1,MG
934ed5cd1b9c1c7382d0a94a94b9e639,1,1,1,-32.0,-32.0,0.0,5.0,0.0,0,125.85,0.0,26.62,PR
14f2b3587172b9db894c9bad8dab520b,2,2,1,-12.5,-5.0,0.0,2.5,50.0,1,122.0,0.0,43.03,RS
fe1b067411b8c5066e962aa146ccee03,8,8,2,-9.625,-4.0,0.0,4.625,0.0,0,105.9725,36.72005514701741,17.8875,SP
65c255b299faf2d12050937cc219c46c,2,2,1,-12.5,-7.0,0.0,4.5,0.0,0,44.1,0.0,10.94,SP
7adbd3210a7b3cc2235e225eef33574d,3,3,2,-16.0,-4.0,0.0,4.666666666666667,0.0,0,43.96666666666667,30.25315410553639,24.32,SP
8dfbc5ff27df12f6cef751d3b9554222,4,4,4,-12.75,-6.0,0.0,4.5,25.0,1,56.5,55.00606027217971,22.53,PR
70c0fda4c313d87115644d39e62eec60,1,1,1,-14.0,-14.0,0.0,5.0,0.0,0,25.99,0.0,37.09,PE
0fe2d9733ed841eb064503920015a8c0,3,3,3,-13.333333333333334,-11.0,0.0,4.666666666666667,0.0,0,129.88,65.57438524302,36.236666666666665,SP
a0a14e50070f3225b3eabba5b85da517,4,4,1,-12.75,-9.0,0.0,4.5,25.0,1,44.05,0.0,18.11,PR
86bf77bdb52e615674772d5817c6212f,4,5,3,-15.2,-8.0,0.0,4.8,0.0,0,56.36,38.999269223922646,19.516,RS
48bad451945f5227341793478d6353ea,3,3,2,-14.666666666666666,5.0,33.333333333333336,4.0,33.333333333333336,1,102.33333333333331,23.671361036774652,25.83,SP
f19516b9ff26bfeb091b30108db4ddbd,5,5,5,-18.33333333333333,-13.0,0.0,2.6,60.0,3,145.52,208.8371901745472,28.368,SP
fa5fdc4e4bb6bd1009ad0e4ac4096562,1,1,1,-58.0,-58.0,0.0,5.0,0.0,0,161.99,0.0,32.86,SP
a1ed30492b3b798bc121845bc4aa7366,1,2,1,,,,3.0,100.0,2,20.9,0.0,11.85,SP
05a48cc8859962767935ab9087417fbb,1,1,1,-18.0,-18.0,0.0,5.0,0.0,0,42.9,0.0,16.49,SP
15ead3a5037a918ddb520dfe39a3d2b9,7,8,8,-6.428571428571429,3.0,28.571428571428573,4.375,12.5,1,34.4375,30.700671816753456,19.80625,MG
6614814a00d344b846ae209f95ee7e3f,1,1,1,-16.0,-16.0,0.0,1.0,100.0,1,13.0,0.0,12.69,SP
ed49da7cadefc454d6a67de249eab240,2,2,1,-31.5,-17.0,0.0,3.0,50.0,1,21.5,0.0,11.415,SP
63704069d9bd3a75c1cf59babe56004a,1,1,1,7.0,7.0,100.0,1.0,100.0,1,59.3,0.0,7.39,SP
c8cc60ffd415254af5d9b9f34f32c369,8,9,7,-11.666666666666666,-3.0,0.0,4.666666666666667,0.0,0,80.24444444444444,41.099486344451776,21.558888888888887,SP
46ef1a25845fc051c2998d878354810c,5,5,4,-4.8,0.0,0.0,4.4,0.0,0,50.082,28.876957422831097,19.608,MG
5a4236931428800e9d9cc04af0987118,1,3,1,-13.0,-13.0,0.0,5.0,0.0,0,14.99,0.0,15.23,SP
7c9130f5f3729edd32aa059141d92484,3,4,1,-16.25,-4.0,0.0,3.75,50.0,2,31.5,0.0,16.7875,SP
5de1c80811ce7007f62f00d971236c09,2,2,2,-14.5,-10.0,0.0,5.0,0.0,0,38.4,2.1213203435596424,15.475,SC
8d92f3ea807b89465643c219455e7369,3,8,3,10.5,27.0,87.5,1.0,100.0,8,15.15,19.775525999867327,16.44625,SP
6187a137b2af59dfdbad8d9f8c373c14,2,2,1,-11.5,-8.0,0.0,3.0,50.0,1,37.4,3.5355339059327378,15.11,SP
15b3b1b81484422eb41df68ac87f1f50,2,2,2,-5.0,-5.0,0.0,1.0,100.0,2,39.175,5.904341622907672,12.27,SP
400f221ab83037c0ea78f1267da9624d,1,1,1,,,,,,0,865.0,0.0,20.8,SP
4a82168aaef173cbb6e46ae88728f919,4,4,2,-13.75,-9.0,0.0,4.0,25.0,1,128.0,42.0,25.0975,PR
b906dd0e57f282c7089171b6ed07982e,2,2,2,-19.0,-17.0,0.0,4.0,0.0,0,87.5,31.81980515339464,17.875,PR
a45765f8afb1e594b22bf9e974b46765,1,1,1,-14.0,-14.0,0.0,4.0,0.0,0,79.99,0.0,8.93,SP
20a7efa9721046319bdde5d60b6b5365,3,6,2,-16.333333333333332,-7.0,0.0,5.0,0.0,0,83.53333333333333,15.595084695719567,15.898333333333332,SP
ce4755084bc097113867e6454f8f5e52,1,1,1,-11.0,-11.0,0.0,5.0,0.0,0,18.9,0.0,12.79,SP
f7315bb81aea4ddca2d39e249a801c98,2,2,1,-6.5,0.0,0.0,4.5,0.0,0,189.9,0.0,25.14,SP
a663d9c3797e90eac99ff60939416a56,1,1,1,-7.0,-7.0,0.0,5.0,0.0,0,235.0,0.0,14.08,SP
d9c349beabc06aa6ff1c6d68b5e9e22e,1,1,1,-11.0,-11.0,0.0,5.0,0.0,0,168.1,0.0,37.55,SP
e9b6c33b71b67737693b4cfa68341c8d,1,1,1,-1.0,-1.0,0.0,4.0,0.0,0,119.9,0.0,21.49,SP
4003520d80d0bad1d5623f7aa3c63cda,1,1,1,-5.0,-5.0,0.0,1.0,100.0,1,70.0,0.0,16.74,RJ
9fbd5666d8618fa571c4230fafa09bd6,1,1,1,-6.0,-6.0,0.0,5.0,0.0,0,79.9,0.0,16.81,SP
db7ed69a53aa9fb1c01930ba54a88bbe,1,1,1,-9.0,-9.0,0.0,5.0,0.0,0,109.0,0.0,11.78,SP
5a9b3bcab695173c820e53934574ae80,1,1,1,-26.0,-26.0,0.0,5.0,0.0,0,139.0,0.0,64.77,SP
a3fa18b3f688ec0fca3eb8bfcbd2d5b3,1,2,1,-3.0,-3.0,0.0,5.0,0.0,0,23.9,0.0,18.23,SP
a7c53f6b3b61adbdaa99dda97e8cbd56,1,1,1,-10.0,-10.0,0.0,4.0,0.0,0,99.0,0.0,11.3,SP
eb9cd5b35d95206585e2185318cb5c61,2,3,1,-6.666666666666667,0.0,0.0,2.333333333333333,66.66666666666667,2,183.33333333333331,11.547005383792516,20.516666666666666,SP
674207551483fec113276b67b0d871ff,1,1,1,-11.0,-11.0,0.0,5.0,0.0,0,119.9,0.0,13.94,SP
f26d70155c2b6326fcfa1780c8c684e4,1,1,1,-13.0,-13.0,0.0,5.0,0.0,0,202.89,0.0,16.17,SC
d9b00a97818674c7f8d8b1ef0e689679,1,1,1,-5.0,-5.0,0.0,3.0,100.0,1,69.9,0.0,9.18,PR
61b893c57e33626afb104d4112b1be76,1,1,1,,,,1.0,100.0,1,74.99,0.0,13.1,MG
6dd7dce75cd55c1ce255dc38d9f0cd46,1,1,1,-20.0,-20.0,0.0,4.0,0.0,0,75.0,0.0,21.33,SC
7963e546f34e098b578f9ad102494601,1,1,1,-8.0,-8.0,0.0,5.0,0.0,0,60.99,0.0,21.23,SP
52bb00821bcdd358a5a5a27e1f6be5a1,2,2,2,-9.0,-7.0,0.0,4.5,0.0,0,174.9,189.36319600175744,19.315,SP
d63c73efd41eb002280e7ec831424edb,2,2,2,-20.5,-13.0,0.0,4.0,50.0,1,2799.0,141.4213562373095,84.295,SP
377bc18334c78dd2f1535ef22a3ad225,1,1,1,-13.0,-13.0,0.0,5.0,0.0,0,135.98,0.0,88.46,PR
83d458c0d6d4f94295d63f091460bd60,1,1,1,,,,5.0,0.0,0,89.9,0.0,15.84,SP
28872dc528e978a639754bc8c2ce5a4c,1,1,1,-31.0,-31.0,0.0,5.0,0.0,0,1009.9,0.0,29.0,RS
ccbd753e6863fe7314dc6c0ca5a074e7,1,1,1,-19.0,-19.0,0.0,4.0,0.0,0,495.0,0.0,101.56,SC
101921376b577a4540dc30e9009133ca,1,1,1,,,,2.0,100.0,1,373.0,0.0,21.49,SP
530ec6109d11eaaf87999465c6afee01,97,104,30,-17.198019801980198,5.0,0.99009900990099,4.221153846153846,18.26923076923077,19,124.84432692307692,31.863555063585448,25.54230769230769,PR
218d46b86c1881d022bce9c68a7d4b15,388,429,143,-11.703087885985749,60.0,8.31353919239905,4.142857142857143,20.37470725995316,87,129.6137062937063,76.676832599508,17.904289044289044,SP
c864036feaab8c1659f65ea4faebe1da,58,58,29,-13.362068965517242,21.0,3.4482758620689653,4.568965517241379,8.620689655172415,5,180.2448275862069,42.59007038716639,31.820172413793102,PR
c3cfdc648177fdbbbb35635a37472c53,278,314,111,-16.28980891719745,4.0,1.2738853503184713,4.447284345047923,13.738019169329071,43,140.02095541401275,76.24284246537037,19.821687898089174,PR
5f3ae9136c875522250f8184f253413a,43,46,24,-12.11111111111111,3.0,4.444444444444445,4.5777777777777775,13.333333333333334,6,25.17391304347826,9.270806863665191,13.38608695652174,SP
e8b4225284fbb02d16f200513f1f395d,31,31,18,-13.8,12.0,10.0,4.193548387096774,22.580645161290324,7,186.7264516129032,60.872555203385765,41.858387096774194,SP
4869f7a5dfa277a7dca6462dcf3b52b2,1132,1156,95,-11.164634146341465,30.0,10.54006968641115,4.122822299651568,22.38675958188153,257,198.50573529411764,121.61956927603158,17.446427335640138,SP
c70c1b0d8ca86052f45a432a38b73958,261,338,66,-9.151785714285714,45.0,5.059523809523809,4.3014925373134325,17.611940298507463,59,108.09872781065089,6.610041626609856,11.653579881656803,SP
4c2b230173bb36f9b240f2b8ac11786e,261,347,20,-8.668604651162791,68.0,8.430232558139535,3.760932944606414,30.02915451895044,103,42.18492795389049,10.43547660089648,12.695533141210374,SP
5670f4db5b62c43d542e1b2d56b0cf7c,22,22,14,-14.136363636363637,2.0,4.545454545454546,4.409090909090909,13.636363636363637,3,301.3677272727273,253.4389537829352,26.48,SP
42b729f859728f5079499127a9c2ef37,104,132,18,-7.267175572519084,15.0,9.923664122137405,4.3538461538461535,15.384615384615383,20,31.203484848484848,10.511728018316798,9.96371212121212,SP
1025f0e2d44d7041d6cf58b6550e0bfa,915,1443,154,-11.13110181311018,74.0,6.624825662482566,3.849755415793152,29.000698812019568,415,97.3757033957034,82.84675555216897,23.69901593901594,SP
d50d79cb34e38265a8649c383dcffd48,70,70,19,-13.285714285714286,42.0,4.285714285714286,4.246376811594203,15.942028985507246,11,185.89171428571427,148.13678344223908,27.60371428571429,SP
ef30892870c278497523264be1be2241,9,9,5,-16.444444444444443,-2.0,0.0,4.555555555555555,11.11111111111111,1,87.02222222222223,81.10414258497802,12.148888888888887,SP
4d6d651bd7684af3fffabd5f08d12e5a,369,397,70,-13.084398976982095,27.0,3.836317135549872,4.1767676767676765,18.939393939393938,75,110.59521410579345,53.2542695425646,19.982695214105792,SP
abbf6046bbdf1028606a5bc7f00c99e7,7,7,4,-17.166666666666668,-9.0,0.0,4.142857142857143,14.285714285714286,1,316.73571428571427,69.72498185900155,25.14142857142857,SC
b839e41795b7f3ad94cc2014a52f6796,33,36,10,-13.27777777777778,9.0,2.7777777777777777,4.027777777777778,25.0,9,1189.6944444444443,598.0560804780981,25.58138888888889,SP
1a3df491d1c4f1589fc2b934ada68bf2,167,180,5,-13.034682080924856,13.0,3.468208092485549,4.161111111111111,22.77777777777778,41,130.6861111111111,29.961792735051752,24.10338888888889,SC
392353362d22cc2c236e1ee81ff19890,5,10,3,-14.6,-3.0,0.0,4.6,20.0,2,28.87,9.596874491208062,19.197,SC
f84a00e60c73a49e7e851c9bdca3a5bb,90,99,22,-10.814432989690722,48.0,9.278350515463918,3.6666666666666665,35.35353535353536,35,60.10040404040405,50.62809321201091,20.22040404040404,RJ
71dc18fd8cbf5fd77f45dd8b427abb34,4,9,1,-18.444444444444443,-14.0,0.0,5.0,0.0,0,120.0,0.0,16.6,PR
25be943a321c8938947bdaabca979a90,5,5,2,-10.0,-6.0,0.0,3.0,40.0,2,153.8,19.677398201998148,27.71,SP
594f9aaa48e5bf431f011ddc5669b0d5,37,38,24,-14.052631578947368,3.0,2.631578947368421,4.578947368421052,5.2631578947368425,2,85.49473684210527,41.5074460748744,23.35815789473684,MG
2eb70248d66e0e3ef83659f71b244378,202,213,33,-10.075757575757576,25.0,11.616161616161616,2.712918660287081,63.63636363636363,133,200.7207042253521,180.93326126777325,15.207652582159623,SP
cb3dd9ce66268c7a3ca7241ac70ab58c,50,55,27,-14.37735849056604,43.0,3.7735849056603774,4.2,20.0,11,54.39509090909091,34.186010885585354,16.483454545454546,SP
aba1721a889e04decc910aa13b768ef4,83,92,76,-11.608695652173912,9.0,6.521739130434782,4.456521739130435,14.130434782608695,13,153.2967391304348,206.93847280704333,13.577934782608695,SP
fc906263ca5083d09dce42fe02247800,114,120,17,-14.805084745762713,-1.0,0.0,4.358333333333333,12.5,15,37.81333333333333,4.4033587893165125,15.830666666666668,MG
f5a590cf36251cf1162ea35bef76fe84,117,122,63,-11.05084745762712,29.0,6.779661016949152,4.237704918032787,18.0327868852459,22,436.0801639344263,355.6388858922075,34.747213114754096,SP
aa762680c40618316a896838866140ea,3,3,1,-9.333333333333334,11.0,33.333333333333336,3.333333333333333,33.333333333333336,1,87.0,0.0,20.82,PR
11eac105f3f90a9b87b19c89d91e24f3,5,5,4,-13.8,-10.0,0.0,3.6,40.0,2,160.578,61.05395089590845,24.988,SP
97512d3fc193b2d1dfcdba0f9d1f0f8a,12,13,6,-8.538461538461538,5.0,7.6923076923076925,4.307692307692308,15.384615384615383,2,112.22076923076924,87.34810992627321,26.273076923076925,SP
0ffa40d54288e4f3499b8780dd0f144f,33,35,21,-12.2,18.0,11.428571428571429,4.4,17.142857142857142,6,61.794285714285714,31.44272985133768,16.676285714285715,SP
633ecdf879b94b5337cca303328e4a25,6,6,2,6.5,19.0,66.66666666666667,1.8,80.0,4,172.93333333333334,97.65082010237634,14.648333333333332,SP
5a93f3ab0ef4c84ed5e1b5dbf23978bc,39,44,8,-19.046511627906977,32.0,2.3255813953488373,4.727272727272728,4.545454545454546,2,53.14204545454545,42.918840584458536,15.844090909090909,SP
9c1c0c36cd23c20897e473901a8fb149,6,7,3,-7.714285714285714,-1.0,0.0,5.0,0.0,0,77.85285714285715,45.71748159959737,24.58142857142857,SP
93dc87703c046b603023e75222018b45,35,36,26,-11.294117647058824,106.0,8.823529411764707,4.0,23.529411764705884,8,236.5930555555556,169.23278226529862,19.13722222222222,MG
8d46553a36e68f95350a200c12f8f2e2,13,16,9,-11.818181818181818,-5.0,0.0,3.125,50.0,8,46.6625,120.89778533951728,13.9375,SP
2089a6d640999f9b9141ac719b2af596,44,44,25,-11.439024390243905,21.0,12.195121951219512,3.727272727272727,29.545454545454547,13,200.70045454545453,141.7115425039836,15.79818181818182,SP
bd149ed516d4c5d418d5781f8e18919f,8,9,3,-7.333333333333333,-1.0,0.0,4.888888888888889,0.0,0,46.0,18.46381596528735,15.77111111111111,SP
aced59e9b31ef866a94f9e7f29d8d418,61,69,19,-11.27536231884058,16.0,2.898550724637681,4.434782608695652,13.043478260869565,9,105.83623188405797,125.21960940567634,15.431014492753624,SP
2ec6e37d992a95eaddb3369dcbcc76d9,2,2,1,-19.0,-18.0,0.0,1.5,100.0,2,79.9,0.0,12.07,RS
7178f9f4dd81dcef02f62acdf8151e01,203,218,57,-18.741935483870968,16.0,3.225806451612903,4.032258064516129,25.34562211981567,55,170.18440366972476,280.3168107216281,20.36110091743119,SC
2a5b78b41cd05baeac8df54c6606b92c,49,60,23,-18.714285714285715,4.0,1.7857142857142858,4.083333333333333,28.33333333333333,17,317.08933333333334,323.04378924911924,18.457833333333333,MG
455c5640e8c5bd1b2ee85c0158f85727,8,8,7,-22.875,-11.0,0.0,4.5,12.5,1,841.1875,686.9473642499838,57.17375,SC
4aba391bc3b88717ce08eb11e44937b2,29,30,27,-13.25,31.0,14.285714285714286,3.9,26.666666666666668,8,253.19566666666665,184.3336912098748,27.978,BA
dfa0c4c6229ab200a4a1336b4d7128ff,77,86,35,-15.511627906976743,22.0,1.162790697674419,4.011627906976744,24.41860465116279,21,55.54767441860465,44.29814689191248,20.54779069767442,SC
bf100ecb7997df312b285358fb32f92c,20,21,9,-17.523809523809526,-4.0,0.0,4.368421052631579,21.05263157894737,4,94.85238095238095,42.85496026188356,16.433809523809522,PR
bbaff50f3b708fda865918715276cd87,12,16,11,-7.625,3.0,12.5,4.8125,6.25,1,28.10625,11.224465466114632,12.629375,SP
f12d3c2a14729ae461b920c11fe20fdc,9,11,4,-12.0,-3.0,0.0,4.2727272727272725,18.181818181818183,2,33.13181818181818,18.040998762918765,8.624545454545455,SP
82bd0703a4aefd6b599e5bfdaed378fb,21,25,16,-20.70833333333333,6.0,4.166666666666667,3.6,36.0,9,110.8512,98.52035675094427,15.856,SP
f7720c4fa8e3aba4546301ab80ea1f1b,60,79,28,-14.717948717948715,26.0,3.8461538461538463,4.189873417721519,13.924050632911392,11,26.77658227848101,11.171423122399489,17.096582278481012,PR
271c58a1d139c45eaf3316107c6d3a3b,29,29,6,-11.22222222222222,6.0,7.407407407407407,4.068965517241379,31.03448275862069,9,134.39724137931034,25.178508820101737,23.14448275862069,SP
f805b96fa705ba7995a221f1749dc141,7,7,6,-13.285714285714286,-10.0,0.0,4.428571428571429,28.571428571428573,2,392.0628571428571,263.06948224846644,34.63285714285714,PR
985c92cc412091f8529c12d7f23d3fef,12,12,9,-14.0,0.0,0.0,4.75,8.333333333333334,1,114.04166666666669,91.78583301590852,19.844166666666663,MG
606ce7768feac12c5e8bd58db8b08f0f,5,5,5,-10.0,-1.0,0.0,4.8,0.0,0,583.32,343.15824629462134,20.452,SP
6c6e3d67f969468f3bfd33f827a31222,5,6,4,-12.0,-9.0,0.0,4.833333333333333,0.0,0,37.333333333333336,14.51436070471816,15.401666666666667,PR
05730013efda596306417c3b09302475,4,4,4,-11.5,-7.0,0.0,5.0,0.0,0,238.0,0.0,54.1675,SC
7e26c750b4cb9f6766f58265ff9ebe95,23,27,2,-14.037037037037036,-5.0,0.0,4.407407407407407,11.11111111111111,3,49.78888888888889,0.1887883090687176,14.402962962962963,MG
596849622429351f47b32e6cae1055ff,14,14,12,-9.923076923076923,-2.0,0.0,4.0,30.76923076923077,4,78.90714285714286,79.23286482345485,11.463571428571427,SP
20a8b0dc55da94fe74d112082427c84f,7,7,3,-4.571428571428571,3.0,14.285714285714286,4.285714285714286,14.285714285714286,1,58.2,26.63137247683641,17.71142857142857,SP
2ea0861cc19e94cad86438c984c52da4,6,6,5,-7.833333333333333,-3.0,0.0,3.333333333333333,50.0,3,27.6,14.099787232437231,10.408333333333331,SP
5741dc2bf5044c34d0698681c5081bed,3,3,2,-8.333333333333334,-5.0,0.0,5.0,0.0,0,29.9,0.0,11.35,SP
5f26c1408a65b42a7224cd463bdf3292,10,10,9,-15.4,-5.0,0.0,4.8,0.0,0,113.98,102.16772484498225,21.729,PR
a64e44665225d19dfc0277eeeaaccc57,6,6,3,-6.833333333333333,0.0,0.0,5.0,0.0,0,55.833333333333336,55.24732271039626,15.293333333333331,SP
5a413ade68e8f8d93071a7f52a64cb9e,14,14,4,-4.571428571428571,7.0,7.142857142857143,4.642857142857143,7.142857142857143,1,55.635714285714286,3.2386148850436625,10.983571428571429,SP
5d9dc90a686a8fddacffab6bab5653a3,12,12,5,-9.583333333333334,2.0,8.333333333333334,4.166666666666667,25.0,3,313.495,877.2821967614215,30.7775,SP
0ee4fb99ac55ffbbc98795aa01b7f8fa,1,1,1,-15.0,-15.0,0.0,5.0,0.0,0,59.9,0.0,11.03,SP
6d1b9c9579132c87d2703ec38c30f2c5,4,4,3,-15.5,-11.0,0.0,4.5,25.0,1,74.9225,17.34652775053267,16.925,PR
13f57c12a00ed4610db646b913a7f5c6,7,13,6,-8.615384615384615,2.0,15.384615384615383,4.769230769230769,0.0,0,49.63076923076923,17.161020978532747,13.534615384615384,SP
dc8798cbf453b7e0f98745e396cc5616,41,52,37,-9.395348837209305,14.0,6.976744186046512,3.1346153846153846,48.07692307692308,25,39.92692307692308,14.94676980493812,12.235576923076923,SP
c5e60e39c0f42b8e827daa13cff74afa,6,8,4,-6.875,0.0,0.0,4.125,37.5,3,16.75,5.273925076665928,11.1375,SP
7daca0837f033a41a6f3428c18657533,7,7,4,-5.571428571428571,7.0,28.571428571428573,3.571428571428572,42.85714285714285,3,175.56857142857143,98.83755804830662,24.02285714285714,SP
0747d5bb69f0586cc869d8af4c50f93e,14,15,10,-16.307692307692307,7.0,7.6923076923076925,3.466666666666667,40.0,6,23.106666666666666,15.446149157946255,13.926,RJ
4deebb3199eeafb282ae33229144f94b,4,5,3,-1.4,3.0,40.0,3.4,40.0,2,155.94,61.52562880621376,28.358,SP
31ae0774c17fabd06ff707cc5bde005f,11,11,9,-12.363636363636363,9.0,9.090909090909092,4.0,27.272727272727277,3,610.8954545454545,245.90119606718616,77.34727272727272,SP
4a82c4af97ffc0fb2dc26bfdc03b1842,3,3,3,-15.0,-13.0,0.0,5.0,0.0,0,47.9,22.623218161879624,22.4,MG
a63bfbaa882c8f4542891b4e2246cc7f,7,7,5,-10.333333333333334,0.0,0.0,4.428571428571429,14.285714285714286,1,967.4285714285714,256.25693951114584,37.74142857142857,RJ
1354d51653f645349064725ed204e85e,18,21,13,-18.047619047619047,0.0,0.0,3.7142857142857135,38.095238095238095,8,122.38095238095238,79.55531169599941,14.266190476190475,SP
70b52a4cfc823994561b00bad161b4ed,8,10,1,-26.5,-4.0,0.0,4.5,10.0,1,58.5,0.0,10.035,SP
f3c38ab652836d21de61fb8314b69182,15,15,11,-11.133333333333333,0.0,0.0,4.266666666666667,20.0,3,105.4,128.25577124302382,16.506,SP
a8739afb32aaa45e01815ca76f76f54b,13,15,8,-10.0,0.0,0.0,3.466666666666667,46.66666666666666,7,19.922,2.6840459864061303,17.648666666666667,SP
e84ad2127668df3aafc6b73531a0beb8,19,23,5,-7.565217391304348,8.0,4.3478260869565215,4.391304347826087,13.043478260869565,3,42.91304347826087,27.011635613157967,12.466521739130435,SP
81ed90f07c0bacb7594940ba2ef676aa,2,2,2,-7.0,-7.0,0.0,4.5,0.0,0,111.95,52.39661248592317,16.78,MG
e3d3b3efac954a60d61be70b7e05b49b,3,3,3,-17.666666666666668,-14.0,0.0,4.333333333333333,0.0,0,427.35,105.14165444770212,41.26,SP
df47da4ae86fa4db890d05aaf24e21d8,5,5,2,-18.2,-4.0,0.0,4.2,20.0,1,62.1,7.155417527999327,15.436,SP
b9a03475e6447e631b6799ec8274800f,10,11,7,-21.272727272727277,-14.0,0.0,4.2727272727272725,18.181818181818183,2,122.64545454545454,81.9834783799317,26.81636363636364,PR
6b803197e03abd5056b4313306b4f29d,7,12,5,-8.333333333333334,-1.0,0.0,4.833333333333333,8.333333333333334,1,33.916666666666664,9.070013865212749,10.301666666666666,SP
cf8ab1616079e2793aa29d524df01bb1,9,9,2,-9.666666666666666,1.0,16.666666666666668,2.0,77.77777777777777,7,1599.0,0.0,84.37444444444445,SP
ea1776927851da2532aa70d6a32c095a,3,3,3,-9.0,-9.0,0.0,2.6666666666666665,66.66666666666667,2,106.26666666666668,123.61069263349889,17.84,SP
51e0557bc7b86de13e946c60ee91ce39,1,1,1,-9.0,-9.0,0.0,5.0,0.0,0,45.8,0.0,17.6,MG
b274baf5bbd142410eb2958cf685d684,7,7,7,-22.714285714285715,-15.0,0.0,4.285714285714286,28.571428571428573,2,83.7,7.683098333354845,21.23857142857143,RS
353e21e8bf8de2722b4fae1636664b76,4,4,2,-17.25,-8.0,0.0,2.5,75.0,3,52.0,18.384776310850235,22.9725,RS
3d4824f20035949c710eaf111f869d39,9,10,8,-16.88888888888889,5.0,22.22222222222222,3.9,30.0,3,104.104,175.22616618403643,17.354,SP
bec568278124768c474ee90971ca94d1,2,2,2,-13.0,-5.0,0.0,4.5,0.0,0,109.95,125.93571772932413,14.58,SP
2c43fb513632d29b3b58df74816f1b06,3,3,3,-16.666666666666668,-11.0,0.0,3.6666666666666665,33.333333333333336,1,286.0,327.3695770837602,24.05666666666667,MG
b29d3380981c51df13fc6fbe87e1763d,6,7,5,-9.571428571428571,-1.0,0.0,4.0,14.285714285714286,1,62.18571428571428,38.39580830296577,14.082857142857144,SP
52a50b42accf164f9f019941e5759d9b,4,4,2,-3.5,0.0,0.0,4.75,0.0,0,34.99,5.773502691896257,14.265,SP
9d39404483343dd55c7ae254494d8388,10,10,4,-11.6,10.0,10.0,3.5,40.0,4,29.32,3.5379843602443093,14.108,SP
f266295f49a28eee21f413e0cbb0521d,2,2,2,-9.0,-6.0,0.0,4.5,0.0,0,74.9,21.213203435596427,14.07,PR
4e326052e5dbba8adcd512f3450a307e,3,6,1,-12.0,-5.0,0.0,1.6666666666666667,83.33333333333333,5,95.0,0.0,14.326666666666666,SP
f4db9b37944bcb8873e6b456ee190bbf,21,22,8,-11.090909090909092,5.0,9.090909090909092,4.545454545454546,13.636363636363637,3,154.99,29.07297878164697,22.73454545454545,SP
700f03c207639c22d933381ff60b35c2,4,4,3,0.5,14.0,50.0,4.0,25.0,1,297.465,101.0885844198048,34.1125,SP
7c4618c82226628831613e95e9c22f44,13,13,5,-7.846153846153846,2.0,7.6923076923076925,4.076923076923077,23.07692307692308,3,25.68692307692308,10.26781572407636,12.733846153846152,SP
48fb026ed7455a42f5d3e9390ed5088e,11,11,11,-15.11111111111111,-1.0,0.0,2.636363636363636,54.54545454545455,6,50.519090909090906,30.180882841476144,20.311818181818182,RJ
6bd69102ab48df500790a8cecfc285c2,5,5,3,-3.6,23.0,20.0,3.0,60.0,3,1614.0,774.7451193779797,57.804,SP
b8d890108a7a80e4f5d59eea9f362438,2,3,2,-3.333333333333333,0.0,0.0,3.333333333333333,66.66666666666667,2,29.9,0.0,11.53,PR
2ba91c7ad80ff88b23b7db823b43c233,6,6,4,-3.0,13.0,16.666666666666668,3.8333333333333335,33.333333333333336,2,123.4,53.7231793549116,16.655,SP
89ad3263c0931c47f976d7c5778e60f6,6,6,5,-12.5,-7.0,0.0,4.166666666666667,16.666666666666668,1,94.7,76.41562013096537,21.92333333333333,SP
777a0c55737f34ffeb78010f7542ab41,6,6,3,-9.833333333333334,-2.0,0.0,4.333333333333333,16.666666666666668,1,75.41666666666667,6.238803304053324,12.638333333333334,SP
61f159ef6da2d441951d2c0efa719362,3,3,3,,,,1.0,100.0,3,51.656666666666666,33.291640592396966,20.336666666666662,ES
52092ddbd3a58c450a4459bf051b2287,6,6,4,-11.833333333333334,-7.0,0.0,4.333333333333333,16.666666666666668,1,58.61666666666667,46.843501861695465,12.558333333333334,SP
5a05a16bb50629ee31afab8a6d4c2674,14,15,5,-12.0,0.0,0.0,4.0,20.0,3,52.95333333333333,18.93529835543987,18.74533333333333,RS
725af026f869236a8dd0ceb98564d156,7,8,5,-26.8,-21.0,0.0,3.125,50.0,4,147.21375,73.70138939134245,23.12,MG
03bd479e1d9484cdb14104d3023f7321,3,3,3,-5.666666666666667,0.0,0.0,4.333333333333333,33.333333333333336,1,119.9,0.0,19.24,MG
782f78b632a43875dd5b53e3e49c9564,2,3,1,-14.0,-14.0,0.0,3.6666666666666665,33.333333333333336,1,48.67,0.0,13.853333333333332,SP
297d5eccd19fa9a83b2630071ff105e4,8,8,3,-12.625,-4.0,0.0,5.0,0.0,0,104.37125,8.793160389919949,17.72,PR
f1c1ac3f3efc07e659c035008e615e66,4,14,4,-13.11111111111111,-12.0,0.0,3.571428571428572,28.571428571428573,4,182.99714285714285,184.22967277197864,21.63,SP
8a40ae794fa3f9892cee24bd5af0488b,6,6,4,-6.5,13.0,33.333333333333336,3.1666666666666665,50.0,3,123.30833333333334,160.29631317240788,34.401666666666664,PR
7e79d65b5c6f1f544b7daea036acf720,4,4,2,-14.75,-7.0,0.0,4.5,0.0,0,129.45,74.18178123142276,15.5225,SP
ce20a2ec1514c25e16f2b5b39bc818f0,4,7,3,-15.0,0.0,0.0,4.857142857142857,0.0,0,41.0,0.0,29.86142857142857,SP
ba89796db68db180bd389de96b2ff3b6,2,2,2,-11.5,-6.0,0.0,5.0,0.0,0,154.9,134.35028842544403,21.73,SP
5f06030071324cc52bf0304014ac7234,4,4,1,-14.25,-7.0,0.0,4.0,25.0,1,195.99,0.0,25.0875,SP
d2572f31e9023e9850ef986a636ff9bf,1,1,1,-21.0,-21.0,0.0,5.0,0.0,0,279.0,0.0,26.69,MG
c1849d4d32d7a6cecd5aa471809d3135,3,3,3,-2.6666666666666665,-2.0,0.0,4.333333333333333,0.0,0,129.66,198.67719219880277,13.91,SP
ef2fbc2b607d8492bcffe657a4645434,20,22,7,-10.142857142857142,3.0,9.523809523809524,3.909090909090909,22.727272727272727,5,44.127272727272725,11.983845547759454,16.495,RJ
c4af86330efa7a2620772227d2d670c9,4,4,1,-18.75,-15.0,0.0,4.333333333333333,33.333333333333336,1,1349.0,100.0,91.24,SP
ae45ad30c2d2e5913094769690a239d2,1,2,1,-15.0,-15.0,0.0,5.0,0.0,0,125.9,0.0,15.63,SP
89dda63a3c907c468ec88c310ed91213,2,2,2,-6.0,-6.0,0.0,3.0,50.0,1,367.495,456.090944933135,21.07,SP
89c127985a8b130cfa45c1d36764017a,7,7,6,-14.5,-8.0,0.0,3.0,50.0,3,202.7957142857143,208.48280031832704,17.232857142857142,SP
e644cbadf7eeb30d0d29f335ce7d52ec,8,10,4,-10.0,-1.0,0.0,3.7,30.0,3,87.89,33.42803214868224,18.469,SP
44f091b5abab8018f682fce8124b85e5,6,6,4,-0.3333333333333333,3.0,66.66666666666667,2.5,66.66666666666667,4,280.01666666666665,299.05821785509704,17.935,SP
4ce8b55b4bfa4659184e7becc1fba3f2,2,2,2,-12.0,-9.0,0.0,3.0,50.0,1,99.5,27.577164466275352,29.935,PR
fe87f472055fbcf1d7e691c00b1560dc,6,6,4,-3.0,11.0,16.666666666666668,4.5,16.666666666666668,1,180.96666666666667,104.70378535022824,21.69333333333333,SP
80146bc52c4f6af5239b23de2a20262b,1,2,1,,,,3.0,100.0,2,13.55,0.0,24.84,SP
0aa124728afc1131dff5655f4c6f487b,2,2,2,,,,1.0,100.0,2,425.46,528.265334088846,53.93,MG
28a26ebce31d5918b181ede016fd693b,1,1,1,-10.0,-10.0,0.0,5.0,0.0,0,29.9,0.0,17.14,MG
0cab2da43793a6f3c5ed8514c5f54627,3,3,2,-21.33333333333333,-20.0,0.0,5.0,0.0,0,103.23333333333332,28.867513459481287,19.066666666666663,PR
6e1862e15f33d9994bc25922a85e1efc,8,14,7,-19.916666666666668,-7.0,0.0,4.666666666666667,8.333333333333334,1,52.32071428571429,36.27509220987818,10.53357142857143,SP
077c5fae4bea9500e3737b16f71b9d3a,4,6,3,-9.833333333333334,-3.0,0.0,4.666666666666667,16.666666666666668,1,17.8,12.147098418964095,11.74,SP
3dfd3dc96f7f8598eca74e9ac8a2fa31,6,6,6,-10.166666666666666,10.0,16.666666666666668,4.0,33.333333333333336,2,30.5,21.714050750608465,12.616666666666667,SP
7994b065a7ffb14e71c6312cf87b9de2,5,7,5,-22.428571428571427,-6.0,0.0,5.0,0.0,0,64.71428571428571,31.92963245280829,20.62,ES
56db5c0782e8f7ddc9343f9576ff6d16,2,2,2,-21.5,-9.0,0.0,3.0,50.0,1,367.4,272.2361107568208,28.575,SC
3a79f35a2344ede41af21267f61d5ec6,1,1,1,-8.0,-8.0,0.0,1.0,100.0,1,186.0,0.0,31.71,SP
2d2322d842118867781fc737e96d59a1,8,10,5,-6.3,14.0,10.0,4.9,0.0,0,17.64,7.226217698230674,10.497,SP
38874e327ce94d11390b96eb42d61928,6,6,2,-11.666666666666666,4.0,16.666666666666668,4.0,33.333333333333336,2,629.99,247.70950728625655,63.08166666666666,SP
0b0ddbc7b9d9584f442c7ac92b0ff6c9,3,3,3,-18.0,-14.0,0.0,4.666666666666667,0.0,0,472.2533333333333,217.4614173441655,44.626666666666665,SP
ef9952469137ff190bacafe117f51537,5,5,2,-17.0,-8.0,0.0,4.8,0.0,0,200.532,14.597051757118628,16.788,MG
ab3e0c171fe84a7ba7de130f19cfb485,7,10,5,-9.0,5.0,28.571428571428573,3.2,50.0,5,86.342,20.2225593500592,17.228,PR
4e2627090e6e5b9fabba883a37897683,2,5,2,-14.0,-14.0,0.0,1.0,100.0,4,39.9,0.0,13.624,MG
f307937c1bb287c3efc2a514b94b0d1d,1,1,1,-20.0,-20.0,0.0,5.0,0.0,0,189.99,0.0,26.61,MG
693660429f9dc4ff704eb3d88dad54d7,2,2,1,-17.0,-8.0,0.0,4.0,50.0,1,62.0,0.0,12.06,SP
2a50b7ee5aebecc6fd0ff9784a4747d6,1,2,1,17.0,17.0,100.0,1.0,100.0,2,99.9,0.0,32.22,DF
918717417d88a9f9ae9735567e6c7682,4,4,3,-13.25,-6.0,0.0,5.0,0.0,0,86.425,51.2630715037638,10.88,SP
42b6488f5b8246d9141712abd4b1b693,2,2,2,-13.0,-7.0,0.0,4.0,50.0,1,123.995,93.3310240488124,20.905,PR
3820c6537b3853be1a0687d5a60807ec,1,1,1,,,,,,0,25.0,0.0,10.96,SP
a56e351445e5863fc8960640ba9190c7,3,4,2,-8.25,0.0,0.0,4.25,0.0,0,190.23,10.24413328040331,16.265,SC
99cd94252748d2bdde08e17858233602,2,2,1,-17.5,-14.0,0.0,4.5,0.0,0,79.9,0.0,10.76,SP
9261d76c62caaf0b24677c2ceb7f8f20,6,7,4,-17.428571428571427,-8.0,0.0,3.7142857142857135,57.142857142857146,4,138.38571428571427,10.695953841122751,35.362857142857145,SC
d263fa444c1504a75cbca5cc465f592a,1,1,1,-14.0,-14.0,0.0,5.0,0.0,0,399.0,0.0,45.07,SP
43b2c864251aa0ce4030c746984e088a,2,2,2,-9.0,-7.0,0.0,3.0,50.0,1,47.4,17.67766952966369,17.26,DF
fb503a924a0b9db19d83dd0ac6dbef8c,1,1,1,-18.0,-18.0,0.0,5.0,0.0,0,13.9,0.0,17.92,RS
bac692d6c0ed08467878018e6cc9c26c,1,3,1,-17.0,-17.0,0.0,4.0,0.0,0,159.0,0.0,27.41,SC
dedcab67899479e4ea5dcc4eba47f587,2,2,1,-5.0,-4.0,0.0,4.5,0.0,0,42.0,0.0,10.82,SC
9f56a7a649097b166d8ed286ad86a15c,2,2,2,,,,1.0,100.0,2,13.99,1.4142135623730951,11.52,RJ
13d95f0f6f73943d4ceffad0fc2cd32c,1,1,1,2.0,2.0,100.0,3.0,100.0,1,249.99,0.0,59.33,GO
f410c8873029fcc3809b9df6d0b28914,2,2,2,-7.5,-6.0,0.0,5.0,0.0,0,144.9,21.213203435596427,18.65,SP
7f02656561b680def9986c0795a8a080,2,2,1,-10.0,-10.0,0.0,3.0,50.0,1,42.0,0.0,13.915,SP
9523fb39dd240aa958e040f8183d64f3,1,1,1,-17.0,-17.0,0.0,1.0,100.0,1,146.99,0.0,21.3,SP
65a7c0788e4d632ccb5e1b594b87f0bb,3,13,6,-10.846153846153848,-6.0,0.0,4.384615384615385,30.76923076923077,4,26.453846153846158,25.074044195296704,12.64153846153846,SP
f049a72cf58fd31b11f8919cade515e7,3,4,3,-14.25,-6.0,0.0,3.5,25.0,1,34.6875,20.7478663561662,8.06,SP
05ca864204d09595ae591b93ea9cf93d,1,1,1,0.0,0.0,0.0,5.0,0.0,0,179.9,0.0,8.52,SP
7a704e63bb29c446869efde5d57524c8,1,1,1,-19.0,-19.0,0.0,5.0,0.0,0,94.49,0.0,15.41,PR
93bef6edaa84956e8e575016449b6351,1,1,1,-21.0,-21.0,0.0,5.0,0.0,0,115.0,0.0,14.56,SP
eae9af4811c294c56795d70e715b7337,1,1,1,-8.0,-8.0,0.0,5.0,0.0,0,15.9,0.0,11.11,SP
a13aaf2d2886ab9fb30fb9a920160b8f,4,4,1,-6.5,2.0,25.0,4.5,0.0,0,252.88,10.0,18.5775,SC
eb4a59a06b3948e851a7d7a830bcbc42,2,2,1,-10.0,-10.0,0.0,3.0,50.0,1,32.0,0.0,22.0,BA
4be2e7f96b4fd749d52dff41f80e39dd,1,1,1,,,,1.0,100.0,1,267.0,0.0,32.84,AC
fe9d9cf8631285d5982c6e2cf27fb114,1,1,1,-14.0,-14.0,0.0,4.0,0.0,0,69.9,0.0,23.64,MG
efb628aa07c8ca93d7db0d85b91a4f5a,1,1,1,1.0,1.0,100.0,4.0,0.0,0,204.0,0.0,58.1,RJ
9b00cad94ef3078faf6fba2e792c158f,1,1,1,-16.0,-16.0,0.0,5.0,0.0,0,354.9,0.0,18.92,MG
880ce4951cf857ab1d9e0b75c1d856f4,1,1,1,-19.0,-19.0,0.0,5.0,0.0,0,178.9,0.0,18.82,MG
2a73cba571d90c694b7caca072ccf6ce,1,2,1,0.0,0.0,0.0,5.0,0.0,0,171.39,0.0,19.35,SP
48436dade18ac8b2bce089ec2a041202,138,151,23,-10.108843537414966,78.0,6.802721088435374,4.046357615894039,24.503311258278146,37,81.26960264900663,44.1936324052956,19.28430463576159,SP
9d7a1d34a5052409006425275ba1c2b4,13,16,12,-12.25,3.0,6.25,3.75,31.25,5,65.92625,77.44111043237952,17.315625,SP
6426d21aca402a131fc0a5d0960a3c90,23,23,9,-13.521739130434783,0.0,0.0,4.173913043478261,17.391304347826086,4,52.59304347826087,19.22120453958516,16.703478260869566,SP
ba143b05f0110f0dc71ad71b4466ce92,85,86,22,-8.452380952380953,16.0,11.904761904761903,4.423529411764706,11.764705882352942,10,71.05325581395348,27.710888980660567,15.616395348837209,SP
7c67e1448b00f6e969d365cea6b010ab,982,1375,198,-11.497071742313324,153.0,8.857979502196192,3.348207754206291,44.11119239209949,603,137.75830545454545,47.2132874784302,37.78701818181818,SP
1554a68530182680ad5c8b042c3ab563,247,272,70,-13.877777777777778,85.0,5.925925925925926,4.2481481481481485,17.037037037037038,46,107.49014705882352,85.77001993002848,25.17158088235294,MG
e59aa562b9f8076dd550fcddf0e73491,70,84,9,-12.365853658536585,19.0,7.317073170731708,4.25,13.095238095238097,11,375.8845238095238,221.52435939596936,26.54369047619048,PR
0887a9f087bcd5d9f6642b52f897fc6c,12,12,3,-12.416666666666666,7.0,8.333333333333334,4.416666666666667,16.666666666666668,2,136.83333333333334,63.8561356535616,18.3625,SP
12b9676b00f60f3b700e83af21824c0e,135,136,37,-21.08208955223881,15.0,0.746268656716418,4.511111111111111,10.37037037037037,14,198.3308823529412,25.628414539496564,26.39205882352941,RS
0be8ff43f22e456b4e0371b2245e4d01,161,180,121,-11.82857142857143,23.0,6.285714285714286,3.894444444444445,28.33333333333333,51,65.58611111111111,41.78450404262499,14.328611111111112,SP
0db783cfcd3b73998abc6e10e59a102f,132,137,14,-13.087591240875913,31.0,3.6496350364963503,4.213235294117647,19.11764705882353,26,66.25839416058395,23.963055640665125,14.592335766423355,SP
86ccac0b835037332a596a33b6949ee1,180,212,72,-14.895238095238096,19.0,1.9047619047619049,4.004739336492891,23.696682464454977,50,78.65424528301887,92.93535160073814,18.831084905660376,SC
2e90cb1677d35cfe24eef47d441b7c87,127,137,22,-10.751824817518248,12.0,11.67883211678832,4.036496350364963,25.547445255474454,35,101.4212408759124,36.49055763129721,21.076277372262773,SP
1d8dbc4f32378d715c717c1c1fc57bae,92,98,25,-11.97938144329897,68.0,8.24742268041237,3.8958333333333335,32.291666666666664,31,115.46826530612245,30.253451946708054,21.48122448979592,PR
323ce52b5b81df2cd804b017b7f09aa7,30,30,14,-5.655172413793103,33.0,13.79310344827586,4.310344827586207,10.344827586206897,3,85.14,43.80351584062631,13.382333333333332,SP
a5cba26a62b8b4d0145b68b841e62e7f,54,55,18,-14.796296296296296,12.0,1.851851851851852,4.527272727272727,12.727272727272728,7,267.9607272727273,162.55994791500137,25.142181818181815,PR
2d50d6282f8aa2257819a77bfaa0efe0,44,45,15,-10.255813953488373,19.0,9.30232558139535,3.644444444444445,35.55555555555556,16,74.52177777777777,49.701463042709904,17.734222222222222,SP
55029529919c0123526150bd26ca8f20,7,7,6,-14.428571428571429,-9.0,0.0,4.714285714285714,0.0,0,64.85,81.72060633646817,19.268571428571427,MG
6b536a23086fba0d58c08d68814397f6,19,23,5,-11.5,21.0,9.090909090909092,3.9130434782608696,21.73913043478261,5,89.94782608695652,67.1133902745957,16.05086956521739,RJ
3c7c4a49ec3c6550809089c6a2ca9370,141,161,24,-9.446540880503145,49.0,5.660377358490566,3.68944099378882,36.64596273291925,59,25.67416149068323,29.237869184479877,11.382670807453415,SP
dbd66278cbfe1aa1000f90a217ca4695,85,99,18,-12.525252525252526,7.0,4.040404040404041,4.454545454545454,8.080808080808081,8,49.78686868686869,25.005903982307395,15.594646464646464,SP
33a6f4b1e7cdc205511e76ba1b6e0186,105,126,15,-13.69047619047619,18.0,1.5873015873015872,4.357142857142857,14.285714285714286,18,81.70642857142857,17.27150038482057,14.99126984126984,SP
f84fa566034f5e8e880a07ec624c56af,91,103,8,-8.297029702970297,22.0,8.910891089108912,4.2745098039215685,16.666666666666668,17,50.035825242718445,10.558218852709462,12.054660194174756,SP
5dceca129747e92ff8ef7a997dc4f8ca,325,346,48,-11.247813411078717,42.0,5.247813411078718,3.991228070175439,25.43859649122807,87,324.14893063583816,335.41591809427746,39.48378612716763,SP
5a8e7d5003a1f221f9e1d6e411de7c23,139,181,69,-12.435754189944134,3.0,4.46927374301676,4.172222222222223,22.77777777777778,41,61.72320441988951,14.08275985842983,14.885580110497235,SP
213b25e6f54661939f11710a6fddb871,155,195,81,-11.0,19.0,7.329842931937173,3.7916666666666665,31.25,60,79.48384615384616,36.63889626704018,17.80676923076923,SP
ad273c9eb54ecb4532de4bf75bae9e4e,10,11,8,-12.727272727272728,-4.0,0.0,3.8181818181818175,36.36363636363637,4,58.63636363636363,30.95568680314726,16.795454545454547,PR
3361277dc30b7cccdb0c286b24219756,29,42,18,-15.023809523809524,3.0,11.904761904761903,4.214285714285714,21.428571428571427,9,92.97738095238095,95.05256604892622,15.139285714285714,PR
fdb9095204a334cd8872252ffec6f2db,46,62,14,-11.96774193548387,22.0,4.838709677419355,4.129032258064516,19.35483870967742,12,133.0,41.39018652994459,18.528387096774196,SP
ef990a83bbea832f36ebe81376335aa8,43,44,8,-8.454545454545455,14.0,20.454545454545453,3.659090909090909,31.818181818181817,14,105.5134090909091,50.45729766949299,20.7875,SC
f22a247b79dd22ecd91dc8e3b2a1b07c,8,8,5,1.625,57.0,25.0,4.0,12.5,1,54.9925,37.17560672960545,16.8625,SP
e0a366315b1b726b6c7832d664c0f530,43,51,21,-11.68627450980392,7.0,1.96078431372549,4.333333333333333,15.68627450980392,8,145.09980392156862,70.13687790286066,14.609411764705882,SP
f0b47fbbc6dee9aafe415a6e33051b3f,68,86,38,-12.705882352941176,8.0,9.411764705882351,4.232558139534884,20.930232558139537,18,44.13848837209302,22.85705552121408,15.53813953488372,SP
17f51e7198701186712e53a39c564617,56,61,27,-12.229508196721312,16.0,8.19672131147541,4.344262295081967,18.0327868852459,11,787.1967213114754,185.5533004891165,160.54803278688524,SP
bd23da7354813347129d751591d1a6e2,89,91,9,-10.261363636363637,27.0,2.272727272727273,4.033333333333333,24.444444444444443,22,116.85934065934066,59.78973151901583,16.35010989010989,SP
9646c3513289980f17226a2fc4720dbd,71,78,24,-12.86842105263158,10.0,7.894736842105263,4.256410256410256,17.94871794871795,14,38.965384615384615,24.309764095310147,15.487435897435898,SP
2009a095de2a2a41626f6c6d7722678d,8,12,4,-11.583333333333334,-1.0,0.0,3.9166666666666665,25.0,3,32.4075,8.208185631650661,16.128333333333334,SP
870d0118f7a9d85960f29ad89d5d989a,45,64,18,-9.9375,25.0,4.6875,4.0625,28.125,18,50.7640625,33.31135902927085,20.90265625,MG
54a1852d1b8f10312c55e906355666ee,200,205,47,-10.891625615763546,51.0,7.389162561576355,4.3431372549019605,15.196078431372548,31,84.3240487804878,37.14899473077856,16.60068292682927,SP
7a241947449cc45dbfda4f9d0798d9d0,62,72,17,-15.333333333333334,12.0,6.0606060606060606,3.5774647887323945,38.0281690140845,27,111.4948611111111,35.422180088667034,27.645416666666662,MG
d1b65fc7debc3361ea86b5f14c68d2e2,40,41,30,-16.0,1.0,2.5,4.560975609756097,7.317073170731708,3,285.44073170731707,252.44664868433333,35.0909756097561,SP
058cb5aeb36d7c0fcae20fc85d5e0a59,12,13,8,-11.583333333333334,9.0,8.333333333333334,3.3846153846153846,30.76923076923077,4,102.15384615384616,36.33947842646744,59.95538461538462,RJ
bba3293d6f5d5af2f415e004e8b93ae3,17,17,7,-9.0,9.0,5.882352941176471,4.294117647058823,17.647058823529413,3,688.3588235294118,189.20285455967468,19.217058823529413,SP
34056b8b55c1775a22af2331670a799c,78,78,58,-10.92207792207792,27.0,11.688311688311687,4.0,23.07692307692308,18,82.76153846153846,45.68411082660997,22.749871794871797,SP
3d8fa2f5b647373c8620330c4e077a9f,43,49,11,-13.020833333333334,13.0,2.083333333333333,4.044444444444444,24.444444444444443,11,73.97387755102041,27.497336751063013,16.89183673469388,SP
2c4c47cb51acd5ea5db5e0ae0e26542a,12,15,4,-13.333333333333334,-2.0,0.0,4.6,0.0,0,171.72666666666666,32.40292616122075,22.764666666666667,SP
a06c8ff043abea0528ee44171e2140a2,8,8,6,-10.875,-6.0,0.0,4.75,0.0,0,64.3125,47.22369071012678,11.55375,MG
bf3c6d2a28b2b5501e6c15448982dcc9,35,43,10,-12.0,1.0,2.3255813953488373,4.418604651162791,13.953488372093023,6,92.01162790697674,49.02847670730963,16.084883720930232,SP
a080fc8a850289b27500f6b49cca2553,4,4,4,-9.5,-7.0,0.0,4.75,0.0,0,95.75,48.35545470781968,13.1425,SP
9d4db00d65d7760644ac0c14edb5fd86,98,100,41,-11.676767676767676,17.0,4.040404040404041,4.515151515151516,9.090909090909092,9,99.797,54.83687168283395,15.3311,SP
7681ef142fd2c19048da7430856b5588,59,78,24,-9.415584415584416,34.0,7.792207792207792,4.131578947368421,18.42105263157895,14,410.4847435897436,304.5434339770024,37.65564102564103,SP
bd697db56ff8e7c9cd1abeb7f72029b2,22,22,18,-12.666666666666666,-3.0,0.0,4.181818181818182,18.181818181818183,4,139.53545454545454,58.91699348415634,15.700909090909091,SP
02ecc2a19303f05e59ce133fd923fff7,21,24,17,-15.041666666666666,-3.0,0.0,4.541666666666667,16.666666666666668,4,219.34125,58.01112309477719,19.925416666666667,SP
d66c11a9572221d92fbb8c4897db5f9b,16,16,9,-11.25,-2.0,0.0,4.5625,12.5,2,48.535,38.588716139997885,24.23875,RJ
0570350b23eda5444f8d1d9544932058,6,11,3,-13.090909090909092,-10.0,0.0,5.0,0.0,0,56.99090909090909,7.0435011954928415,11.350909090909092,SP
615005a3ef192c00c6f0e977cee3d2bc,10,11,2,-11.0,5.0,9.090909090909092,3.909090909090909,27.272727272727277,3,26.045454545454547,4.530863855020064,14.149090909090908,SP
0951a6e282947e09cd47969f4ed0b47f,7,7,2,-7.571428571428571,-3.0,0.0,4.857142857142857,0.0,0,70.32857142857142,23.149277475097307,12.574285714285717,SP
6e4a902d1054e4e17aa6eab87fac1c75,7,8,4,-5.125,4.0,12.5,4.25,12.5,1,73.32125,24.415102724982106,13.64125,SP
3fd1e727ba94cfe122d165e176ce7967,37,38,12,-8.805555555555555,15.0,19.444444444444443,3.8157894736842106,31.57894736842105,12,73.82105263157895,36.21585555328791,15.50578947368421,SP
c4fabeea6e569d42d02993bb1f4f1cbc,11,11,3,-5.2727272727272725,23.0,9.090909090909092,4.0,18.181818181818183,2,78.11818181818182,17.76827612245027,25.201818181818183,CE
10cdd491d1dbea8fb4ead97b19c334ce,3,3,2,-18.0,-14.0,0.0,5.0,0.0,0,69.63333333333334,35.276101447486134,26.286666666666665,MG
b19f3ca2ea475913750f25a5c37c8d8f,24,24,19,-7.052631578947368,20.0,31.57894736842105,2.7916666666666665,58.333333333333336,14,258.45458333333335,233.23261336903397,56.11,MG
8fdca8e349553f99bc738833a62c8802,22,29,4,-12.344827586206897,6.0,3.4482758620689653,4.357142857142857,10.714285714285714,3,34.115172413793104,34.43342796725813,13.133793103448276,SP
3935fe5fe0f82787a9dcb8deb62be09d,16,17,8,-10.647058823529411,3.0,11.764705882352942,3.941176470588236,35.294117647058826,6,98.9229411764706,25.82167228432008,24.685882352941174,SP
dc317f341ab0e22f39acbd9dbf9b4a1f,55,58,7,-15.189655172413794,47.0,5.172413793103448,4.120689655172414,18.96551724137931,11,327.3862068965517,157.95359239432395,61.753965517241376,RS
3d4b1ae7539303b5704493798893e82c,6,9,6,-10.444444444444445,-8.0,0.0,4.666666666666667,0.0,0,119.55555555555556,90.17082553563418,16.18777777777778,SP
6ee85be3693ed79a8e80718743d80655,9,13,4,-5.2,24.0,40.0,1.9230769230769231,76.92307692307692,10,37.26923076923077,12.701075060494198,13.14,SP
4e6015589b781adaa5ce7f1892d06bb1,3,3,1,-12.666666666666666,-8.0,0.0,3.6666666666666665,33.333333333333336,1,228.0,0.0,18.83333333333333,SP
70eea00b476a314817cefde4aad4f89a,108,115,30,-12.283185840707963,20.0,6.1946902654867255,4.353982300884955,15.04424778761062,17,280.0395652173913,372.7891278777379,24.36208695652174,SP
a3dd39f583bc80bd8c5901c95878921e,34,38,3,-11.86842105263158,2.0,2.631578947368421,4.605263157894737,5.2631578947368425,2,122.62657894736842,71.20471371719468,21.72394736842105,BA
c8417879a15366a17c30af34c798c332,26,36,15,-9.885714285714286,1.0,2.857142857142857,4.0285714285714285,22.857142857142858,8,49.10833333333333,33.14674192134123,13.542777777777776,SP
c8467937e403e76a8ee9f0ab13f6f5ef,30,33,6,-9.484848484848484,11.0,12.12121212121212,4.133333333333334,16.666666666666668,5,56.17545454545454,57.033987733790646,17.846969696969698,MG
0ff83046c3fa22efee8ecf291888b191,10,11,6,-17.272727272727273,-8.0,0.0,4.818181818181818,0.0,0,69.9,0.0,23.134545454545453,RS
232a6014e7b10cba61c6c2b2ea6bb4b0,33,36,20,-14.257142857142858,6.0,2.857142857142857,4.085714285714285,20.0,7,108.88527777777776,60.376112233995855,33.70555555555556,SP
ab27bbbad5239bc31a34709275a70db4,3,11,3,-11.545454545454543,-1.0,0.0,5.0,0.0,0,34.80909090909091,1.044465935734187,9.286363636363635,SP
c5f7e746b7e6d07def6c0dae9903279b,10,11,5,-17.181818181818183,-5.0,0.0,4.454545454545454,18.181818181818183,2,129.9090909090909,122.42994286158476,20.901818181818182,PR
d8c7ba53e7e38711eaef8c2849d6d2e1,22,22,6,-18.545454545454547,-2.0,0.0,4.5,18.181818181818183,4,54.13045454545455,38.16434816962188,27.15772727272727,PR
8090490573c6c0aa343a7231ebcb8c86,26,26,9,-11.5,34.0,7.6923076923076925,4.1923076923076925,23.07692307692308,6,148.88923076923078,144.07195571444367,16.419615384615383,SP
cb5df0dcb9e280b1780e9d589889f2c7,16,19,15,-16.333333333333332,13.0,16.666666666666668,2.555555555555556,61.11111111111112,11,154.45894736842106,56.155018465230775,39.71,SP
dfc475d54e1b6dbeeb7d7d9bdaa63827,19,21,5,-15.4,0.0,0.0,4.380952380952381,14.285714285714286,3,85.41714285714286,56.97003441659985,20.68142857142857,PR
c3ee2331a724e6fc02c4b698b57a73f3,2,3,2,-8.0,-6.0,0.0,3.0,100.0,3,449.0,0.0,46.96,SP
3e8bd881d92466e63ba9e3e809cd3c50,9,10,8,-7.555555555555555,5.0,33.333333333333336,4.222222222222222,22.22222222222222,2,224.228,83.409505426873,20.797,RJ
299c89a525fee36c567f4fe72f038100,2,2,2,-5.0,-5.0,0.0,2.0,100.0,2,329.0,197.9898987322333,49.875,CE
b26741d31a563d769b4af0465ab20c56,2,2,2,-18.0,-9.0,0.0,4.0,0.0,0,324.0,35.35533905932738,23.515,SC
09f952a5f58d2285b0372551ae8f9b01,50,56,11,-12.125,58.0,5.357142857142857,3.875,32.142857142857146,18,211.09821428571428,127.49287187357348,27.231428571428573,SP
c43d924a0f1688ee9fae0efcd6f539d4,1,1,1,-32.0,-32.0,0.0,4.0,0.0,0,29.9,0.0,15.11,RJ
179d859f51292aac5c10806a356f7af9,18,19,8,-9.842105263157896,3.0,5.2631578947368425,4.315789473684211,15.789473684210526,3,21.287894736842105,1.689600804093376,20.83157894736842,SP
c12b92bf1c350f3e6bf88d3596219c86,17,17,9,-13.117647058823527,1.0,5.882352941176471,3.882352941176471,23.529411764705884,4,282.8694117647059,102.60474230454628,26.121176470588235,SP
376a891762bbdecbc02b4b6adec3fdda,57,58,13,-15.310344827586206,11.0,3.4482758620689653,4.672413793103448,6.896551724137931,4,110.45224137931037,93.61280224419568,22.19655172413793,GO
bccf933e006e9b94a6184af782963e77,45,46,22,-13.282608695652174,5.0,2.1739130434782608,4.533333333333333,8.88888888888889,4,90.49434782608697,41.69149828880245,19.22760869565217,SP
768a86e36ad6aae3d03ee3c6433d61df,17,17,8,-8.823529411764707,8.0,11.764705882352942,4.647058823529412,5.882352941176471,1,34.55647058823529,11.184791538723728,10.60235294117647,SP
c37b2059d4f90d4feead554e5246565e,12,16,10,-4.375,14.0,43.75,3.75,31.25,5,52.45625,9.38629985670605,13.87375,SP
e83c76265fc54bf41eac728805e4da77,8,8,3,10.25,159.0,12.5,3.625,50.0,4,29.6625,7.39651220894976,12.39875,SP
6d22a1fcebb6dd08c9cd90b92a93e8d0,12,13,9,-10.23076923076923,-2.0,0.0,4.307692307692308,23.07692307692308,3,55.66923076923077,44.06841999692797,17.133076923076924,SC
48985c61529077fa4f1e38bcff0f2ed3,7,7,2,-21.428571428571427,-10.0,0.0,4.428571428571429,0.0,0,125.61428571428571,11.338934190276817,21.152857142857144,RS
cd3d09fbe6e3e9ff0c0ac0c300e93ae7,12,12,11,-9.75,15.0,8.333333333333334,4.166666666666667,16.666666666666668,2,54.25333333333333,25.87835470860237,19.099166666666665,SP
af4a0e4cfe1d9c26b6712b1be25a72e5,21,26,17,-13.576923076923077,7.0,3.8461538461538463,3.5,42.30769230769231,11,336.8453846153846,262.9060301359521,22.83153846153846,MG
b5bb2b985208834bd5bd86c7a402bbad,2,2,1,-19.0,-18.0,0.0,5.0,0.0,0,310.53,0.0,19.33,RS
ec933281fb017b5020d06df29c3f77e8,8,8,3,-13.25,-4.0,0.0,5.0,0.0,0,179.0,8.864052604279184,28.85625,SP
f3862c2188522d89860c38a3ea8b550d,1,1,1,-8.0,-8.0,0.0,5.0,0.0,0,15.5,0.0,12.79,SP
f419677537694f0462a91990df6ca44f,6,6,6,-6.333333333333333,9.0,16.666666666666668,4.0,33.333333333333336,2,36.75,15.20177621200891,13.13,SP
f18112da765e0971ca5d510dec322bdd,2,2,2,-7.5,-6.0,0.0,4.0,0.0,0,163.9,7.071067811865476,41.475,SC
612a743d294c27884fb7b80d2b19ba35,2,3,2,-23.666666666666668,-1.0,0.0,4.333333333333333,0.0,0,1019.2333333333332,1715.307649762378,34.81666666666667,PR
6e13dd869aa7185f601c941423abcc8f,5,6,2,-12.333333333333334,-9.0,0.0,4.833333333333333,0.0,0,87.0,4.69041575982343,12.68,SP
03a2a6dcbe45d639c4dc2a0d24769c40,9,9,7,-12.555555555555555,11.0,11.11111111111111,4.111111111111111,22.22222222222222,2,119.82333333333334,46.60371363958027,19.13888888888889,SP
32b8764b4ef628b53608fc34011fcc13,36,38,11,-14.736842105263158,1.0,2.631578947368421,4.2368421052631575,23.68421052631579,9,233.7894736842105,80.99054262264268,78.16894736842106,SC
5a425cc503b39b262a847fd6212bf53b,15,15,9,-9.928571428571429,7.0,7.142857142857143,4.214285714285714,14.285714285714286,2,90.706,37.96771519518731,17.967333333333332,PR
cfd7ddab722b902f7ac5b5f3ba6d723d,12,13,8,-12.461538461538462,-4.0,0.0,4.538461538461538,15.384615384615383,2,260.3869230769231,274.3838433163967,51.77538461538462,MG
977f9f63dd360c2a32ece2f93ad6d306,24,25,19,-10.833333333333334,8.0,8.333333333333334,3.8,36.0,9,114.3548,64.94988536813082,37.3992,SP
8fbd63429be6d3e5e6d1a709b6464802,6,8,4,-20.375,-9.0,0.0,4.625,0.0,0,132.675,47.13690546846343,22.44625,SP
92d14edfb62ee5ae7fdff70b0f4e7233,8,13,5,-12.23076923076923,-7.0,0.0,2.769230769230769,61.53846153846154,8,24.76923076923077,18.69114695140388,12.742307692307692,SP
a5bff0f43eb51f0cad7c37fac7244c8a,4,5,2,-13.0,-5.0,0.0,4.8,0.0,0,89.0,0.0,19.254,SP
324583d68897f5ddbaf38f6248322176,2,3,1,3.0,11.0,66.66666666666667,1.0,100.0,3,28.0,0.0,14.663333333333334,SP
cb41bfbcbda0aea354a834ab222f9a59,12,12,3,9.545454545454543,175.0,36.36363636363637,3.333333333333333,33.333333333333336,4,333.5,96.78514160946212,73.89,SP
67225bff54a172ff67579aaf583efd78,8,8,7,-11.375,0.0,0.0,4.5,25.0,2,154.75,133.8076978353637,19.38875,PA
411f3b52d857390502ee4e4d5ceabc2d,21,30,13,-7.033333333333333,25.0,6.666666666666667,4.25925925925926,11.11111111111111,3,60.13366666666667,62.51829059168003,12.623666666666669,SP
29fe9f200d3fa0c668d2aa1ec7e08dfb,5,5,4,-16.0,-7.0,0.0,4.0,20.0,1,80.0,0.0,22.832,SC
417a1e6c7321084d2a0ae0d023cfad93,1,1,1,-17.0,-17.0,0.0,5.0,0.0,0,48.9,0.0,12.48,RS
112453736dbe3889cfb74e1aaa0ba0c1,7,14,2,-8.142857142857142,-2.0,0.0,4.071428571428571,28.571428571428573,4,135.0,0.0,18.912142857142857,SP
165b1235e9e9942cb5fae67103576fb0,11,16,9,-8.3125,6.0,6.25,4.3125,18.75,3,130.321875,90.78445052017445,25.290625,SP
d5c530f4884a75ae0dba9c148718d278,6,9,6,-14.125,1.0,12.5,2.6666666666666665,55.55555555555556,5,31.20888888888889,14.660755816502473,18.227777777777774,MG
ab9db4cf53b08b828b64dccaafc2d9f0,5,5,4,-19.5,-12.0,0.0,4.2,20.0,1,55.534,35.2621132378648,25.152,RS
f52c2422904463fdd7741f99045fecb6,12,13,10,-10.384615384615383,0.0,0.0,4.307692307692308,23.07692307692308,3,43.676153846153845,51.772063499288485,13.616153846153846,SP
6bb66d9870c2e01c05655c7ed0e7ee13,3,3,1,-15.333333333333334,-10.0,0.0,3.6666666666666665,33.333333333333336,1,89.66666666666667,5.033222956847166,17.34,SP
883dd81e82754ac2c65e9790a7db8c9a,5,5,4,-18.8,-11.0,0.0,4.4,20.0,1,63.9,15.1657508881031,14.992,PR
bb7ad8a45c027be8ab075b8e465f8ca0,2,2,1,-14.0,-11.0,0.0,5.0,0.0,0,9.99,0.0,16.32,SC
262237171f48e85819065498cac80d7b,4,10,1,-11.5,-1.0,0.0,4.3,0.0,0,59.9,0.0,15.0,SC
a154d7316f158bb42e6fa18bbe3afd3a,2,2,1,16.5,42.0,50.0,3.0,50.0,1,69.9,0.0,25.165,SP
ce33c6211beaa8fef4cae8b52db39862,1,1,1,-11.0,-11.0,0.0,3.0,100.0,1,49.0,0.0,14.52,SP
a1474fd46fd3430168f7ec202da39408,12,14,8,-12.0,9.0,14.285714285714286,4.428571428571429,7.142857142857143,1,196.6071428571429,166.2000565319061,47.21571428571429,SP
5d378b73ab7dd6f0418d743e5dcb0bd1,7,7,3,2.833333333333333,100.0,16.666666666666668,3.857142857142857,14.285714285714286,1,1891.857142857143,168.3957922786162,56.182857142857145,SP
9bc484c87d79cd4874e05ca182658045,9,9,9,-5.125,11.0,12.5,4.0,22.22222222222222,2,124.44444444444444,115.31192599977584,16.65222222222222,SP
139157dd4daa45c25b0807ffff348363,1,1,1,-13.0,-13.0,0.0,4.0,0.0,0,29.9,0.0,7.78,SP
41b14765bd56c8ad10971074380f9c0c,8,10,2,-15.1,-5.0,0.0,4.1,30.0,3,39.55,15.969502183850317,11.913,SP
11fb6f6d341adbe19e81733701704635,3,3,1,-7.333333333333333,-5.0,0.0,5.0,0.0,0,399.0,0.0,133.22,SP
c64a2aec32cc408a8a4c6d7c46017f91,9,9,2,-12.22222222222222,-5.0,0.0,3.888888888888889,22.22222222222222,2,357.94444444444446,86.41666666666667,45.18555555555555,RS
f0e103c63864d5405b958d984b6e94c9,11,11,7,-12.0,-3.0,0.0,4.727272727272728,0.0,0,86.51818181818182,56.89660478766405,13.61,SP
b5dd7151a92ccaaa282cbe9681a05f44,1,1,1,-6.0,-6.0,0.0,5.0,0.0,0,85.0,0.0,18.7,SP
101a3a003516bc11253298b2fad3cb65,5,6,2,-7.833333333333333,-3.0,0.0,4.833333333333333,0.0,0,75.0,80.87026647662292,12.333333333333334,SP
9dd459b29a14bf89d47183cf2cd0e4c7,2,2,2,-6.0,1.0,50.0,5.0,0.0,0,90.0,84.8528137423857,9.41,SP
12a8eb0f8d1cd3270695bf2a99f55966,2,2,2,-10.0,0.0,0.0,3.5,50.0,1,198.5,89.80256121069154,19.835,SP
6601ee6383e7f452be71929f8de48bbb,2,2,2,-17.5,-12.0,0.0,4.0,0.0,0,76.8,32.38549057834388,14.17,SP
4c1c7281388a33dd06daac44f9fadbd1,5,5,5,-16.4,-10.0,0.0,4.8,0.0,0,37.664,16.986457252764627,16.318,SP
1cd9e0cc1839d55516843def5600816d,5,5,2,-10.2,-3.0,0.0,5.0,0.0,0,165.0,60.24948132556828,20.344,SP
1f7fd2a6fcd5a6fa5d8a4dabc72aaae0,3,3,2,-16.666666666666668,-14.0,0.0,5.0,0.0,0,177.26666666666668,32.67802523613282,33.626666666666665,RS
7dea6f73af847b42cc3985bd620f994d,2,2,2,-11.5,-11.0,0.0,4.0,50.0,1,162.0,18.384776310850235,28.085,PR
54583ab379489add547fe47b628db589,10,10,6,-6.2,-1.0,0.0,4.8,0.0,0,224.0,54.81281277625191,15.108,SP
41da412d33e8da4f22baf55cb1bde82c,15,21,10,-19.19047619047619,-12.0,0.0,4.714285714285714,4.761904761904762,1,41.09047619047619,21.14563559607289,17.81714285714286,ES
fe4cd9461203cee790d36792420b310f,3,3,2,-10.0,-6.0,0.0,4.0,33.333333333333336,1,130.38333333333333,15.669423516305038,18.126666666666665,MG
0e72c1a751b496722a6cb1f10653b62a,3,3,3,-12.333333333333334,-1.0,0.0,4.666666666666667,0.0,0,46.93333333333333,22.46782885223522,17.1,SP
052577151711aec5c744fe12e66db3e1,4,4,1,-12.0,-12.0,0.0,2.25,75.0,3,687.0,0.0,55.605,SC
a7dc4098e4da6e41b426269d12ae7e91,2,3,2,-6.333333333333333,-5.0,0.0,3.6666666666666665,33.333333333333336,1,172.66666666666666,4.618802153517006,12.15,SP
7caa63f175b1cecbfaadd8b5ab9998c7,2,2,2,-22.0,-22.0,0.0,2.0,100.0,2,19.9,0.0,10.265,SP
c0f3eea2e14555b6faeea3dd58c1b1c3,1,1,1,-16.0,-16.0,0.0,5.0,0.0,0,79.99,0.0,15.66,SP
a4e634166243bbb3a13fa584463fa468,2,2,2,,,,2.0,100.0,2,77.775,87.50446417183525,22.815,SP
ba6b4a237f92479743cf0ca06b67a9ac,8,8,5,-5.25,14.0,12.5,4.25,25.0,2,100.23625,44.997243705269646,13.9775,RJ
5145090ab595c0d0b8557199f5701fbf,4,4,4,-25.5,-13.0,0.0,4.25,25.0,1,364.9,231.01226518664905,49.4625,PR
7c51de0ab286204ce75ff42bf7c10d92,4,4,3,-16.0,-13.0,0.0,4.5,0.0,0,189.75,53.74244132899063,37.41,SC
63b9ae557efed31d1f7687917d248a8d,5,7,6,-18.857142857142858,-3.0,0.0,4.428571428571429,14.285714285714286,1,19.928571428571427,8.124184940803659,14.687142857142858,SP
1710c3aaa9c6b44ec3883ee0fe300e21,2,2,2,-9.0,-8.0,0.0,5.0,0.0,0,594.45,430.6987404207261,18.825,SP
bfd938b22bc99bce1ae60dc602889f52,6,12,4,-25.166666666666668,-14.0,0.0,3.083333333333333,50.0,6,76.9,59.35103583380373,16.288333333333334,RJ
422be4cc81a457fdb46f47edeb968ae5,1,1,1,-21.0,-21.0,0.0,5.0,0.0,0,239.9,0.0,77.47,SP
a7a9b880c49781da66651ccf4ba9ac38,3,4,4,-12.5,-5.0,0.0,3.75,25.0,1,76.9,8.831760866327848,16.3675,SP
f7c31656c19db6275a8acadca289f426,1,1,1,-9.0,-9.0,0.0,3.0,100.0,1,61.56,0.0,16.19,SP
0a198e95d32b1be2da9424c962a6ebfa,1,1,1,-4.0,-4.0,0.0,5.0,0.0,0,69.99,0.0,16.68,MG
2b3b9ce054da76a7428df143a567b156,5,6,3,-17.666666666666668,-4.0,0.0,3.1666666666666665,33.333333333333336,2,50.16666666666666,21.67410128855789,10.38,SP
5b92bfa4120daa27c574daa2e386c693,1,1,1,-9.0,-9.0,0.0,3.0,100.0,1,14.0,0.0,10.96,SP
8e29d051f810eb22959ede205b462b9f,2,2,1,4.0,27.0,50.0,4.0,50.0,1,299.9,0.0,106.74,SP
20611af7866c6068fd5ae1f9dbe15c92,2,2,2,-13.5,-13.0,0.0,4.5,0.0,0,109.9,0.0,57.25,SP
8de8fe3af4449ed695d2434c933ed73e,1,1,1,-20.0,-20.0,0.0,5.0,0.0,0,2090.0,0.0,65.35,SP
dbec9a0a7efeff029d4d9dce7dc4cc95,3,3,2,-12.0,-4.0,0.0,4.0,33.333333333333336,1,390.0,17.320508075688775,39.53,MG
6e85dc5ecd97a61094b89b046a509d8e,1,1,1,,,,1.0,100.0,1,169.9,0.0,12.69,SP
13e85aac53340018b40c2af68001b7e0,1,1,1,-35.0,-35.0,0.0,5.0,0.0,0,17.8,0.0,14.12,SP
c04d70d515d15a7e3db3a73320598566,3,4,3,-22.5,-16.0,0.0,5.0,0.0,0,39.55,0.7,14.155,RJ
2d378dbb39815785238c0139c7647fb7,2,2,1,-18.0,-15.0,0.0,5.0,0.0,0,577.0,110.3086578651014,150.22,SC
c18309219e789960add0b2255ca4b091,1,1,1,-9.0,-9.0,0.0,5.0,0.0,0,9.9,0.0,14.1,RJ
afac9f6b0c4e5f0a7ee87e922cd0f873,1,1,1,,,,1.0,100.0,1,20.99,0.0,11.85,SP
aadfe0417e61315688b6bd7043361e25,1,1,1,-16.0,-16.0,0.0,4.0,0.0,0,289.9,0.0,14.28,GO
58b98ccb79873e04eac4357cacc590d9,1,1,1,,,,1.0,100.0,1,23.0,0.0,8.91,SP
698f5fa55a5f73d0740e9d9a773e8093,4,6,2,-14.666666666666666,-11.0,0.0,4.833333333333333,0.0,0,20.0,19.595917942265423,13.998333333333331,RJ
b76f4d90e85657a240495c876313adc5,1,1,1,-6.0,-6.0,0.0,5.0,0.0,0,299.0,0.0,19.3,SP
6561d6bf844e464b4019442692b40e02,1,1,1,-7.0,-7.0,0.0,5.0,0.0,0,41.9,0.0,7.55,SP
cd52a8efd71af3336b14b5039b951cc1,3,3,1,-8.5,-7.0,0.0,2.333333333333333,100.0,3,56.93333333333333,1.78978583448784,19.91333333333333,SP
791cfcfe22fe4a771ece27f90017da92,2,2,1,5.0,5.0,100.0,1.5,100.0,2,298.13,0.0,28.745,SP
70f7e8018e3d46c748c92f026aa2585a,1,2,2,-22.0,-22.0,0.0,5.0,0.0,0,119.9,0.0,18.94,SP
d1a5cc844736958c11b8efab9a2b4c87,1,1,1,8.0,8.0,100.0,1.0,100.0,1,237.6,0.0,16.41,PR
dd9661d3cda1e6feb237f0c4d8b26f2e,1,1,1,-11.0,-11.0,0.0,5.0,0.0,0,174.0,0.0,16.98,SC
2eeb6531ee027a48d401e72bebdd87d3,3,3,3,-27.33333333333333,-22.0,0.0,4.333333333333333,0.0,0,12.9,5.196152422706632,13.333333333333334,SP
4965a7002cca77301c82d3f91b82e1a9,1,1,1,-13.0,-13.0,0.0,5.0,0.0,0,8.49,0.0,7.87,SP
ceb7b4fb9401cd378de7886317ad1b47,1,1,1,,,,3.0,100.0,1,399.9,0.0,16.55,RJ
0936e1837d0c79253456bbb2ffaaef10,1,2,1,-12.0,-12.0,0.0,5.0,0.0,0,19.45,0.0,15.56,SP
2ef086a599b597572aca4433b7ed6b3d,1,1,1,-15.0,-15.0,0.0,5.0,0.0,0,49.0,0.0,15.1,SC
9e25199f6ef7e7c347120ff175652c3b,1,1,1,-14.0,-14.0,0.0,4.0,0.0,0,12.5,0.0,14.52,SP
8b181ee5518df84f18f4e1a43fe07923,1,1,1,-22.0,-22.0,0.0,5.0,0.0,0,27.9,0.0,27.08,SP
6560211a19b47992c3666cc44a7e94c0,1854,2039,256,-11.716783216783217,65.0,5.1448551448551445,3.90940594059406,28.663366336633665,579,60.6109955860716,33.614338230590675,13.756895537027956,SP
77530e9772f57a62c906e1c21538ab82,320,392,171,-10.903645833333334,46.0,8.854166666666666,4.053846153846154,23.07692307692308,90,120.2969387755102,81.35750407224774,21.71311224489796,PR
f4aba7c0bca51484c30ab7bdc34bcdd1,110,117,12,-15.565217391304348,21.0,6.086956521739131,3.895652173913044,29.565217391304348,34,25.724700854700856,11.305293128064603,13.2282905982906,SP
f00e21b1e91a79653163b7fd8f293ff1,31,31,29,-16.225806451612904,32.0,3.225806451612903,4.1,26.666666666666668,8,125.80935483870968,69.93519938416723,18.418387096774197,SP
f80edd2c5aaa505cc4b0a3b219abf4b8,119,128,23,-12.136,9.0,6.4,4.078740157480315,22.04724409448819,28,71.1578125,32.488216178373904,23.44328125,SP
e5a3438891c0bfdb9394643f95273d8e,224,257,185,-6.582329317269076,37.0,16.06425702811245,3.81496062992126,31.496062992125985,80,30.295525291828795,13.818456769006332,13.259571984435798,SP
18a349e75d307f4b4cc646a691ed4216,121,148,42,-14.84375,29.0,4.6875,3.394557823129252,40.81632653061224,60,58.86168918918919,49.59881958202181,14.851554054054054,SP
6a38087bc8ad4f89ff453561005f6dea,15,22,3,-11.909090909090908,-1.0,0.0,4.409090909090909,9.090909090909092,2,83.33772727272728,52.85930173870092,24.905454545454543,GO
6b243f80ed07b10f0e8aa0f21a205f3c,79,89,31,-14.426966292134832,29.0,3.3707865168539324,4.022471910112359,23.59550561797753,21,70.338202247191,31.171430340275236,17.385393258426966,PR
ccc4bbb5f32a6ab2b7066a4130f114e3,187,192,12,-16.85185185185185,50.0,6.349206349206349,4.282722513089006,16.75392670157068,32,385.4407291666666,187.12804362097407,27.380104166666666,PR
8d956fec2e4337affcb520f56fd8cbfd,211,229,52,-10.63157894736842,20.0,5.701754385964913,4.192139737991266,18.34061135371179,42,48.262532751091705,24.290093617419465,14.5653711790393,SP
ca3bd7cd9f149df75950150d010fe4a2,71,138,51,-16.85925925925926,8.0,0.7407407407407407,3.724637681159421,30.43478260869565,42,70.52065217391305,71.60392933807374,24.92405797101449,SP
056b4ada5bbc2c50cc7842547dda6b51,65,66,23,-12.461538461538462,104.0,10.76923076923077,4.123076923076923,16.923076923076923,11,186.86954545454543,126.8570499472878,19.78818181818182,RJ
8931a84a914b3fe9b1ddaa4d704947ca,29,32,16,-8.9375,10.0,15.625,3.774193548387097,29.032258064516128,9,145.884375,107.2443971297606,13.2684375,SP
6fd52c528dcb38be2eea044946b811f8,67,84,48,-11.226190476190476,14.0,10.714285714285714,3.5,36.58536585365854,30,92.17880952380952,47.04402729985803,13.554285714285715,SP
ce7d1888639e6fb06b2749cbfdac1ff7,78,84,14,-12.833333333333334,31.0,8.333333333333334,4.107142857142857,22.61904761904762,19,140.4034523809524,13.418085753447164,36.698214285714286,MG
76d5af76d0271110f9af36c92573f765,131,159,82,-12.483870967741936,17.0,8.387096774193548,4.082278481012659,22.151898734177216,35,210.4503144654088,263.8140806369242,25.660125786163523,SP
41ab63a91b8b264e8c8780368bf1dd5b,12,13,9,-22.307692307692307,-13.0,0.0,4.230769230769231,15.384615384615383,2,197.84230769230768,93.17208864549566,23.251538461538463,MG
6338ea67c41078a46ad99cc009654956,37,44,21,-15.772727272727272,-1.0,0.0,4.609756097560975,4.878048780487805,2,51.956590909090906,32.47722865533755,21.006818181818183,RS
8a432f4e5b471f8da497d7dc517666e2,95,106,48,-12.41509433962264,10.0,1.8867924528301887,4.201923076923077,20.192307692307693,21,71.27358490566037,26.948109932439003,18.53877358490566,SP
ea67327e24487bdfac5fbfa37ea124df,32,34,24,-15.235294117647058,18.0,2.9411764705882355,3.5588235294117645,38.23529411764706,13,183.82882352941175,124.2028235116696,27.355882352941176,SP
79ebd9a61bac3eaf882805ed4ecfa12a,136,145,115,-12.366197183098592,19.0,4.225352112676056,4.006896551724138,24.13793103448276,35,105.50062068965518,58.50151945107316,28.637793103448278,PR
5b2e94f2c22b39ccc24d34ad0f669672,10,10,5,-12.8,4.0,10.0,4.9,0.0,0,94.978,25.638372629929364,39.036,SP
30829ded4523ab9224b93bc49a62c95f,18,31,13,-18.64516129032258,7.0,3.225806451612903,3.5806451612903225,35.483870967741936,11,222.9583870967742,155.3286729722231,20.580645161290324,RS
2dee2ce60de9709b1a24083217181a1f,54,55,8,-17.145454545454545,4.0,3.636363636363636,4.363636363636363,16.363636363636363,9,141.53636363636363,33.552978361128496,37.455636363636366,MT
e9d99831abad74458942f21e16f33f92,130,149,35,-9.718120805369129,54.0,9.395973154362416,3.905405405405405,27.027027027027028,40,33.036778523489936,16.03846846282553,13.37973154362416,SP
f4a04f7be452aa3bb31760bf00055dd0,18,18,8,-19.88888888888889,0.0,0.0,4.666666666666667,11.11111111111111,2,72.89444444444445,41.04394305421823,13.436111111111112,SP
aafe36600ce604f205b86b5084d3d767,129,131,30,-13.15267175572519,28.0,3.816793893129771,4.3816793893129775,13.740458015267176,18,70.62137404580153,44.93753614764112,18.48702290076336,SC
1838dd9b8977065acf51d95e0053ea7a,64,67,14,-11.092307692307692,3.0,3.076923076923077,4.2388059701492535,19.402985074626866,13,42.09402985074627,22.91634245895416,18.74,MG
080199a181c46c657dc5aa235411be3b,79,83,40,-9.650602409638552,34.0,1.2048192771084338,4.609756097560975,4.878048780487805,4,174.74939759036144,15.180039634046205,12.538313253012047,SP
1996942dc085d7773ba77a529b163cd0,10,10,8,-18.77777777777778,-5.0,0.0,3.9,20.0,2,294.351,179.06599438009812,23.992,SP
6039e27294dc75811c0d8a39069f52c0,64,76,10,-7.133333333333334,26.0,21.33333333333333,3.842105263157895,34.21052631578947,26,181.58684210526317,99.5955398494066,31.72026315789474,SP
dee656f0f566ed1aa85bd137c943f08f,93,95,32,-14.117021276595745,26.0,4.25531914893617,4.382978723404255,13.829787234042554,13,66.02084210526316,39.806786539514384,17.859894736842104,SP
76d64c4aca3a7baf218bf93ef7fa768d,64,70,37,-15.528571428571428,12.0,2.857142857142857,4.128571428571429,22.857142857142858,16,245.45285714285717,148.22874872385643,50.904428571428575,PR
373ee4a3a775a733770ca3f790b8b9ac,13,23,9,-9.652173913043478,14.0,8.695652173913043,4.0,21.73913043478261,5,94.91608695652174,177.9203423327706,13.009565217391303,RJ
6df688df543f90e9b38f4319e75a9d88,40,56,23,-15.290909090909093,-8.0,0.0,4.517857142857143,12.5,7,34.82071428571429,28.816520126618208,13.992857142857142,MG
acadd4d36859671cb635527c6c977533,12,12,9,-7.083333333333333,56.0,8.333333333333334,4.25,16.666666666666668,2,198.41666666666663,236.47389182561255,22.161666666666665,SP
7b7f91e98f8c6def45a1407923304402,11,14,9,-13.214285714285714,15.0,7.142857142857143,3.5,35.714285714285715,5,29.81928571428572,10.82128349012382,14.501428571428573,SP
81a1104df0f08b59c68aa5b03cfe398e,73,73,17,-13.708333333333334,5.0,4.166666666666667,4.267605633802817,18.309859154929576,13,129.0531506849315,108.7310456774052,24.854657534246574,PR
cd6efc47efaabf134f8bdb654e10b4f1,31,32,10,-14.03125,9.0,6.25,4.5,9.375,3,129.9546875,33.71667281487966,18.7065625,RJ
9b013e03b2ab786505a1d3b5c0756754,174,225,57,-10.136363636363637,22.0,3.1818181818181817,4.0,23.744292237442924,52,40.12177777777778,34.65071320184947,11.574266666666666,SP
b494891378bd8f4560abe576c52deacd,20,22,21,-7.523809523809524,0.0,0.0,4.636363636363637,9.090909090909092,2,134.49545454545455,63.56676637897186,14.178181818181818,SP
52d76513f0c4d97f3b99570e2c94ee31,19,28,15,-19.321428571428573,3.0,3.571428571428572,3.88,40.0,10,291.1821428571429,259.58171853048145,31.759285714285717,RS
f615fe7efbef0f4f08fd3086bc7a3e60,23,24,18,-12.695652173913045,11.0,8.695652173913043,4.375,16.666666666666668,4,98.30291666666666,65.81065993202321,16.237083333333334,SP
e882b2a25a10b9c057cc49695f222c19,57,60,19,-18.933333333333334,-4.0,0.0,4.6,6.666666666666667,4,879.5711666666666,659.4890724608149,50.507,RJ
094ced053e257ae8cae57205592d6712,19,19,13,-15.68421052631579,-6.0,0.0,4.052631578947368,26.31578947368421,5,79.9578947368421,62.15444308592618,24.159473684210525,SP
730937bf88cb151eb2eb849f642fc213,22,26,5,-10.5,2.0,3.8461538461538463,4.423076923076923,7.6923076923076925,2,108.50769230769232,19.82380232098621,17.537307692307692,SP
a435b009cd956ea60748b5cfbddf2e24,3,3,2,2.6666666666666665,21.0,33.333333333333336,4.333333333333333,33.333333333333336,1,120.39333333333332,60.97407673211078,15.07,SP
dc4a0fc896dc34b0d5bfec8438291c80,231,258,167,-11.46,24.0,6.8,3.744186046511628,33.72093023255814,87,97.15608527131783,59.26361350266687,18.73837209302325,SP
39d54ff918774174706fb065d7f9dc07,23,25,16,-12.375,4.0,8.333333333333334,3.8,28.0,7,63.7436,53.81070083171191,14.536,SP
c85d7b477a709c85a1e8b8f25aa1b270,1,2,1,,,,1.0,100.0,2,37.5,0.0,16.11,SP
9b00ed88b7fdb95d6ff76e27c1b52d16,47,51,19,-10.5,10.0,6.0,4.509803921568627,11.764705882352942,6,31.91921568627451,14.165548043494436,11.28392156862745,SP
d29ba1220fb8634fa3a107e54497b8a4,9,9,7,-13.11111111111111,-7.0,0.0,3.2222222222222223,55.55555555555556,5,80.54888888888888,53.88064249905629,20.324444444444445,SP
81336a0f57a33776419727a300249e90,16,19,10,-8.11111111111111,8.0,16.666666666666668,3.684210526315789,42.10526315789474,8,72.36052631578947,61.88687524415318,15.580526315789474,SP
cb9fb4ca75d7ba8437480e8dde64fe98,10,10,3,-11.7,-3.0,0.0,4.0,20.0,2,53.214,14.208717355514146,17.342,SP
0cbcee27c791afa0cdcb08587a2013a8,39,41,13,-15.3,11.0,10.0,3.8536585365853657,36.58536585365854,15,129.85731707317072,28.97187765958484,19.930731707317072,MG
8bd0f31cf0a614c658f6763bd02dea69,33,35,10,-12.914285714285716,8.0,2.857142857142857,4.205882352941177,23.529411764705884,8,127.29542857142856,100.09257889112274,27.65657142857143,SP
9aa388272ee334b6ae07bc73706e254a,6,7,2,-16.285714285714285,-5.0,0.0,3.857142857142857,28.571428571428573,2,96.85714285714286,24.10690476072897,26.208571428571428,MG
113e3a788b935f48aad63e1c41dac1bd,39,48,28,-15.6875,14.0,4.166666666666667,4.404255319148936,14.893617021276595,7,17.653125,13.740421833199129,14.304166666666667,SP
42ef3192a9ff87a22d1867b74b3ee205,23,23,20,-11.043478260869565,-5.0,0.0,4.652173913043479,8.695652173913043,2,58.87347826086957,50.41743111344579,13.125217391304348,SP
e6a69c4a27dfdd98ffe5aa757ad744bc,24,29,13,-16.043478260869566,-7.0,0.0,3.6206896551724137,27.58620689655172,8,71.59310344827587,128.70565819240005,15.266896551724138,SP
e3e290b38963293022cdcd6db8328103,3,3,2,-11.0,-9.0,0.0,3.333333333333333,33.333333333333336,1,45.23333333333333,25.40341184434353,15.446666666666667,SP
afe0067131b73e40875c9b6c10bd2e21,46,46,7,-11.4,10.0,4.444444444444445,4.2,17.77777777777778,8,111.5304347826087,16.635115062424322,24.466304347826085,MG
ffa6adafb71b807dc13159e26431354c,18,18,10,-12.705882352941176,-3.0,0.0,3.7777777777777777,33.333333333333336,6,148.32777777777778,58.15379007987007,29.837777777777777,PR
b18dc380845b24038cfc48006478f099,44,54,12,-11.020833333333334,17.0,10.416666666666666,3.924528301886793,28.30188679245283,15,154.69074074074075,87.32359007935148,16.58574074074074,SP
7ade73f1b9b4e965f9009a4c3a7e2c15,27,28,12,-13.592592592592592,-1.0,0.0,4.777777777777778,7.407407407407407,2,67.15357142857142,20.791121362572717,16.3525,SP
cc63f0dd2acba93ffed4fe9f8e0321fa,55,63,17,-12.317460317460318,-2.0,0.0,4.047619047619048,26.984126984126984,17,112.64619047619048,47.34519774770811,22.221746031746036,SP
48efc9d94a9834137efd9ea76b065a38,33,34,17,-24.352941176470587,-15.0,0.0,5.0,0.0,0,10.16470588235294,2.093407017561676,9.423529411764706,PR
fa1a9dec3a9940c072684a46728bf1fc,55,60,35,-14.983333333333333,-1.0,0.0,3.983050847457627,28.8135593220339,17,111.23333333333332,37.76136787716783,20.0285,SC
238fac594e170b59c6d228f5a4f4f1d9,29,30,6,-10.266666666666667,10.0,13.333333333333334,3.9655172413793114,31.03448275862069,9,104.2,21.986516244092066,47.31733333333333,SP
891071be6ba827b591264c90c2ae8a63,92,99,31,-11.516483516483516,26.0,13.186813186813186,3.717171717171717,32.323232323232325,32,42.497676767676765,41.92005836741056,13.01939393939394,SP
d3f39f05462b79a4562d35893a28f159,34,38,6,-12.297297297297296,20.0,13.513513513513514,3.3684210526315788,42.10526315789474,16,63.455263157894734,17.648439137298524,14.670263157894738,SP
768de2a4fc06aacecb9a586ccc30746a,14,14,2,-12.461538461538462,-1.0,0.0,4.428571428571429,14.285714285714286,2,33.97142857142857,0.9972489631508746,16.995,DF
7ea5bfa6c340f58f8e71fc1f0412b0d6,98,104,9,-10.235294117647058,104.0,5.882352941176471,4.077669902912621,21.359223300970875,22,105.79701923076924,32.3798895060933,15.971057692307692,MG
cc1f04647be106ba74e62b21f358af25,1,1,1,-6.0,-6.0,0.0,1.0,100.0,1,11.9,0.0,8.29,SP
e9511df20ccd82658a30c37b7fb343af,22,30,9,-13.633333333333333,-3.0,0.0,4.466666666666667,10.0,3,69.88666666666667,50.55874516484441,24.216666666666665,SP
07de60b03d150fb3ea09eab5da5e4c8b,9,9,4,-12.666666666666666,7.0,11.11111111111111,4.333333333333333,11.11111111111111,1,79.9,9.486832980505138,18.877777777777776,SP
bb5bd94c8f59cc050072d2930c869cac,16,18,12,-10.61111111111111,0.0,0.0,4.222222222222222,22.22222222222222,4,144.10333333333332,107.07535504878577,17.659444444444443,SP
013900e863eace745d3ec7614cab5b1a,23,26,19,-16.115384615384617,-5.0,0.0,4.730769230769231,7.6923076923076925,2,62.29615384615385,13.535065002259303,18.064230769230768,PR
66dc1b1632bd6a3e508510c5b3492107,37,42,20,-14.439024390243905,5.0,2.4390243902439024,3.4285714285714284,38.095238095238095,16,88.60452380952381,58.98458484865103,17.330238095238094,SP
720e6cf846ea7572cbb66b743fb91e6c,1,1,1,-7.0,-7.0,0.0,5.0,0.0,0,54.0,0.0,14.55,SP
efff9341f3f8f5237b44ff67ed36a7bf,5,5,4,-9.4,-1.0,0.0,4.4,20.0,1,174.598,91.38335745637714,19.932,ES
7cf4ea70955b00d6b3c22542598e2715,1,1,1,-11.0,-11.0,0.0,5.0,0.0,0,189.9,0.0,14.91,SP
8e2b3afb420011ef0c88c9d5f11ea526,11,11,3,-10.727272727272728,2.0,9.090909090909092,4.2727272727272725,27.272727272727277,3,125.86363636363636,35.518650670521616,13.448181818181816,SP
20b54c376b794ed028df09a3cd88e8dc,11,11,8,-3.0,13.0,28.571428571428573,3.0,54.54545454545455,6,122.08636363636364,37.46961042571093,14.872727272727271,SP
f125f3a310c2e5f822d116147de1e474,16,22,4,-10.181818181818182,36.0,9.090909090909092,4.363636363636363,18.181818181818183,4,125.51818181818182,50.5407674802152,13.085909090909093,SP
c794dab4928dd97beb41d05514441e86,16,16,9,-7.4375,35.0,12.5,4.375,12.5,2,82.025,75.47551920987361,14.511875,SP
10ff823eda2b032e2c93d17a7d294736,9,9,6,-14.125,-6.0,0.0,3.888888888888889,33.333333333333336,3,143.88555555555556,47.62525908357642,18.284444444444443,SP
bcf5566870987da7bc811fbc8c5b9fd9,1,4,1,,,,1.0,100.0,4,24.0,0.0,7.78,SP
55a5b51f93f2b70ea513f5a047b0262a,39,41,5,-12.48780487804878,7.0,2.4390243902439024,4.487804878048781,14.634146341463415,6,97.6170731707317,33.22077213460747,20.66048780487805,MG
7ff588a03c2aeae4fbd23f9ae64b760d,14,16,11,-9.5625,-1.0,0.0,4.6875,6.25,1,73.8875,85.52251224092987,13.82375,SP
a4fc6eadaff1576af888509a53420f6a,1,1,1,-6.0,-6.0,0.0,3.0,100.0,1,100.86,0.0,20.76,SP
d1a1b40ec554c593a1a99366746289dd,1,1,1,,,,2.0,100.0,1,49.7,0.0,14.52,PR
257e61d3251fb5efb9daadddbc2cf7ca,12,12,12,-17.666666666666668,-7.0,0.0,4.75,8.333333333333334,1,644.0833333333334,491.9341157537504,89.765,PR
e5f9e61ceb5f523cc966e0f34095032f,4,5,2,-7.4,1.0,20.0,4.2,20.0,1,581.6,121.0466852086417,29.834,SC
8a8835a43bda99fd37310ad76c457510,2,3,2,-4.0,-2.0,0.0,4.333333333333333,0.0,0,74.78,36.00933628935696,11.4,SP
c33a5c3c983090c8b78a28e65052a20d,9,9,3,-14.75,-1.0,0.0,4.222222222222222,22.22222222222222,2,69.9,0.0,16.11777777777778,SC
c0098efcf800861dcae589affca31408,9,9,8,-11.0,0.0,0.0,4.777777777777778,0.0,0,132.14222222222222,99.55655626047158,20.82888888888889,SP
4b39558c138930b9e5489c93b6df5fe3,4,5,3,-14.0,-10.0,0.0,4.6,20.0,1,219.34,79.55606827891886,26.48,SE
ce616e1913288884e7742faac9d981db,15,24,9,-12.454545454545457,4.0,4.545454545454546,4.666666666666667,12.5,3,15.2125,20.81505125373589,11.455416666666666,SP
bc07d855eac23aab5ac8a120f21d16b2,12,13,9,-10.75,9.0,16.666666666666668,4.153846153846154,15.384615384615383,2,98.70076923076924,53.85663816428737,16.39,SP
df0f42bc4c2142eacf0eaf2cffd0cfbb,14,16,2,-9.5625,-1.0,0.0,4.0625,25.0,4,103.375,1.707825127659933,18.278125,SC
c286ec035ee04ba81c97508f0b5df544,2,2,2,-9.0,-9.0,0.0,2.5,50.0,1,246.5,67.17514421272202,36.45,PR
98dddbc4601dd4443ca174359b237166,2,2,1,-10.5,-8.0,0.0,5.0,0.0,0,79.0,0.0,26.835,PR
1771297ac436903d1dd6b0e9279aa505,28,36,9,-16.02777777777778,3.0,2.7777777777777777,4.628571428571429,8.571428571428571,3,80.03527777777778,112.38738758638384,16.254444444444445,SP
6902157ee16728322d61a1321fa79e58,2,2,1,-20.0,-18.0,0.0,3.0,50.0,1,79.9,0.0,15.815,SP
a2b911e9ad40dc7d61c142a4683e2d85,1,1,1,-16.0,-16.0,0.0,5.0,0.0,0,85.9,0.0,34.4,RJ
a5dd1946fb63ada8bcaa0c9cd8f11e22,6,7,6,-9.285714285714286,-2.0,0.0,3.857142857142857,28.571428571428573,2,31.374285714285715,16.671672438743567,29.53,PE
f44b6f775a2b390380e0e30b5c9d3eee,10,10,10,-12.3,-1.0,0.0,4.9,0.0,0,293.0,120.66482503198684,25.824,SP
6179a28a13a726c29b3bf54c070dccab,2,2,1,-10.0,-10.0,0.0,3.0,50.0,1,300.0,0.0,43.12,MG
fac1a9017ade7bdc94058fc1c969f355,9,10,9,-10.1,-3.0,0.0,4.7,10.0,1,201.084,131.27850041461895,21.207,SP
55d3daac7c404d59e51c2aa2f4dc5a23,21,28,7,-12.142857142857142,-2.0,0.0,3.928571428571429,28.571428571428573,8,160.02142857142857,107.01045763068224,46.78142857142857,SP
6c17baf138731a4aaacc3210adf2037b,4,5,5,-7.6,-3.0,0.0,5.0,0.0,0,107.76,31.65411505633983,17.984,SP
499ec63c58e51296c9cf57edcfe1c8a8,5,5,1,-12.6,-5.0,0.0,4.8,0.0,0,73.0,2.7386127875258306,9.586,SP
00d8b143d12632bad99c0ad66ad52825,1,1,1,-22.0,-22.0,0.0,5.0,0.0,0,86.0,0.0,51.1,MG
160e4f13fd3a64b1b86807be88b5ffb0,4,4,2,-15.0,-10.0,0.0,4.25,25.0,1,221.5,85.0,23.6125,PR
ea3ebea5317b0efbc663ecc8ce5e9bc2,3,3,3,-16.333333333333332,-13.0,0.0,4.0,33.333333333333336,1,99.9,48.49742261192856,19.216666666666665,SC
d7485b33791774c36108f8c69602d48d,10,10,8,-12.3,12.0,10.0,3.7,40.0,4,39.982,15.62563548929913,21.932,PR
1588ac4010787100dddef64568f0ae35,3,3,2,-9.0,-1.0,0.0,3.0,66.66666666666667,2,199.99,0.0,15.333333333333334,PR
ddd51ae8cda92f3995a51fc0f0f3eec7,8,25,6,-14.8,-9.0,0.0,4.6,8.0,2,33.708,5.562142872430853,11.0768,RJ
cd233f8bfa30ebfd651f47ee7d054951,1,1,1,-20.0,-20.0,0.0,5.0,0.0,0,79.9,0.0,18.66,SP
9df5750209b83567ec144eb299d7d634,11,11,8,-20.272727272727277,4.0,9.090909090909092,4.0,18.181818181818183,2,447.0,292.48316190851057,23.572727272727278,RS
fc59392d66ef99377e50356ee4f3b4e1,5,5,5,-14.4,-4.0,0.0,3.6,40.0,2,103.998,55.15904295761485,17.394,BA
36890be00bbfc1cdb9a4a38a6af05a69,13,13,5,-11.615384615384617,5.0,15.384615384615383,4.230769230769231,23.07692307692308,3,104.71538461538462,59.98136997093134,18.42923076923077,SP
b6e1504972665f739dec4facb9943775,14,14,7,-9.0,18.0,7.142857142857143,4.357142857142857,21.428571428571427,3,106.03428571428572,84.86245602006957,16.135,SP
f021c962aaba8ef6eb527a9c2c8394d1,5,5,4,-16.4,-9.0,0.0,4.2,20.0,1,879.7,696.49134955145,27.074,SC
52831e5990d0771cb4951d6f12928167,1,1,1,-10.0,-10.0,0.0,3.0,100.0,1,65.0,0.0,13.12,SP
c6a7539d424a8402232c2228d7a03c5e,10,15,1,-10.8,7.0,6.666666666666667,2.6,53.333333333333336,8,40.5,0.0,26.254666666666665,SP
d1b9d4be4b6f9ebd85f8acd6745ba612,11,11,10,-17.818181818181817,-2.0,0.0,4.181818181818182,27.272727272727277,3,104.94090909090907,32.10697882222663,17.652727272727272,MG
d0d70d21e2234dd7cd3cf63fe414148a,8,9,6,-19.33333333333333,-8.0,0.0,4.222222222222222,11.11111111111111,1,66.4888888888889,38.15774641027837,40.73222222222222,PB
ad8b531ae67582f096925cff5630d0d1,3,3,3,-11.5,-8.0,0.0,3.0,33.333333333333336,1,69.45,103.57694000114118,22.52,PR
70bf57d811208f8923b41bbd499a67a4,7,7,3,-6.714285714285714,-3.0,0.0,4.142857142857143,14.285714285714286,1,111.54285714285714,31.285931723532286,12.704285714285714,SP
5721089ba9214e80074f27d5a03fc0eb,5,7,4,-13.142857142857142,-6.0,0.0,5.0,0.0,0,35.13285714285714,20.836095055044677,9.52,SP
94ca168e8bcb407ab85c5da308863027,5,5,4,-8.4,-6.0,0.0,5.0,0.0,0,44.86,5.512984672570748,17.472,SP
22c32ec35d0116ef02c281798a25bf8b,4,6,2,-17.666666666666668,-11.0,0.0,3.5,66.66666666666667,4,19.93,2.989943143272126,15.071666666666667,PR
c5f7feb04a6a1fb3596322bfc3cf1917,11,11,10,-8.636363636363637,18.0,9.090909090909092,4.2727272727272725,18.181818181818183,2,156.4181818181818,101.31195209038091,30.71454545454545,SP
8c3b533c63cca56240f94f1e3a6b18ef,5,8,4,12.8,31.0,80.0,1.3333333333333333,100.0,6,414.02,150.4444869616127,123.70125,MG
515d781150feed28a6ac091bb0e3cb8c,6,6,3,-24.166666666666668,-13.0,0.0,4.166666666666667,16.666666666666668,1,167.05833333333334,22.30264595662736,25.395,MS
f2336e113377dd21c744d9c4fc8293a9,4,4,2,-15.0,-10.0,0.0,4.25,25.0,1,890.75,525.447349090912,49.77,SP
1444c08e64d55fb3c25f0f09c07ffcf2,1,1,1,-22.0,-22.0,0.0,1.0,100.0,1,2749.0,0.0,69.74,BA
e4253cef933647000a82ff39c67b7bde,2,2,2,,,,2.0,100.0,2,34.0,7.071067811865476,20.365,SP
80cfd480be3eb6d6267139f5cb793555,1,1,1,-27.0,-27.0,0.0,4.0,0.0,0,99.9,0.0,26.44,SP
dd8a29ce82d5c705ba932d81494600a5,2,2,2,-10.0,-2.0,0.0,3.5,50.0,1,102.875,31.28947506750473,13.75,SP
cf1313c6e2c01c2f4b014f97db4bcd2b,5,5,3,-11.2,0.0,0.0,5.0,0.0,0,63.14,5.327569802452146,16.26,RJ
c240c4061717ac1806ae6ee72be3533b,1,1,1,-15.0,-15.0,0.0,4.0,0.0,0,59.9,0.0,13.99,RJ
5d043cd5512d4bd2f88e5ccdd5736c38,1,1,1,-9.0,-9.0,0.0,2.0,100.0,1,650.0,0.0,64.91,SP
b7cc6c5e001441ae8cdd5c69a480cbe4,6,6,4,-14.6,-10.0,0.0,4.166666666666667,16.666666666666668,1,108.63333333333334,94.02554262894029,36.75,SC
1703bc09972dab9782e7a9194943b69f,1,1,1,-18.0,-18.0,0.0,5.0,0.0,0,249.9,0.0,106.21,MG
fec6912baad85d41729669edd6b4d3b8,1,1,1,,,,1.0,100.0,1,210.0,0.0,51.97,SP
4221a7df464f1fe2955934e30ff3a5a1,5,5,1,-16.6,-6.0,0.0,4.8,0.0,0,169.9,0.0,47.908,BA
850857dfac77488c307e2b1cbd84ab5a,1,1,1,-26.0,-26.0,0.0,5.0,0.0,0,1599.0,0.0,39.72,PR
90d4125885ab6c86e8820a722be71974,3,5,1,,,,1.0,100.0,5,259.91,0.0,8.68,SP
2d20f1cd18725c91147da0791d498022,1,1,1,-8.0,-8.0,0.0,5.0,0.0,0,99.8,0.0,19.89,PR
88cd3681e0a2ba85e190f7d817629c4c,1,1,1,-9.0,-9.0,0.0,4.0,0.0,0,180.0,0.0,19.36,SC
f9a02f1922d1de564392e656d82b3fda,1,1,1,,,,4.0,0.0,0,125.9,0.0,11.49,SP
52ac6f920b7280e4c6d30dd94de6259b,6,7,5,-11.857142857142858,-4.0,0.0,3.2857142857142856,42.85714285714285,3,808.1857142857143,331.02905929123216,103.79857142857144,PR
f114dca2828bf718548db175ebe2cfcd,1,1,1,-22.0,-22.0,0.0,1.0,100.0,1,139.0,0.0,13.99,PR
13dd308f81fea30cc670c656b2b46cc3,3,3,2,-6.333333333333333,0.0,0.0,5.0,0.0,0,39.23333333333333,0.5773502691896257,11.146666666666668,SP
0af2ab31141893d26aca5a404a537dab,1,1,1,-6.0,-6.0,0.0,5.0,0.0,0,59.0,0.0,15.51,SP
c8c1bea22194a4eefa2dc9a9fa89f536,7,13,3,-24.692307692307693,-7.0,0.0,5.0,0.0,0,97.3846153846154,58.53992720291918,22.517692307692307,SC
010da0602d7774602cd1b3f5fb7b709e,1,5,1,-10.0,-10.0,0.0,1.0,100.0,5,169.9,0.0,46.05,SP
8ff38bc3969e67c36c48343a07090f66,2,8,1,-11.0,-9.0,0.0,2.5,50.0,4,434.0,0.0,48.445,SP
d4a5e99e0dd915df64ba55a7fbd583fd,2,6,2,-13.666666666666666,-7.0,0.0,1.6666666666666667,83.33333333333333,5,10.858333333333333,8.348677539986,14.1,SP
0f519b0d2e5eb2227c93dd25038bfc01,1,1,1,-40.0,-40.0,0.0,5.0,0.0,0,79.9,0.0,23.0,SP
57d2ba47f7a3209aa347532ae75c1165,2,2,2,-14.0,-7.0,0.0,4.0,50.0,1,159.0,42.42640687119285,70.12,SC
48328ec9a579151d9cc6a86d4a59336c,1,1,1,-7.0,-7.0,0.0,2.0,100.0,1,1099.0,0.0,97.78,RS
2d34636518ba88f5349b732fcf8ba2e4,1,1,1,-28.0,-28.0,0.0,5.0,0.0,0,150.0,0.0,18.63,SP
c97aa4ee7420f937da13b7f9e2228b99,1,1,1,-28.0,-28.0,0.0,1.0,100.0,1,29.9,0.0,6.66,RS
457fe919b032a3f7dadba6fb92cf7855,9,12,8,-6.916666666666667,0.0,0.0,4.833333333333333,0.0,0,92.07416666666668,56.07081893111657,11.768333333333333,SP
c963a25b8671419c6ce9eebe8fd03218,1,1,1,-15.0,-15.0,0.0,5.0,0.0,0,49.0,0.0,19.32,RJ
fb8904a8ea99f8831b64ce27db2c1765,2,2,2,-3.0,0.0,0.0,4.5,0.0,0,139.0,0.0,12.18,SP
3f84fefc07dc159b268d4a77d3e8c425,3,3,3,-20.666666666666668,-14.0,0.0,5.0,0.0,0,66.86666666666666,33.16629815540669,17.106666666666666,PR
2cb4700db635baa1c0d4f90ed27b6669,2,2,2,-29.0,-25.0,0.0,2.0,100.0,2,99.9,0.0,14.46,PR
747e73c01a4593d4cf60dcf970fd2689,3,3,3,-30.0,-14.0,0.0,4.333333333333333,0.0,0,739.33,357.34356955176906,41.25666666666667,PE
e88165a185134e13fdfc85d4fa654db8,2,2,2,0.0,8.0,50.0,3.0,50.0,1,54.0,50.91168824543142,20.61,SP
e8ff5a6ceb895583033fc2a0f314e3c2,1,1,1,-13.0,-13.0,0.0,5.0,0.0,0,139.89,0.0,19.08,SC
b416191c9813d821a295cfabafff4161,2,2,1,-8.5,-7.0,0.0,2.5,50.0,1,58.9,0.0,16.17,SP
c398bc00a606d33758afd91f4e64fd15,2,2,1,-28.0,-23.0,0.0,4.5,0.0,0,75.0,0.0,7.75,RJ
9da15f4a4ea758d9eeb49000dbe57e22,1,1,1,6.0,6.0,100.0,2.0,100.0,1,196.9,0.0,37.71,SP
269cff2d3c8d205c11f37a52402ea93b,4,5,3,-9.4,-7.0,0.0,4.4,0.0,0,256.318,170.2367575466591,26.682,SP
533d46c1b06970e99f09523a61df4972,2,2,1,-10.0,-9.0,0.0,4.5,0.0,0,79.99,0.0,16.32,SP
119c7f1a00ef43fad0e57604e76a747c,2,2,2,-6.5,-4.0,0.0,4.5,0.0,0,94.9,77.78174593052023,8.51,SP
385799a1cddbd26dfeb9157356a42282,5,7,4,-14.666666666666666,-11.0,0.0,4.285714285714286,14.285714285714286,1,90.56142857142858,3.779644730092272,11.801428571428572,SP
ff82e8873fba613f2261a9acc896fd84,4,4,3,-15.25,-14.0,0.0,3.5,50.0,2,31.15,25.94063736045564,14.7325,MG
7178e1eaa97257d8b6d4b80efd77a025,1,1,1,-10.0,-10.0,0.0,5.0,0.0,0,167.9,0.0,16.81,SP
ab75b89cc49c9ab3160d0c91565a442a,2,2,2,-24.0,-24.0,0.0,1.5,100.0,2,18.99,0.0,7.925,SP
b2bdc5e7940a7d7ca8c4a37953b27a42,1,2,1,,,,4.5,0.0,0,250.0,0.0,62.49,SP
72146da5774cabf2632faedcae097a76,4,6,4,-4.333333333333333,76.0,16.666666666666668,4.333333333333333,16.666666666666668,1,33.49,36.20911487457267,18.415,PR
e5bd51692380fd8cabb19b756b95e714,3,3,2,5.5,10.0,100.0,2.333333333333333,66.66666666666667,2,39.9,0.0,11.113333333333332,SP
e0b162a693bc7f9eab00f783a31d60ea,1,1,1,-13.0,-13.0,0.0,5.0,0.0,0,20.0,0.0,29.69,RS
17998cf586426bf0f2c3726cb0a4b211,2,2,2,-22.5,-19.0,0.0,4.0,50.0,1,34.9,21.213203435596427,22.86,MG
4b90495391ac0bd181a80a459df1e718,1,1,1,-39.0,-39.0,0.0,4.0,0.0,0,248.0,0.0,18.11,RS
712efd3b68f9686dc856b84abd0f21ae,1,1,1,-2.0,-2.0,0.0,4.0,0.0,0,139.0,0.0,17.16,PR
fec8cd45395b3cb0c2b173d7739706a1,4,4,3,-11.25,-3.0,0.0,3.75,50.0,2,320.0,0.0,24.235,SP
740205fedfe4e90ca6857bc77db0f2b4,1,1,1,-31.0,-31.0,0.0,5.0,0.0,0,229.9,0.0,21.93,SP
6ebf4eceee4dd9847201c82e77ef8123,1,1,1,-5.0,-5.0,0.0,5.0,0.0,0,59.9,0.0,22.13,RJ
cf6f6bc4df3999b9c6440f124fb2f687,1,1,1,,,,5.0,0.0,0,3.5,0.0,8.72,SP
8629a7efec1aab257e58cda559f03ba7,1,1,1,33.0,33.0,100.0,1.0,100.0,1,45.22,0.0,18.89,GO
cb4a705d00e100b9732d0ca34817d441,1,2,1,-2.0,-2.0,0.0,1.0,100.0,2,499.0,0.0,41.28,SC
5415337f1863452476d42d9f14a16a61,1,1,1,-23.0,-23.0,0.0,3.0,100.0,1,44.9,0.0,23.45,MG
79b93a308a97792cf53ac75f46da00b5,1,1,1,-3.0,-3.0,0.0,5.0,0.0,0,99.9,0.0,16.14,RJ
623ad9d0c1e14bb5464a8c72bff7b4af,1,1,1,-1.0,-1.0,0.0,4.0,0.0,0,95.0,0.0,38.96,MG
e64ddbe1cbcf4f2fc3092b7c481f3f9d,1,1,1,-7.0,-7.0,0.0,5.0,0.0,0,20.9,0.0,7.39,SP
749e7cdabbaf72f16677859e27874ba5,1,1,1,-7.0,-7.0,0.0,1.0,100.0,1,41.9,0.0,19.84,SP
3e35a8bb43569389d3cebef0ce820f69,1,2,1,-10.0,-10.0,0.0,5.0,0.0,0,27.9,0.0,14.44,SP
8602a61d680a10a82cceeeda0d99ea3d,17,19,10,-11.052631578947368,0.0,0.0,4.473684210526316,10.526315789473683,2,43.52578947368421,16.67161170499437,13.311052631578947,SP
1c129092bf23f28a5930387c980c0dfc,201,220,15,-10.273972602739724,17.0,4.109589041095891,4.168949771689498,22.831050228310502,50,43.42554545454546,7.65201595025437,13.7985,SP
41b39e28db005d9731d9d485a83b4c38,195,238,132,-18.48695652173913,24.0,4.3478260869565215,4.126050420168068,22.26890756302521,53,73.72626050420168,51.97188693038619,16.995084033613445,SP
25c5c91f63607446a97b143d2d535d31,158,274,18,-12.177121771217712,30.0,5.904059040590406,3.703296703296704,32.234432234432234,88,202.2699270072993,141.43450219701083,26.114087591240875,MG
b2ba3715d723d245138f291a6fe42594,337,363,183,-10.048571428571428,83.0,6.285714285714286,4.108333333333333,21.944444444444443,79,142.36055096418733,142.05821506569552,17.895702479338844,SP
99eaacc9e6046db1c82b163c5f84869f,66,70,19,-8.776119402985074,20.0,10.447761194029852,3.9,22.857142857142858,16,187.70242857142856,94.42248886870908,16.219285714285714,SP
1835b56ce799e6a4dc4eddc053f04066,423,560,147,-10.806509945750452,63.0,8.860759493670885,3.5938628158844765,37.18411552346571,206,59.91180357142857,69.69733731985994,15.688285714285714,SP
516e7738bd8f735ac19a010ee5450d8d,76,84,53,-18.59756097560976,5.0,2.4390243902439024,4.547619047619048,9.523809523809524,8,79.08440476190476,58.291392209017616,17.455119047619046,RJ
3d871de0142ce09b7081e2b9d1733cb1,1080,1148,202,-13.113074204946995,73.0,5.477031802120141,4.11443661971831,22.27112676056338,253,82.7205574912892,38.91936240096504,19.552526132404186,SP
4e922959ae960d389249c378d1c939f5,420,454,136,-13.02914798206278,22.0,8.968609865470851,3.89532293986637,27.171492204899774,122,101.38848017621146,79.68462802020318,16.022863436123348,SP
88460e8ebdecbfecb5f9601833981930,248,311,12,-10.805825242718448,32.0,15.857605177993529,3.3516129032258064,41.935483870967744,130,104.21430868167202,92.374736698326,16.464340836012862,PR
cab85505710c7cb9b720bceb52b01cee,206,211,28,-15.830097087378642,36.0,1.941747572815534,4.285714285714286,17.61904761904762,37,54.52085308056872,10.60540478705832,13.943601895734597,SP
de23c3b98a88888289c6f5cc1209054a,164,181,93,-10.612359550561798,25.0,6.741573033707865,4.281767955801105,17.12707182320442,31,145.85453038674032,87.35000537699796,14.818453038674033,SP
c3867b4666c7d76867627c2f7fb22e21,245,261,98,-10.004115226337449,48.0,10.2880658436214,3.853281853281853,30.501930501930502,79,142.8176245210728,93.60179318892106,19.479808429118773,SP
bd0389da23d89b726abf911cccc54596,87,90,57,-12.488888888888887,49.0,6.666666666666667,4.2,22.22222222222222,20,83.024,43.1662207406869,18.40344444444445,DF
391fc6631aebcf3004804e51b40bcf1e,526,627,131,-11.649434571890144,48.0,8.077544426494345,3.9533762057877815,27.65273311897106,172,64.66328548644339,58.57743518480907,16.60451355661882,SP
31344c16881c08a8a72c6d2eb29918c1,43,43,10,-10.333333333333334,43.0,4.761904761904762,4.348837209302325,16.27906976744186,7,223.62093023255812,50.75727748965348,53.41674418604652,MG
2e0dba2da448400b1c11d7b4b22f32a4,7,13,5,-15.307692307692308,-9.0,0.0,3.769230769230769,23.07692307692308,3,18.143846153846155,4.637638656438458,13.217692307692309,SP
70a12e78e608ac31179aea7f8422044b,315,328,121,-10.445820433436532,24.0,9.287925696594428,3.7699386503067487,34.04907975460123,111,94.08088414634146,75.05921824912663,17.09423780487805,SP
65b081a070633e057c462abdd6fb9dd8,19,20,16,-17.7,-7.0,0.0,4.35,15.0,3,94.2545,75.97510890693775,22.079,GO
edf96ef93ed595084bbcbd9224bd2894,25,28,8,-8.928571428571429,6.0,7.142857142857143,3.7857142857142856,32.142857142857146,9,134.17857142857142,90.97987305765656,21.742142857142856,SP
aac29b1b99776be73c3049939652091d,98,140,14,-11.894736842105264,138.0,9.022556390977444,3.9398496240601504,27.81954887218045,37,48.90507142857143,46.45528470446908,19.60814285714286,MG
a5259c149128e82c9d6d46e0c1c812bb,8,8,7,-23.375,-6.0,0.0,3.875,25.0,2,147.7825,136.9280630477186,54.85875,RO
34d1ca11b242c0fee2c834ae8d788566,40,41,4,-14.024390243902438,-3.0,0.0,4.3,20.0,8,327.3717073170732,187.38273346152303,23.95219512195122,MG
559d56f3b8f0bc2e5a9a62fe2ce2a39f,2,2,2,-2.0,6.0,50.0,2.5,50.0,1,192.5,81.31727983645297,24.36,SC
b76dba6c951ab00dc4edf0a1aa88037e,159,169,37,-16.760479041916167,38.0,2.9940119760479043,4.149700598802395,19.161676646706585,32,15.235384615384616,5.817555942391714,13.651479289940829,SP
b499c00f28f4b7069ff6550af8c1348a,152,188,68,-12.065573770491802,37.0,11.475409836065571,4.143617021276596,23.404255319148938,44,55.09106382978723,36.312449787330536,13.818617021276596,SP
9d5a9018aee56acb367ba9c3f05d1d6a,67,79,22,-14.166666666666666,4.0,1.2820512820512822,4.405063291139241,13.924050632911392,11,130.28240506329115,50.990359903768784,21.39113924050633,GO
eed78ac17f7f795a19a709745f00cd4e,22,56,12,-13.017857142857142,-2.0,0.0,3.4107142857142856,44.642857142857146,25,77.66964285714286,46.989066115593154,15.113214285714283,SP
6860153b69cc696d5dcfe1cdaaafcf62,74,84,22,-9.607142857142858,30.0,7.142857142857143,4.156626506024097,20.48192771084337,17,45.56702380952381,28.02376232576548,17.745238095238093,SP
66922902710d126a0e7d26b0e3805106,151,156,20,-10.251612903225809,20.0,7.096774193548387,4.451612903225806,11.612903225806452,18,92.06602564102565,26.723819257648547,20.633141025641027,MG
0df3984f9dfb3d49ac6366acbd3bbb85,87,89,25,-14.806818181818182,16.0,1.1363636363636365,4.303370786516854,11.235955056179776,10,112.60101123595506,68.29976993247794,16.839550561797754,MG
66e0557ecc2b4dbea057e93f215f68d8,31,31,19,-8.9,18.0,20.0,3.935483870967742,29.032258064516128,9,402.5806451612903,48.45738622305058,16.064193548387095,SP
e0eabded302882513ced4ea3eb0c7059,8,8,3,-17.125,-4.0,0.0,4.625,0.0,0,122.3,136.76190990184364,17.34875,SP
503c1de08ae81a2d86f17951b204db55,22,22,2,-11.909090909090908,25.0,4.545454545454546,4.409090909090909,18.181818181818183,4,223.045,14.143710616383524,18.85954545454545,SP
a2e874074c877c5a05abae80ad6e488f,44,46,21,-15.88095238095238,12.0,4.761904761904762,3.9130434782608696,26.08695652173913,12,175.47782608695653,199.5603058939889,26.148260869565217,SP
ed4acab38528488b65a9a9c603ff024a,32,40,30,-12.666666666666666,0.0,0.0,3.725,35.0,14,318.98625,711.4634608441576,15.25775,SP
b8578d2d823bd8e251f6fdd02b40902d,9,9,6,-22.22222222222222,-13.0,0.0,4.444444444444445,11.11111111111111,1,139.51111111111112,75.2426814455141,27.11111111111111,SC
ff1fb4c404b2efe68b03350a8dc24122,46,49,21,-8.755102040816327,5.0,12.244897959183673,4.061224489795919,24.489795918367346,12,138.18367346938774,100.97930346309168,18.28469387755102,SP
06df0c10d34e459d9672bc77388742eb,26,30,1,-14.666666666666666,4.0,3.333333333333333,4.366666666666666,13.333333333333334,4,302.3333333333333,12.685406585123122,17.525666666666666,PR
655220df33262c7e0c4949a147366f94,13,15,3,-8.466666666666667,16.0,13.333333333333334,4.2,20.0,3,149.66666666666666,31.045281828476348,45.43533333333333,SP
cc5a78bbad32776dc4e3af205218368c,33,38,25,-16.605263157894736,5.0,2.631578947368421,4.473684210526316,13.157894736842104,5,112.34684210526316,136.75371832694228,34.320263157894736,MG
2e3be8a987a30d7544dbbda6861cc14e,18,19,16,-10.933333333333334,54.0,6.666666666666667,3.0526315789473686,47.36842105263158,9,233.2021052631579,197.8311184256508,18.247894736842103,MG
b39d7fe263ef469605dbb32608aee0af,44,49,19,-16.375,9.0,4.166666666666667,3.75,41.66666666666666,20,105.98163265306124,43.45976910445159,21.687142857142856,SP
eb9267cccc90f1b49c8d2f9887c7dd97,1,1,1,-10.0,-10.0,0.0,5.0,0.0,0,319.9,0.0,26.37,PE
198c7ea11960a9844b544d9bcdca860c,25,25,4,-10.8,11.0,8.0,3.88,28.0,7,69.35,59.87756953428666,19.6652,MG
7aa4334be125fcdd2ba64b3180029f14,217,240,41,-9.561181434599156,26.0,11.81434599156118,4.054621848739496,22.689075630252105,54,67.64504166666667,27.75601438834996,18.202166666666667,SP
fadb07c842a2aef5d5a676b85f220e71,7,7,6,-16.0,-1.0,0.0,4.714285714285714,14.285714285714286,1,56.96428571428572,39.16127247555628,24.517142857142854,SP
d94ba08b99bedd6a5f6c875ecc4a6fac,9,10,1,-12.77777777777778,-7.0,0.0,4.8,10.0,1,59.9,0.0,17.927,PR
2f74af7a0ee5636f12c2336f9fffed47,13,13,12,-8.76923076923077,-1.0,0.0,4.307692307692308,23.07692307692308,3,43.13076923076923,11.7484314283074,12.597692307692308,SP
0ddefe3c7a032b91f4e25b9c3a08fca1,9,10,7,-8.8,-1.0,0.0,4.5,10.0,1,40.29,25.092028393274404,15.0,SP
822166ed1e47908f7cfb49946d03c726,69,110,34,-12.727272727272728,10.0,0.9090909090909092,3.9444444444444446,29.62962962962963,32,34.111909090909094,25.682387014137788,16.830181818181817,RJ
b1aaae6b66ad3c40f54b389d7ea4bee0,15,17,15,-19.41176470588235,-9.0,0.0,4.470588235294118,11.764705882352942,2,69.20588235294117,19.704701868723976,23.10235294117647,SP
17adeba047385fb0c67d8e90b4296d21,1,3,1,,,,1.0,100.0,3,269.9,0.0,95.87,SP
8a2d12a90e92f012ce5226fc6592b653,18,19,13,-15.894736842105264,-2.0,0.0,4.611111111111111,5.555555555555555,1,90.1921052631579,75.64743930298907,18.844210526315788,PR
0daf5180aa44356f60f8effa533b55a2,2,2,2,-5.0,0.0,0.0,5.0,0.0,0,72.4,45.96194077712559,19.415,GO
0791d9fc1e30678ecf03d3e55fa108d3,5,11,5,-18.272727272727277,-10.0,0.0,2.727272727272727,54.54545454545455,6,76.54545454545455,3.908033683673578,16.99909090909091,MG
55bb6fe5bebe5012e2d7d9928e1128ff,15,16,11,-9.3125,13.0,18.75,3.5625,37.5,6,113.534375,62.91234727446857,36.029375,SP
e63e8bfa530fb16910dd6956e592bb81,42,44,12,-13.83720930232558,8.0,4.651162790697675,4.2727272727272725,15.909090909090908,7,30.49090909090909,1.871676052995628,15.752272727272729,SP
33ac3e28642ab8bda860a2f693000e78,34,35,18,-13.057142857142855,-3.0,0.0,4.228571428571429,20.0,7,104.60085714285714,26.716840731184185,14.002571428571429,SP
4559697a8f7e637227c2eeaed843baff,42,44,3,-12.390243902439025,5.0,7.317073170731708,4.068181818181818,18.181818181818183,8,87.17727272727272,46.18915539507014,18.615454545454547,SP
4ddeb3e828550cddc8d45c8bc36ab2d1,1,1,1,-11.0,-11.0,0.0,5.0,0.0,0,152.0,0.0,12.45,SP
d6b1ce66b035a475f00c017792ff9769,92,108,18,-12.685185185185183,15.0,6.481481481481482,4.165048543689321,22.33009708737864,23,113.67962962962964,48.759850975482514,18.874814814814812,SP
2e13c71026e1a39ba5cc1b86dcb679aa,24,28,9,-14.178571428571429,7.0,3.571428571428572,4.25,25.0,7,135.46428571428572,78.95497176326242,18.47178571428572,SP
ba6b68b55fe8704377a7d43c8e5c0185,5,5,3,-13.4,-8.0,0.0,4.2,20.0,1,147.954,70.45227058086914,18.49,MG
381c83fdca332ea6afd896da20bf6e4a,46,46,37,-15.847826086956522,5.0,2.1739130434782608,4.391304347826087,8.695652173913043,4,159.90869565217392,159.21841298611295,21.72195652173913,PR
0725b8c0f3f906e58f70cbe76b7c748c,17,40,15,-16.076923076923077,7.0,10.256410256410255,3.575,42.5,17,57.31275,52.87261386929716,19.31275,SP
e560e4022d8f7aebf155db95946c5c0f,2,2,1,-11.5,-8.0,0.0,5.0,0.0,0,390.0,0.0,45.105,MG
c500367424994318b9e779ff1ae9a330,9,9,8,-12.22222222222222,4.0,11.11111111111111,3.7777777777777777,33.333333333333336,3,482.9333333333333,693.5318684098086,34.66555555555556,SP
81783131d2a97c8d44d406a4be81b5d9,13,15,5,-11.555555555555555,0.0,0.0,3.4285714285714284,42.85714285714285,6,118.836,108.34828667641352,13.002666666666666,SP
67bf6941ba2f1fa1d02c375766bc3e53,16,22,4,-10.2,20.0,5.0,4.0,36.36363636363637,8,255.0,56.96113963546927,64.53090909090909,PR
ff4ea69c2a729e83e63c7579e4ef8170,9,9,4,-12.25,-5.0,0.0,4.5,12.5,1,779.6666666666666,110.1771301132862,19.06888888888889,SP
42fa4ee7240e9b8eb4576358ec142ba7,22,22,7,-15.681818181818182,-6.0,0.0,4.809523809523809,0.0,0,174.80454545454546,27.06798279592871,23.580454545454547,RS
c679fb69a36e1d8349e8c50a217b4d58,14,17,13,-9.705882352941176,18.0,5.882352941176471,3.5625,31.25,5,107.3929411764706,114.73170370285114,22.835882352941177,RS
62c50c1af4dfdc4149d25c5222043d39,14,19,5,-16.88235294117647,-7.0,0.0,3.263157894736842,57.89473684210526,11,146.61684210526315,52.97946269311781,16.332105263157896,SP
0e982cff76cc0579f632cea8a0e38c9d,7,12,8,-12.285714285714286,-5.0,0.0,3.25,66.66666666666667,8,108.945,106.60111243663113,14.414166666666668,SC
3c010235b7345c92f125d14ee232a76b,15,15,6,-9.133333333333333,-1.0,0.0,4.666666666666667,6.666666666666667,1,238.53333333333333,46.42177239594534,28.488,PR
c66dccfb3f109511246da627dd5a2498,45,45,44,-14.977272727272728,6.0,4.545454545454546,4.488888888888889,13.333333333333334,6,282.4122222222222,136.83798115237812,21.637777777777774,SP
739c7d7be81f63812dea0d1b1451c651,2,2,2,-24.0,-10.0,0.0,4.0,50.0,1,38.75,15.76848122046001,35.9,PB
52f0fe436a347ddad7ed5f9aa4e27eaa,21,23,16,-7.428571428571429,22.0,9.523809523809524,3.3043478260869565,43.47826086956522,10,64.53782608695653,105.1436925854986,20.718695652173917,SP
391bbd13b6452244774beff1824006ed,2,2,1,24.0,24.0,100.0,1.0,100.0,2,63.9,0.0,17.7,SP
72bc2cce903c872fe376a8faaa81d237,17,18,6,-8.5,-1.0,0.0,4.444444444444445,11.11111111111111,2,119.4,86.5308513496436,14.209444444444443,SP
e89c4adbe7b1d0819dbb636e16461cf1,24,25,8,-10.56,24.0,12.0,3.88,36.0,9,127.252,45.134374557167256,18.194,SP
b87a7ea0c30fad2dd6781b74a0064859,9,9,8,-7.111111111111111,21.0,22.22222222222222,3.4444444444444446,33.333333333333336,3,57.266666666666666,35.714177856979994,13.594444444444443,SP
054694fa03fe82cec4b7551487331d74,21,22,15,-1.9523809523809523,162.0,28.571428571428573,3.363636363636364,45.45454545454545,10,453.7772727272727,304.1598826617002,32.75681818181818,SP
ad8ada0ffa993cb1197d102d9ab21a3e,1,2,1,,,,1.0,100.0,2,299.9,0.0,28.18,MG
c3e1abd72a42fe690fcd89cf5720fe29,13,13,5,-11.384615384615383,-1.0,0.0,4.461538461538462,15.384615384615383,2,138.3546153846154,35.605567124487855,12.997692307692308,SP
b67d6c666e8dce1d078c882825e12704,7,8,6,-9.375,-4.0,0.0,4.875,0.0,0,44.105,34.690185108430065,13.02375,SP
dc120d932ddf9d4dfb6fd68beefda622,1,1,1,-6.0,-6.0,0.0,1.0,100.0,1,130.0,0.0,14.44,PR
af3ef48d0e13835e529c29ac573c63e5,21,21,12,-11.38095238095238,4.0,4.761904761904762,3.761904761904762,28.571428571428573,6,66.9347619047619,19.1900676442392,22.261904761904763,SP
ae8bfdbf1c2a2a2dee92d799db0a31c6,8,8,6,-15.625,-13.0,0.0,4.125,25.0,2,42.49,21.928455095084622,18.2775,PR
74c7dec0a384d8a05950e629bd23bde9,5,5,3,-9.0,-6.0,0.0,3.6,40.0,2,37.536,29.60943143662168,12.24,SP
d65f31d2413268e671989503f6cf9993,2,3,3,,,,1.0,100.0,3,162.93333333333334,25.58521708591376,23.716666666666665,SP
b7ed9fb14c8eadb37adb9c45d67ab0fb,7,11,5,-14.818181818181818,-7.0,0.0,2.909090909090909,54.54545454545455,6,51.45454545454545,16.952602374642286,20.15909090909091,SP
3364a91ec4d56c98e44174de954b94f6,6,6,4,-26.0,-11.0,0.0,3.8333333333333335,33.333333333333336,2,596.6566666666666,495.4459270865658,45.65166666666666,RO
c0e6839516f5398edc34adf5f1d53d1a,3,3,2,-18.0,-18.0,0.0,2.6666666666666665,66.66666666666667,2,144.30666666666667,94.7316321686338,29.30666666666667,SP
6e4f5ff6b086632ba8dcb558fb10249e,5,5,3,-17.0,-12.0,0.0,3.4,40.0,2,167.78,62.46152415687597,42.87,RS
9f50216bfd01913736a55a11b55ea842,17,19,14,-7.684210526315789,1.0,15.789473684210526,4.473684210526316,10.526315789473683,2,71.26315789473684,32.10026324790492,16.689473684210526,SP
e58a5b390e28abc0b216cfb0e07d27d7,7,7,3,-19.571428571428573,-11.0,0.0,4.857142857142857,0.0,0,146.0857142857143,118.8162366650202,20.661428571428573,RJ
939e6227d6964a11a70aa91243e418f2,4,4,2,-7.0,-4.0,0.0,4.25,25.0,1,106.25,5.5,15.8125,MG
87f3e35268860433e13d577825aada95,3,3,3,-3.0,-3.0,0.0,1.0,100.0,2,53.9,48.86716689148246,13.926666666666666,SP
88ef59b51bdaa941d10a853429f2b6ce,2,2,2,-18.0,-8.0,0.0,2.0,100.0,2,126.45,145.0276008213609,20.9,PR
406740ee611378a662d274c7d8c43c4a,8,10,2,-6.5,4.0,20.0,4.1,20.0,2,179.0,99.40824915468536,18.208,ES
973f21788dfab357250f69a8dcb7ddee,10,21,10,-12.157894736842104,20.0,36.8421052631579,2.333333333333333,80.95238095238095,17,43.285714285714285,29.98189930131655,25.554761904761904,MG
d51e0a403fe2e689ece6c73359d96e12,19,26,5,-15.84,6.0,8.0,4.230769230769231,23.07692307692308,6,299.61538461538464,109.60586733312296,25.885384615384616,SP
3be5841cdcc46de4ed3f9116f104b2c5,4,4,4,-25.75,-21.0,0.0,4.75,0.0,0,149.9,0.0,22.0875,SP
c26a2be5b53b7db6b276280da212a779,13,18,4,-11.944444444444445,-3.0,0.0,2.7222222222222223,55.55555555555556,10,415.6666666666667,61.83469424008423,44.825,RJ
df91910b6a03bb2e3358fa6a35e32f6f,14,14,4,-13.307692307692308,-5.0,0.0,4.357142857142857,14.285714285714286,2,165.15,70.90729321282284,28.215714285714284,SP
512d298ac2a96d1931b6bd30aa21f61d,11,12,8,-14.666666666666666,-3.0,0.0,4.25,16.666666666666668,2,616.8283333333334,1235.913111596099,26.8275,RJ
747c1cdcd1737dcfbd1547f6eb6f2cf3,2,2,2,-15.0,-13.0,0.0,2.5,50.0,1,96.55,12.091525958289962,14.635,SP
f5403d3f50089112c4eed37928b7f622,2,2,2,,,,1.0,100.0,2,95.4,2.1213203435596424,16.2,SP
52f9db5cfb423382a2fa5c9e39303202,22,23,7,-14.681818181818182,-2.0,0.0,4.173913043478261,17.391304347826086,4,55.20739130434782,21.48224747371045,15.598695652173912,SP
01c97ebb5cdac52891c0ed1c37ba0012,9,12,3,-9.333333333333334,-2.0,0.0,4.083333333333333,25.0,3,48.125,35.57202999804507,14.875,SP
340636a908b13bbe0f4fb63fbe1d0c03,5,6,4,-10.0,-6.0,0.0,3.0,50.0,3,137.2,37.45578726979317,28.325,SP
4342d4b2ba6b161468c63a7e7cfce593,20,20,3,-6.5,6.0,50.0,1.263157894736842,94.73684210526316,18,143.355,60.17258927451934,14.8105,RJ
2addf05f476d0637864454e93ba673d5,12,12,8,-15.083333333333334,-7.0,0.0,5.0,0.0,0,379.3333333333333,319.1099364093064,27.136666666666667,DF
c87abc38c8ed3240861729e1aeadf221,1,1,1,-31.0,-31.0,0.0,1.0,100.0,1,133.0,0.0,15.68,SP
d6b664fa0667064c6d76394e7848d790,6,6,2,-15.333333333333334,0.0,0.0,4.833333333333333,0.0,0,1013.3333333333334,188.1634041642175,54.056666666666665,SP
15fa791d5e017f66402dc28c44480657,8,8,4,-8.625,14.0,12.5,4.25,12.5,1,225.25,314.2627426669783,22.66125,SP
626ab1cd96932367f0eeec2e47046c12,3,3,3,-14.0,-1.0,0.0,4.666666666666667,0.0,0,436.6666666666667,219.3931022920578,26.82333333333333,SP
d7b2377bae6ace1b11fc69a11900ac36,4,4,4,-2.333333333333333,17.0,33.333333333333336,3.25,50.0,2,82.4,9.57427107756338,12.99,SP
9c3c24eca51c52b91c1de727d2a2ae06,6,6,3,-24.166666666666668,-10.0,0.0,4.5,0.0,0,51.25,3.817721833764215,18.94333333333333,RS
dfc5fb7259bb2b599ca565e6e9448f0f,33,34,11,-12.205882352941176,15.0,5.882352941176471,4.117647058823529,20.58823529411765,7,180.13617647058825,29.36209791599573,21.216176470588238,SP
661ad5fcc28cdfb8bcadb12bb2272475,4,7,1,-15.142857142857142,-9.0,0.0,5.0,0.0,0,29.99,0.0,17.111428571428572,SC
4677a5437afda5fa7140b927b07be1cc,11,11,9,-14.090909090909092,1.0,9.090909090909092,4.363636363636363,9.090909090909092,1,310.5181818181818,459.7182916051564,38.18181818181818,PR
d197aa8fbc64087f61984deef05f6227,6,7,6,-10.714285714285714,-6.0,0.0,4.714285714285714,0.0,0,74.15571428571428,43.98156426547486,15.937142857142858,SP
e1643dff33666ca629e3644c02738179,3,3,2,-12.333333333333334,-7.0,0.0,4.333333333333333,33.333333333333336,1,56.66666666666666,40.99186911246343,9.77,SP
b0398568231ba5e6734af1881671a317,4,4,3,-12.75,-7.0,0.0,4.0,25.0,1,164.1925,133.50027724690312,28.3375,ES
ed859002ad59dbf8cf3602696a6c3000,7,13,5,-28.363636363636363,-22.0,0.0,4.0,23.07692307692308,3,186.2846153846154,80.82753085174471,20.68769230769231,PR
1e483cc5c76fef08d3ca05f9a8af7d01,10,11,3,-10.9,-3.0,0.0,4.090909090909091,9.090909090909092,1,15.635454545454545,16.725603943437356,11.18909090909091,SP
98e164d549402270247f3c96a1a158ef,2,2,2,-11.0,-8.0,0.0,2.5,50.0,1,81.35,4.596194077712559,12.36,SP
929f342384a6607afe143d789ade1316,4,4,4,-15.25,-4.0,0.0,5.0,0.0,0,52.35,31.168199605794797,15.84,PR
8132b9bd16876e1b0f8808d43825dd48,2,3,2,-16.0,-16.0,0.0,2.333333333333333,66.66666666666667,2,242.63333333333333,142.66325151675653,13.68,SC
1c5e4e49b9079480255b49d50aac1aa9,12,12,8,-12.25,-3.0,0.0,4.333333333333333,8.333333333333334,1,847.7591666666667,518.757261091935,74.13416666666667,SP
98115075dd26cb8835946fc6086f5d30,4,4,3,-7.0,-1.0,0.0,4.75,0.0,0,108.74,26.587904518157625,14.06,SP
4b0fdb526525f9890eb145bf1534640e,18,20,10,-9.3,-2.0,0.0,3.95,30.0,6,120.95,49.49478973110519,26.7605,SP
63ffcb71394dd8ea3872ed9ffda17c74,17,17,5,-11.058823529411764,27.0,5.882352941176471,3.176470588235294,52.94117647058823,9,23.47058823529412,5.317043904497399,15.571764705882352,RJ
5ef131ac72773e5b3f6c0d63cf424657,10,11,8,-10.363636363636363,-2.0,0.0,3.8181818181818175,27.272727272727277,3,52.344545454545454,17.164831116929967,22.381818181818183,SP
1782ce2db72c3dda627d5e7c898104e1,9,10,7,-1.9,132.0,10.0,4.3,10.0,1,201.08,61.4522000329434,20.737,SP
fcf16b7a8697e559f0123190bb30177d,3,7,1,-1.8571428571428568,8.0,57.142857142857146,3.142857142857143,42.85714285714285,3,150.4,0.0,71.39571428571429,SP
91543f9849d68d023e17194926598543,4,6,6,-18.666666666666668,-11.0,0.0,4.333333333333333,0.0,0,139.0,42.89522117905443,44.428333333333335,SC
4a1917ef994878940e1fb03eeb787ad7,2,3,2,-11.333333333333334,-4.0,0.0,2.6666666666666665,66.66666666666667,2,256.0,22.516660498395403,26.206666666666667,DF
4e480be820e37de1444325ff358c9296,1,2,1,-10.0,-10.0,0.0,5.0,0.0,0,215.15,0.0,71.72,MG
e546117ed9cafbc40239c0c78635c584,2,2,1,-10.0,-5.0,0.0,4.5,0.0,0,228.0,0.0,14.17,SP
72c73be2b085b9d57650dd53eb2004c9,1,1,1,-13.0,-13.0,0.0,5.0,0.0,0,29.4,0.0,17.92,SP
4867209cb29b56b92893d7bde3ce8012,1,1,1,-17.0,-17.0,0.0,4.0,0.0,0,150.0,0.0,19.15,SP
446cc09cdbb130904da114e807dbec40,3,3,3,-24.666666666666668,-22.0,0.0,4.666666666666667,0.0,0,84.26666666666667,116.68248940322336,18.05666666666667,SP
7354220fb240bde543b3c40c060d41e7,7,7,6,-15.714285714285714,-7.0,0.0,4.571428571428571,0.0,0,96.0,43.0,23.59,DF
d90fe2229fee1a5da999ccd0c06c1667,3,3,2,-15.333333333333334,-6.0,0.0,4.666666666666667,0.0,0,150.0,121.2435565298214,22.30333333333333,SP
33dd941c27854f7625b968cc6195a552,5,5,1,-19.8,-11.0,0.0,4.4,20.0,1,1357.5,44.7213595499958,76.182,ES
49f8d2ea7b718d0ce587d34207caf2b4,1,1,1,-1.0,-1.0,0.0,5.0,0.0,0,149.9,0.0,15.36,SP
5a9c0859cb00fd8aa4db443837f0a700,2,2,2,-14.5,-12.0,0.0,4.5,0.0,0,104.0,49.49747468305833,23.795,SC
131fcb0a0c9a47bba4474aacff0f14b7,4,4,2,-8.0,-2.0,0.0,4.0,25.0,1,92.45,29.06320698064823,9.1525,SP
7d484ca289afaac6bf5fc6a1e96d2226,2,2,2,-2.5,0.0,0.0,4.0,50.0,1,91.6,10.465180361560904,32.61,MS
0692610d8abe24f287e9fae90ea0bbee,4,4,3,-6.25,2.0,25.0,4.0,25.0,1,43.4975,26.332679791468244,7.9325,SP
de66a66f2dd06bb9ec37aa96987466a3,7,8,2,-26.375,-17.0,0.0,4.25,12.5,1,44.165,3.1940793442153024,14.4575,RJ
392f7f2c797e4dc077e4311bde2ab8ce,2,2,1,-8.0,-3.0,0.0,5.0,0.0,0,26.0,0.0,18.28,RN
4fe2f67634d00c021aa01f96b6f2d68e,2,2,2,-21.0,-1.0,0.0,5.0,0.0,0,43.4,16.263455967290593,16.02,PR
43402bdf22aa2310e8f99e2f94f78628,4,5,3,-36.4,-6.0,0.0,2.8,40.0,2,129.99,54.77225575051661,37.43,SP
9ed65337433adfbedefd23dd76eaa494,6,6,3,-10.333333333333334,-5.0,0.0,4.833333333333333,0.0,0,210.4333333333333,292.5298320969447,13.508333333333333,SP
910a922b426b7ff95eaee129ad6c0e1f,2,2,1,-6.0,-2.0,0.0,5.0,0.0,0,59.9,0.0,15.58,SP
dcb7367a92f5ffb89f1e2152ed260285,1,1,1,-14.0,-14.0,0.0,5.0,0.0,0,79.9,0.0,18.44,SP
83b08de96980757220871b31bf6cffca,5,7,4,-5.0,8.0,14.285714285714286,4.285714285714286,14.285714285714286,1,186.31,151.1517789067223,64.88714285714286,RJ
4eeb99008a0f59d2c7759c59f9a346eb,2,2,2,-12.5,-9.0,0.0,4.5,0.0,0,641.0,408.7077195258245,19.475,SP
e5def42655b7490edac5a56fe8e9e603,1,1,1,-14.0,-14.0,0.0,5.0,0.0,0,129.9,0.0,11.52,SP
c8025364abeecb115431bf95c11a747f,2,2,2,-1.5,0.0,0.0,4.5,0.0,0,464.0,190.91883092036784,21.64,RS
78ba5933c21686d1c2f64669c8c459e7,2,3,2,-11.666666666666666,-7.0,0.0,4.333333333333333,0.0,0,99.23333333333332,11.547005383792516,10.11,SP
28c7d8743fbc8679f484868cc0fcaefb,3,3,2,-11.0,-5.0,0.0,5.0,0.0,0,67.16666666666667,13.768926368215254,22.953333333333333,SP
36f98ad67cc981f50ce8aed093d5783c,2,2,2,-13.5,-13.0,0.0,4.0,50.0,1,59.7,13.717871555019022,19.61,PR
bb3dca718920a4d7ec3cc9ffb025108b,2,3,2,-38.333333333333336,-35.0,0.0,2.333333333333333,66.66666666666667,2,36.0,0.0,31.23333333333333,SP
9591fc341b1bfb7ef561e2968ec6e011,1,1,1,,,,1.0,100.0,1,79.9,0.0,14.31,SP
1fbe10c70e30765ed1de86d9f7e98409,2,6,2,-6.833333333333333,-1.0,0.0,1.5,83.33333333333333,5,16.458333333333332,25.250156765189928,9.893333333333333,SP
b5f49fe968dff6b112861e6cd8e192ef,1,2,2,-14.0,-14.0,0.0,5.0,0.0,0,97.35,45.89123009900693,21.485,PR
a69aa24cec11168e7e39a3fbc727e925,3,3,2,-9.666666666666666,-6.0,0.0,5.0,0.0,0,35.32333333333333,8.082903768654761,11.44,SP
b2f4d63c7203f539a78252565ca32257,1,1,1,-11.0,-11.0,0.0,5.0,0.0,0,14.9,0.0,20.84,RJ
f3511c85f59f8dec53d140501ee8e7a8,1,1,1,-10.0,-10.0,0.0,5.0,0.0,0,69.9,0.0,8.11,PR
50a7e551a7b3f8d37cd6e32d8bfbe5ea,1,1,1,-4.0,-4.0,0.0,5.0,0.0,0,140.0,0.0,27.96,SP
20d53aad4fe5ee93a64f8839609d3586,2,2,2,17.0,17.0,100.0,2.5,50.0,1,25.95,16.19274528917194,17.27,MG
bee36b4f9a2b9fdcaff6ec05df202ed0,2,2,1,-13.0,-13.0,0.0,3.0,50.0,1,16.9,0.0,9.84,SP
34aefe746cd81b7f3b23253ea28bef39,1,1,1,,,,1.0,100.0,1,8.0,0.0,14.52,PR
253c025bab43881055aeecde5e2d8b77,2,2,1,-6.5,2.0,50.0,4.5,0.0,0,47.41,3.5213917703090067,14.755,PR
695051e2981c8b19e77cafe450d5bdf3,1,1,1,-8.0,-8.0,0.0,5.0,0.0,0,169.76,0.0,12.69,SP
64c9a1db4e73e19aaafd3286dc448c96,1,1,1,-9.0,-9.0,0.0,5.0,0.0,0,439.0,0.0,43.6,PR
96f7c797de9ca20efbe14545bed63eec,1,3,1,-14.0,-14.0,0.0,1.0,100.0,3,46.2,0.0,12.79,SP
0b36063d5818f81ccb94b54adfaebbf5,1,15,1,-21.0,-21.0,0.0,5.0,0.0,0,51.0,0.0,1.2,SC
432c67955c0acd1fd6b0b5d678766a71,3,3,3,-48.0,-48.0,0.0,2.333333333333333,66.66666666666667,2,383.6666666666667,218.04892417375817,45.803333333333335,SP
7ad41305e96a6cab8294cd65891e9a86,2,2,2,-15.0,-13.0,0.0,5.0,0.0,0,90.0,42.42640687119285,28.8,SP
a56a8043ebf66e42119618fb8cf232c6,1,1,1,-9.0,-9.0,0.0,5.0,0.0,0,83.0,0.0,23.73,SC
5882f40daf39bc2a465e0cb453ddc222,1,1,1,,,,2.0,100.0,1,640.0,0.0,58.9,SP
9ef932e837d8b7f392c0bfee9d359dc2,1,1,1,9.0,9.0,100.0,3.0,100.0,1,59.9,0.0,19.66,SP
85e7c62c1d6ea078c3897424f867a7c8,2,2,2,-20.5,-17.0,0.0,4.5,0.0,0,30.0,0.0,13.85,SC
f43827dd686be3a4a80e00aa299990fb,1,2,1,-14.0,-14.0,0.0,2.0,100.0,2,47.77,0.0,15.1,SP
443d880f15cbd3572885e1d44bf2c478,1,2,1,-14.0,-14.0,0.0,2.0,100.0,2,47.4,0.0,15.1,SP
ac137bac82ffa8548e62bd9d01d2a14f,1,1,1,,,,1.0,100.0,1,49.6,0.0,9.34,SP
3bfad056cf05c00dabe2f895925d83b1,1,5,1,,,,1.0,100.0,5,41.33,0.0,9.34,SP
2b402d5dc42554061f8ea98d1916f148,1,1,1,-25.0,-25.0,0.0,5.0,0.0,0,299.89,0.0,63.9,BA
aa2640d851ec322526f1295bbeb20092,1,2,1,-5.0,-5.0,0.0,3.0,100.0,2,79.99,0.0,11.18,SP
8936ba0de1073ee888cb3185ae5dc661,1,1,1,-10.0,-10.0,0.0,5.0,0.0,0,389.99,0.0,22.22,SP
d36b07fd3c5088e477a72d1fccfe29d4,1,1,1,-11.0,-11.0,0.0,5.0,0.0,0,328.9,0.0,10.96,SP
3d290fe363c60a77498c1126fd3fb8d3,3,3,2,-12.666666666666666,-7.0,0.0,4.333333333333333,33.333333333333336,1,66.32666666666667,80.25746092004988,11.686666666666667,SP
f3055483058c84d75ca2a3314fb4deef,1,1,1,,,,1.0,100.0,1,67.5,0.0,35.79,BA
26e2e5033827d2ba53929f43e03d8ffe,1,1,1,-14.0,-14.0,0.0,5.0,0.0,0,139.49,0.0,15.29,SP
aec99834ab5d38ead22766ada8497e87,1,1,1,-13.0,-13.0,0.0,5.0,0.0,0,459.0,0.0,17.51,PR
86649b1632b1c0e6c0bcb2c90a8b75d8,1,1,1,,,,1.0,100.0,1,59.99,0.0,17.67,PR
6025c79c035c3d772133b8b8238463b2,2,4,3,-8.75,-6.0,0.0,5.0,0.0,0,247.435,245.00622910448624,27.1475,PR
c7b7db6c8f3c64a7cc1afa634db21d50,1,1,1,16.0,16.0,100.0,1.0,100.0,1,1489.0,0.0,22.86,SP
889009a0ed0bb52c87819941192931b8,1,1,1,-24.0,-24.0,0.0,4.0,0.0,0,89.9,0.0,33.08,SP
6c77cd583b36a13aacccf2b3ee23e233,1,1,1,-12.0,-12.0,0.0,5.0,0.0,0,18.9,0.0,12.79,SP
781a66c0d89e30814d49fe8b5e14cd07,1,1,1,10.0,10.0,100.0,1.0,100.0,1,115.0,0.0,21.3,SP
9bf11dfc0bec77e5a23028043c3c5a8f,1,1,1,12.0,12.0,100.0,1.0,100.0,1,115.0,0.0,17.06,MG
cb810bd318f51b3dc3c753944d61a1fa,1,1,1,-27.0,-27.0,0.0,4.0,0.0,0,1750.0,0.0,39.02,RJ
bfd27a966d91cfaafdb25d076585f0da,117,118,54,-15.478260869565217,18.0,5.217391304347826,4.2844827586206895,16.379310344827587,19,168.82203389830508,92.95395711230611,23.085169491525424,SP
92eb0f42c21942b6552362b9b114707d,341,365,52,-10.38268156424581,48.0,4.46927374301676,3.930939226519337,27.34806629834254,99,17.94145205479452,14.413943029406465,13.545315068493151,SP
a2deecd5398f5df4987110c80a1972a3,16,17,7,-13.428571428571429,-5.0,0.0,3.7058823529411766,29.41176470588235,5,50.71470588235294,41.98909145802738,18.078235294117647,SP
7586919161935337bf6b6d7ff5779648,11,18,8,-6.888888888888889,36.0,11.11111111111111,3.1666666666666665,44.44444444444444,8,92.48388888888888,143.1948610291703,18.34555555555556,RJ
cca3071e3e9bb7d12640c9fbe2301306,712,849,322,-15.296650717703349,144.0,4.425837320574162,3.851985559566787,31.28760529482551,260,77.30266195524146,48.3302359532046,17.27032979976443,SP
582d4f8675b945722eda7c0cb61ba4c7,59,71,25,-14.028169014084508,3.0,1.408450704225352,4.112676056338028,25.35211267605634,18,66.23887323943661,109.049137489866,13.816478873239436,SP
ceaec5548eefc6e23e6607c5435102e7,203,211,33,-15.228155339805824,41.0,4.854368932038835,4.14975845410628,20.77294685990338,43,250.7923222748815,89.10552459389254,30.00872037914692,SP
3c487ae8f8d7542beff5788e2e0aea83,30,33,11,-11.06060606060606,15.0,3.0303030303030303,3.909090909090909,24.24242424242424,8,284.41515151515154,93.12428563891147,21.80757575757576,DF
20d83f3ef0e6925fd74bfd59170babf7,40,54,48,-11.61111111111111,7.0,3.703703703703704,4.351851851851852,12.962962962962964,7,53.77037037037037,13.255182391713667,12.10388888888889,SP
01cf7e3d21494c41fb86034f2e714fa1,61,67,21,-15.184615384615384,23.0,4.615384615384615,4.212121212121212,18.181818181818183,12,145.21432835820897,127.71832127207595,29.98238805970149,PR
b33e7c55446eabf8fe1a42d037ac7d6d,152,155,34,-11.335526315789474,67.0,11.842105263157896,4.15483870967742,20.64516129032258,32,290.22690322580644,172.8119851076343,17.581096774193547,SP
c9c7905cffc4ef9ff9f113554423e671,127,140,22,-10.021428571428572,40.0,7.142857142857143,4.164285714285715,18.571428571428573,26,76.51557142857143,54.85962191755706,15.323142857142855,SP
669ae81880e08f269a64487cfb287169,162,188,16,-14.288770053475936,29.0,3.7433155080213902,4.101604278074866,20.32085561497326,38,71.16420212765958,31.91646896726837,18.118989361702127,SC
31da954dc0855f2495c6310f70a2f931,29,30,14,-10.8,8.0,6.666666666666667,4.233333333333333,20.0,6,152.76666666666668,121.93884372584236,14.990333333333334,SP
827f8f69dfa529c561901c4f2e0f332f,91,105,60,-10.876190476190477,17.0,5.714285714285714,4.252427184466019,21.359223300970875,22,32.745619047619044,5.850242914714923,15.330190476190475,PR
6a51fc556dab5f766ced6fbc860bc613,26,33,18,-11.580645161290322,13.0,6.451612903225806,3.939393939393939,21.21212121212121,7,229.62636363636364,92.09146868800408,24.01757575757576,SP
8cc6a0e5738e61a87b03c78b2ba9db4b,24,26,14,-10.708333333333334,96.0,8.333333333333334,4.153846153846154,23.07692307692308,6,512.0153846153846,421.4128175006619,20.223846153846157,MG
817245bcc3badd82bbd222e0366951a6,29,45,4,-13.590909090909092,14.0,2.272727272727273,4.073170731707317,19.51219512195122,8,124.0111111111111,38.96806514326957,16.057333333333332,SP
b1204cfda1d4948679db3cfc0d3cb95c,7,11,4,-20.666666666666668,-9.0,0.0,3.272727272727273,54.54545454545455,6,263.9727272727273,228.44533302700276,15.85909090909091,SP
2199e7fe213c16213bf5d6a7eadc9a5d,25,31,13,-13.2,4.0,3.333333333333333,4.290322580645161,22.580645161290324,7,131.55774193548388,93.1367177758832,18.370645161290323,SP
7722b1df1b0e383e000397b2c11e3e19,134,145,76,-12.20138888888889,9.0,2.7777777777777777,4.222222222222222,19.444444444444443,28,48.92475862068966,28.85945868637349,14.284206896551725,SP
7b07b3c7487f0ea825fc6df75abd658b,93,98,65,-11.010416666666666,51.0,4.166666666666667,4.336734693877551,17.346938775510203,17,99.30459183673467,72.52327805705534,13.701938775510204,SP
d25aa0aaacb370e912f8cf6efeba38b3,17,21,5,-16.714285714285715,4.0,4.761904761904762,4.523809523809524,9.523809523809524,2,126.59285714285714,19.82019579692823,34.032380952380954,SC
1b7e5006cb25dd23ce8686691013b121,11,11,7,-6.363636363636363,4.0,18.181818181818183,4.363636363636363,18.181818181818183,2,239.7036363636364,197.19323884315747,13.565454545454546,SP
478bfe564db21eeb44386606aa30b650,3,3,3,-13.666666666666666,-13.0,0.0,4.666666666666667,0.0,0,60.9,34.39476704383968,16.033333333333335,MG
f214d28e8d8e3ef068748498ccc2f813,54,59,21,-13.105263157894736,21.0,7.017543859649122,4.017241379310345,22.41379310344828,13,37.49847457627119,29.16562270264366,13.713728813559324,SP
e2aee0892199b1d92530e371abd825bf,38,41,13,-13.35897435897436,14.0,12.82051282051282,3.804878048780488,31.70731707317073,13,138.11146341463416,84.60426444810497,64.74926829268293,PR
9a03a4e9eb0b947652fae4f6121a3f5e,7,7,4,-14.571428571428571,0.0,0.0,3.857142857142857,28.571428571428573,2,213.8571428571429,159.64797584208887,26.46,SP
b561927807645834b59ef0d16ba55a24,85,95,42,-8.757894736842106,47.0,14.736842105263158,4.336842105263158,11.578947368421051,11,47.38936842105263,40.76069829049521,13.737263157894736,SP
45ba18c210d42734ec52c0c1c574e9ee,38,41,29,-12.5,2.0,5.2631578947368425,3.829268292682927,24.390243902439025,10,136.32024390243902,127.28811235712088,23.730731707317076,SP
bba74270a87732727b5a3b4fd9ac1c39,36,41,20,-16.2,-5.0,0.0,3.804878048780488,34.14634146341464,14,146.38024390243902,164.9395158912473,18.508536585365853,MG
ffad1e7127fb622cb64a900751590acd,10,15,8,-10.266666666666667,-5.0,0.0,4.866666666666666,0.0,0,58.95333333333333,37.0808550268708,13.768666666666666,SP
312ba1d77e9c332ef21f9598b7f64cd7,9,11,4,3.75,28.0,50.0,2.909090909090909,63.63636363636363,7,73.63636363636364,20.451272465412647,12.853636363636364,SP
951e8cef368f09bb3f3d03c00ca4702c,64,71,49,-10.81159420289855,13.0,5.797101449275362,4.117647058823529,22.058823529411764,15,57.63788732394366,24.916488282460268,19.729577464788733,SP
c4d51195486dc781531876a7d00453d8,17,17,6,-12.823529411764708,14.0,29.41176470588235,3.941176470588236,41.1764705882353,7,674.6458823529412,544.3884607068148,33.49235294117647,SP
f67efa3f0b6761102a7f8c6b7b571f5d,31,32,9,-18.1875,-3.0,0.0,4.4375,12.5,4,162.14625,95.54938239364216,26.2965625,PR
d4e4b5192cba4e0e66eb12a9d347239d,12,12,11,-16.09090909090909,-7.0,0.0,4.166666666666667,25.0,3,36.81666666666667,21.107768209545007,17.524166666666666,PR
7b0df942f46435babab05d49b744b2c4,32,32,16,-10.875,5.0,9.375,4.387096774193548,12.903225806451612,4,706.2696875,518.2702981381021,21.0046875,SP
5b85809efd0d0e4dea1a9544e1280ed9,12,14,8,-17.0,-3.0,0.0,4.357142857142857,21.428571428571427,3,128.9,62.07687541700582,20.911428571428573,SP
e2c92f9c1c7746d899d18f2e158bbff7,14,14,8,-10.083333333333334,-3.0,0.0,4.071428571428571,14.285714285714286,2,135.3357142857143,37.10334024239404,27.99357142857143,SP
272f092de69afedd4d2969440b37f18f,26,41,25,-15.725,-2.0,0.0,3.923076923076923,23.07692307692308,9,48.42024390243903,37.643182283635696,13.417317073170732,SP
14a08204d03bb6b6bde8029f801ae0eb,28,38,24,-15.789473684210526,-2.0,0.0,3.8157894736842106,26.31578947368421,10,57.51052631578948,79.6949040029526,15.623684210526315,SP
f9244d45189d3a3605499abddeade7d5,21,21,11,-24.25,-3.0,0.0,4.285714285714286,19.047619047619047,4,749.1157142857143,761.6202472529957,41.71380952380952,SP
7f152321c60a266edc53af1925ef96c1,20,20,3,-6.4,35.0,30.0,3.8,35.0,7,195.99,45.23622209550312,27.606,SC
440dd6ab244315c632130ecfb63827b1,94,95,28,-11.380434782608695,49.0,13.043478260869565,3.851063829787234,31.91489361702128,30,144.1778947368421,54.938379753946165,22.06642105263158,SP
0176f73cc1195f367f7b32db1e5b3aa8,38,39,18,-8.736842105263158,20.0,10.526315789473683,4.0256410256410255,28.205128205128204,11,121.36153846153846,42.185583814632416,33.00025641025641,SP
f5f1f2c5f923f36ad79ea1d07185ddc9,12,13,6,-8.545454545454545,2.0,9.090909090909092,3.076923076923077,46.15384615384615,6,147.08846153846153,34.416262591531215,15.667692307692308,SP
c8b0e2b0a7095e5d8219575d5e7e1181,84,85,58,-10.83529411764706,14.0,7.0588235294117645,4.047619047619048,23.80952380952381,20,143.1789411764706,56.66692011897513,17.49564705882353,SP
b335c59ab742f751a85db9c411a86739,33,35,21,-11.096774193548388,8.0,6.451612903225806,3.6857142857142855,37.142857142857146,13,82.09542857142857,47.40238578898107,17.353714285714286,MG
7f40d06aa0b5f1aa4f41af8c0480e2ef,6,6,4,-10.166666666666666,0.0,0.0,4.833333333333333,0.0,0,218.32333333333327,113.47540115226148,20.946666666666665,SP
fffd5413c0700ac820c7069d66d98c89,60,61,29,-11.327586206896552,12.0,12.06896551724138,3.8666666666666663,28.33333333333333,17,148.56229508196722,99.76625876506615,46.45475409836065,SP
7f7b8245c336066a1f9933c359f11d77,38,43,12,-13.023255813953488,10.0,2.3255813953488373,4.558139534883721,6.976744186046512,3,48.70604651162791,24.333343686188424,12.462093023255814,SP
0873d9f8f36123f8d910f4760e788cfb,6,6,6,-7.833333333333333,7.0,33.333333333333336,3.1666666666666665,50.0,3,1210.9316666666666,291.578192834558,26.843333333333334,SP
d13e50eaa47b4cbe9eb81465865d8cfc,67,69,7,-4.8088235294117645,6.0,8.823529411764707,4.811594202898551,2.898550724637681,2,103.6963768115942,70.01912362665045,12.431739130434783,SP
9c4d31c7e46ab03a43fc06e3142afd4e,2,2,2,-8.0,-1.0,0.0,4.5,0.0,0,609.45,212.76843045903212,21.91,RJ
3d2531eccfbde1d7c8db7a3a12fb267a,10,10,2,-14.0,-5.0,0.0,4.222222222222222,22.22222222222222,2,199.954,129.05296907342608,21.306,MG
b55638ad525e906c698fa2ce742c1742,11,12,6,-9.666666666666666,11.0,16.666666666666668,4.166666666666667,16.666666666666668,2,91.23333333333332,79.09968777473529,24.239166666666662,SC
ba5daa4041e1f15cdf34b76e3e18a450,15,15,11,-10.933333333333334,-6.0,0.0,4.266666666666667,20.0,3,53.78666666666667,27.025434228483643,10.17,SP
88cf19ec1fc2c58f161aee259d57142c,14,15,11,-13.133333333333333,-6.0,0.0,4.466666666666667,6.666666666666667,1,100.53066666666666,57.26939864318798,16.554666666666666,SP
5d3bb11474a06bdc23fb9e89f1164ee0,31,32,10,-13.53125,8.0,3.125,3.9375,28.125,9,114.20625,83.28801926583323,16.381875,SP
e96498ed8daaa3e9c23f7a62da76591c,34,34,23,-10.235294117647058,26.0,14.705882352941176,3.941176470588236,23.529411764705884,8,282.9144117647059,224.480443505242,20.973529411764705,SP
df56d7b40d437f88407c5f78b63bc328,22,25,8,-12.04,47.0,4.0,3.88,28.0,7,111.6512,35.517782320972685,18.4088,PR
1da366cade6d8276e7d8beea7af5d4bf,43,49,15,-8.416666666666666,13.0,6.25,3.9375,25.0,12,141.17530612244897,195.82625878464776,35.83959183673469,MG
fe26f3ecb51a15e6d8335cd92da42562,7,7,7,-10.428571428571429,1.0,14.285714285714286,4.428571428571429,14.285714285714286,1,386.9942857142857,172.28559630810145,37.51285714285714,SP
851773c885feb5e2da3b4f82bc2b17ce,10,10,8,-8.5,8.0,20.0,4.2,20.0,2,58.53,37.40006090309955,25.183,SP
37ceb404da208418c9032f0674e57804,1,3,1,,,,1.0,100.0,3,68.31,0.0,23.06,SP
e7f3bf1ecd8526eb7f3b18059e6716e5,18,19,10,-15.38888888888889,-3.0,0.0,4.368421052631579,15.789473684210526,3,77.44947368421053,34.680294833054724,14.534210526315787,SP
d673a59aac7a70d8b01e6902bf090a11,79,85,16,-12.16470588235294,53.0,7.0588235294117645,3.976470588235294,24.705882352941178,21,46.31576470588235,55.70292422811414,18.927647058823528,SP
b33aaadd1a8891d2dfef0c4c3bdf0371,16,17,4,-9.294117647058824,41.0,11.764705882352942,3.764705882352941,29.41176470588235,5,88.47058823529412,20.405629269452906,21.12,SP
062c325cd6a2b87845fab56b4ec2eeae,2,2,2,-9.5,-4.0,0.0,5.0,0.0,0,66.61,40.63035564697902,11.93,SP
850913d59ce317156b00f3705f1c3edb,32,34,9,-7.366666666666666,8.0,16.666666666666668,3.3529411764705883,50.0,17,79.11764705882354,56.91821070138639,17.08705882352941,SP
26d6bbee02420494d471c9f6436929c0,12,13,10,-10.615384615384617,-3.0,0.0,4.6923076923076925,0.0,0,33.42384615384616,19.94520725156027,19.014615384615382,PR
b586cd24c010a13916af621b0325fbba,6,7,7,-14.571428571428571,-1.0,0.0,3.857142857142857,14.285714285714286,1,158.42,29.10820560139929,37.712857142857146,SC
4c18691b6037662be2df78a765d98ab5,63,67,31,-11.492537313432836,13.0,5.970149253731344,3.835820895522388,29.85074626865672,20,47.69432835820896,27.68529109658536,16.731194029850748,SP
1cbd50a8c52e6cf8e315c5709fab386f,9,9,7,-12.555555555555555,5.0,11.11111111111111,3.7777777777777777,44.44444444444444,4,87.33,77.61661081881893,24.52111111111111,PR
6f83d9e4da896daae20b9b6b2d3ff8d2,11,11,5,-15.090909090909092,-1.0,0.0,4.363636363636363,18.181818181818183,2,69.56272727272727,16.934163156713172,19.98636363636364,PR
5bc24d989e71e93c33e50a7782431b0e,17,17,9,-16.529411764705884,-3.0,0.0,4.352941176470588,11.764705882352942,2,185.1764705882353,89.80171580635141,34.61941176470588,MG
7813ea3ebd9411dc600b4dd01f7a97b9,9,9,8,-9.88888888888889,5.0,11.11111111111111,3.888888888888889,33.333333333333336,3,177.7111111111111,68.62126937845956,16.287777777777777,SP
95b293867b5862941c9cd74f756a3c68,9,9,5,2.6666666666666665,31.0,44.44444444444444,3.555555555555556,33.333333333333336,3,72.0111111111111,38.73126787378786,10.902222222222225,SP
87b740daf17b5d1be335a64164ec6842,13,13,9,-12.727272727272728,5.0,9.090909090909092,3.3076923076923075,30.76923076923077,4,1130.7592307692307,205.68833780186057,114.03923076923076,SP
4a1f694197d05fe70026b016a7316b41,14,23,12,-14.73913043478261,1.0,4.3478260869565215,4.391304347826087,17.391304347826086,4,39.46826086956522,8.856787665233686,16.129565217391303,SP
70126eecc6aa1274392a1743866e9678,3,3,2,-12.0,-6.0,0.0,5.0,0.0,0,32.46666666666667,10.96965511460289,15.78,SP
87d3c3aeb3ead335511b3ce315eb341e,15,15,11,-8.466666666666667,6.0,6.666666666666667,3.5,50.0,7,49.95666666666666,35.64931709758,14.247333333333334,SP
5151aea44289d6c6b090ee31c2132508,7,7,1,-27.142857142857142,-16.0,0.0,1.8333333333333333,83.33333333333333,5,187.9,0.0,23.88142857142857,SP
8f580d36c1e9d6fbce95283403c7d447,8,8,7,-10.375,3.0,12.5,4.375,12.5,1,601.65625,275.0660471823086,22.51875,SP
c8e135e7b21ecbc36c1153a29d2f5a06,7,7,5,-11.0,-5.0,0.0,4.857142857142857,0.0,0,166.5,65.64365925205571,14.56857142857143,SP
6aa3928696eab49a19a466e665a649fd,18,22,12,-14.045454545454543,1.0,4.545454545454546,4.545454545454546,13.636363636363637,3,94.3181818181818,88.31350345091566,15.258181818181818,RJ
86bb7c4b535e49a541baf3266b1c95b1,16,16,5,-11.875,48.0,18.75,3.2,46.66666666666666,7,510.15,179.3601590840805,20.30125,SP
08d0949a9a17c027262db1f3c450c26c,12,13,9,-11.76923076923077,-6.0,0.0,3.5384615384615383,46.15384615384615,6,27.284615384615385,13.257315348757842,19.596153846153847,PR
8a1ff5c35f6595a73fef4c7b96e4908a,2,2,1,-19.5,-4.0,0.0,5.0,0.0,0,799.0,0.0,142.4,PR
152ee17e4c8aaf53dac99f3462e4999b,6,6,3,-14.333333333333334,-7.0,0.0,4.333333333333333,16.666666666666668,1,51.49333333333333,22.484306230494788,15.995,SC
4d9fea3499bdc22aa4da4e339365f215,2,2,1,-19.5,-3.0,0.0,5.0,0.0,0,96.27,0.3818376618407356,15.1,SP
184a67a8f9f63234d3a92340bbdb727f,8,12,7,-21.09090909090909,-8.0,0.0,3.583333333333333,50.0,6,24.2525,3.40557063700584,20.2075,SC
21e83881401b92b49fb09a16d3852291,14,15,9,-13.23076923076923,-7.0,0.0,4.333333333333333,13.333333333333334,2,239.20333333333332,118.91460631578484,39.632,MG
cac4e0bc1a3269fa2b6ea5e763f6115b,2,3,2,-11.666666666666666,-11.0,0.0,5.0,0.0,0,19.293333333333333,5.942434966689441,16.713333333333335,SC
888faa8bfb0b159c37de6d898b961c31,19,23,14,-15.91304347826087,-4.0,0.0,3.869565217391304,30.43478260869565,7,105.14347826086956,88.1713861856398,22.9,SC
2d518637f53161b973e01f56ea4bb88e,13,13,2,-21.615384615384617,-9.0,0.0,4.923076923076923,0.0,0,93.83769230769232,10.032192477092726,24.60076923076923,SP
50770d25768b0486d89be26afca3108f,6,6,5,-6.833333333333333,12.0,16.666666666666668,4.0,16.666666666666668,1,28.62833333333333,7.240600573617265,12.681666666666668,SP
9539213aa8e023c01937bef95dc006da,9,9,2,-4.333333333333333,4.0,11.11111111111111,4.555555555555555,11.11111111111111,1,25.45555555555556,5.270462766947299,9.993333333333334,SP
e8a85b5f3df47be0984c55fd4064dbb4,8,14,6,-5.571428571428571,4.0,14.285714285714286,4.714285714285714,7.142857142857143,1,53.07142857142857,104.76748195277614,15.927857142857142,DF
beadbee30901a7f61d031b6b686095ad,64,68,7,-9.661764705882351,24.0,22.058823529411764,3.941176470588236,26.47058823529412,18,64.32323529411765,33.4152872978453,13.78735294117647,SP
cfa5ab0e4d3fc212fd0b3410e7081c62,16,21,11,-15.7,-6.0,0.0,3.523809523809524,52.38095238095238,11,294.3238095238096,303.22938347851766,49.47666666666667,MG
9a84ba99f5367fdbd4598363496f1ea2,16,17,3,-21.125,-4.0,0.0,3.7058823529411766,35.294117647058826,6,139.11058823529413,207.4906929078564,27.238235294117647,GO
babcc0ab201e4c60188427cae51a5b8b,1,1,1,-11.0,-11.0,0.0,5.0,0.0,0,79.0,0.0,14.13,SP
e603cf3fec55f8697c9059638d6c8eb5,8,11,1,-24.2,-22.0,0.0,4.454545454545454,9.090909090909092,1,27.0,0.0,16.86090909090909,RS
53088c75f948b48a7ece173ac17f0c12,3,3,2,-13.666666666666666,-12.0,0.0,5.0,0.0,0,87.23333333333333,28.728615235220325,18.176666666666662,RS
a7c88262832dfc683781d6a421edefae,5,5,5,-12.0,-7.0,0.0,4.2,20.0,1,304.0,69.33974329343886,16.484,SP
a45314082d50d578a4721c9787ce09ab,2,2,2,-6.0,-5.0,0.0,5.0,0.0,0,212.45,102.60119395016804,14.51,SP
7957cac1a02f45d0a4a7e45626382ec2,1,1,1,-2.0,-2.0,0.0,4.0,0.0,0,343.0,0.0,21.64,PR
8a9260f2b0340411d6d2a56bcf4f7378,8,9,4,-10.11111111111111,0.0,0.0,4.777777777777778,0.0,0,139.55555555555554,170.9708389690411,15.66,MG
b5e3e38609125694d2ea2417522a60b7,16,17,10,-7.823529411764706,18.0,11.764705882352942,4.352941176470588,11.764705882352942,2,58.53176470588235,31.81693185932887,17.714117647058824,SC
9e7c5f4d7770eab65738cca38f9efccf,2,2,2,-14.0,-7.0,0.0,3.5,50.0,1,92.4,10.606601717798211,19.04,SP
2b5ed0c9139dae8883a200dfcb272ece,4,4,1,-5.25,26.0,25.0,4.25,25.0,1,21.3525,1.275,14.835,SP
cb0b3bcf14e0a709df412a99424a59d7,2,2,2,-10.0,-8.0,0.0,4.5,0.0,0,230.0,14.142135623730953,23.715,SP
8f2b51a30523cdecddc2f179f351c7d6,7,8,4,-17.25,-7.0,0.0,3.875,37.5,3,128.4875,120.94255351198768,18.54125,SP
caa9bc43a9fe8cf9c564ddd8a03cc4a6,13,14,5,-11.357142857142858,0.0,0.0,4.6923076923076925,0.0,0,57.419285714285714,29.277006063905063,16.705,SP
bd4ff04377f974574f7f0bf9d6ce7dde,4,4,3,-23.75,4.0,25.0,3.5,50.0,2,41.24,6.291528696058959,12.535,SP
2bd05d410a8fd26dc4184a15f4f2f588,6,7,6,-18.428571428571427,-4.0,0.0,5.0,0.0,0,188.1042857142857,376.3497039039242,28.36285714285714,MG
1d503743d2526f03f0c2c89540ee008c,12,17,7,-9.411764705882351,10.0,5.882352941176471,4.235294117647059,17.647058823529413,3,30.35529411764706,16.101595851672226,12.028823529411763,SP
4f1f1c8666cdb6442f775c4e8caed465,2,2,2,-14.0,-14.0,0.0,5.0,0.0,0,472.49,173.24116139070415,62.705,MG
9b76ad3d04236f76bc71c59470305e13,2,3,2,-10.666666666666666,-10.0,0.0,5.0,0.0,0,131.56666666666666,57.735026918962575,20.64333333333333,SP
0aa2205ca24f113f4658a5c536667426,4,11,3,-14.090909090909092,-7.0,0.0,2.8181818181818183,54.54545454545455,6,74.14727272727272,73.3477417635893,15.68,SP
bba8d0c234a52b87b3957037a215d1a4,1,1,1,-10.0,-10.0,0.0,5.0,0.0,0,120.0,0.0,19.53,GO
79a679c36c08d606b3fd47ead9de109b,3,7,2,-6.857142857142857,4.0,14.285714285714286,2.7142857142857144,42.85714285714285,3,133.57142857142858,45.43441112511214,19.602857142857143,SP
90b36c5aeb728d5504a39f435bef0c5f,5,7,3,-10.25,-5.0,0.0,3.2857142857142856,42.85714285714285,3,29.69428571428572,16.50412156315593,18.91,SP
dc50afafdfa325eadc890c7fa42a8f4e,4,4,3,-11.75,-5.0,0.0,4.75,0.0,0,106.05,63.81606380841739,14.32,PR
939f6e231201f26803cb5c3a3d2940b3,3,4,3,-48.0,-37.0,0.0,4.75,0.0,0,32.65,18.172781845386247,23.755,SP
85ecf03781da592876b7844acc1b729f,2,2,2,-0.5,4.0,50.0,4.5,0.0,0,125.5,47.37615433949868,21.95,SP
e2a1ac9bf33e5549a2a4f834e70df2f8,5,5,1,-9.8,-3.0,0.0,4.8,0.0,0,2999.89,0.0,40.222,SP
c113b8df1fc375bc3d73d29c1b1144d1,3,5,2,-21.6,-18.0,0.0,4.2,0.0,0,66.6,16.994116628998402,13.574,SP
e94b64dc6979b302a5a5be1662c83bb6,2,2,2,-16.0,-13.0,0.0,5.0,0.0,0,153.445,41.40110203847236,15.87,SP
e8dba4d70f7f2b20e775d09cae01142d,9,9,6,-10.666666666666666,12.0,11.11111111111111,4.333333333333333,22.22222222222222,2,95.10111111111112,55.13040096998308,19.608888888888888,SP
fc6295add6f51a0936407ead70c1001d,1,4,4,-9.0,-9.0,0.0,1.0,100.0,4,40.0,0.0,17.63,SP
9b522ba7eae9e1d04082f267144583cc,4,6,3,12.4,80.0,20.0,4.5,16.666666666666668,1,251.26666666666668,493.8154338076795,24.675,SP
a20d8058c866dbaeca014d2cd20ac62e,2,2,1,-3.5,0.0,0.0,5.0,0.0,0,597.0,0.0,22.45,SP
ccada0ef508e698917a6eab263375905,3,3,3,-22.666666666666668,-20.0,0.0,3.6666666666666665,33.333333333333336,1,57.6,54.06357368876016,19.72,PR
48b6c3f4c6a93171da04b75313f2130f,2,2,2,-9.0,-5.0,0.0,5.0,0.0,0,145.13,14.142135623730953,18.9,SP
02a2272692e13558373c66db98f05e2e,2,2,2,,,,3.0,50.0,1,27.49,3.5355339059327378,19.435,RJ
9d213f303afae4983637247556438ede,2,3,2,-12.333333333333334,-9.0,0.0,5.0,0.0,0,15.9,0.0,24.37,SP
3f8247d0f772ffa58560e5c682521ad5,1,1,1,,,,3.0,100.0,1,139.9,0.0,18.55,SC
cf281cf8b7affbdfe751b29cc85580e1,1,1,1,,,,1.0,100.0,1,64.9,0.0,25.33,CE
bcc9dd23e2a8bd8267cf92b19304a1b9,3,3,2,0.0,8.0,66.66666666666667,2.333333333333333,66.66666666666667,2,67.59666666666666,9.185642782806946,14.476666666666668,SP
c1d1ebb4745cc43cb6f05e9c8a705c9a,3,3,3,5.0,5.0,100.0,2.333333333333333,66.66666666666667,2,11.5,2.6457513110645907,14.223333333333333,SP
913fd0ebba70bb919f7254a02239173c,1,1,1,-8.0,-8.0,0.0,1.0,100.0,1,159.9,0.0,19.22,SC
8fd3b4468f6425810648177996c14cbd,1,1,1,-19.0,-19.0,0.0,5.0,0.0,0,354.9,0.0,21.67,SP
7d948535954aaf8c5d39db007f74372e,4,4,3,-9.25,-7.0,0.0,3.75,50.0,2,48.5,1.0,10.95,SP
56f413900b5166ab4d730e9ac0b12cb0,3,3,2,-8.333333333333334,-2.0,0.0,4.666666666666667,0.0,0,50.59666666666666,60.09638951994815,14.15,SP
e9729944ba65dc3ce425e0c5a22ae7b2,4,4,3,-23.75,1.0,25.0,3.75,25.0,1,229.175,148.50893070788706,15.4325,RJ
10089e9f2fd0c668a8fd4e52e1698888,3,3,3,-16.666666666666668,-13.0,0.0,4.333333333333333,0.0,0,379.9666666666666,43.61196319054364,19.80333333333333,SP
365e4bce19bda0082c3d15d83fdb8bcd,6,7,6,-12.428571428571429,-10.0,0.0,4.714285714285714,0.0,0,113.77142857142856,112.0832237563635,14.088571428571427,SP
da20530872245d6cd9d2f5725613c430,2,3,2,-14.0,-14.0,0.0,4.666666666666667,0.0,0,104.98666666666666,9.514732436245032,26.42,RS
6a3139c7bf09ece22a4713d956acbe5e,1,1,1,-13.0,-13.0,0.0,5.0,0.0,0,61.9,0.0,14.74,SP
6235903333ba7de1928c869e268e5964,1,1,1,-17.0,-17.0,0.0,5.0,0.0,0,94.06,0.0,41.42,SC
a11a0e0ca67423425691db355cff69b0,2,2,2,-6.0,0.0,0.0,5.0,0.0,0,224.45,50.13387078612622,14.04,SP
578fa3a9cb6b6dceab39231ad59cdaca,3,3,2,1.3333333333333333,15.0,33.333333333333336,3.6666666666666665,33.333333333333336,1,50.0,34.64101615137755,12.4,CE
3986c0b54f6b748b75e7bd4e092aa3e5,1,1,1,-12.0,-12.0,0.0,5.0,0.0,0,24.99,0.0,15.28,PR
8e4f041ff58e7845456d3482524014b3,2,2,2,-8.5,5.0,50.0,3.0,50.0,1,66.9,0.0,24.295,RS
5e25c632f9db6cfb8bc100421c2737b6,1,1,1,-24.0,-24.0,0.0,5.0,0.0,0,259.0,0.0,19.91,SC
9e9b539eb2806acee3f5c28085c1db9f,3,3,3,-3.0,13.0,33.333333333333336,3.6666666666666665,33.333333333333336,1,322.3333333333333,209.84120980716187,24.156666666666663,MG
be3b4b0f050a6aa1b2d901c4b77e979f,3,8,3,-17.25,-11.0,0.0,2.75,75.0,6,72.275,86.43732246134024,19.44,PR
cad9969167c09b48ae6f1d123f7fa68d,2,2,2,-11.0,-11.0,0.0,3.0,50.0,1,21.6,3.394112549695428,13.49,MG
134b867a0f7f8bbe6abf10f91874891e,1,1,1,-19.0,-19.0,0.0,4.0,0.0,0,789.89,0.0,132.95,SP
c2bda99904207edd1834f03e0022b007,2,2,1,-7.0,-7.0,0.0,2.5,50.0,1,39.9,0.0,10.94,SP
e0482f2c769468c3bbcd8a01e09d98c5,1,1,1,-14.0,-14.0,0.0,4.0,0.0,0,189.0,0.0,45.4,SP
186cdd1b2df32caa72cfb410bba768d3,6,6,6,-28.166666666666668,-18.0,0.0,5.0,0.0,0,223.575,315.7177406323566,44.71333333333333,SC
be1e9e378700cecaa4ebf71433d7915c,2,2,1,23.5,43.0,100.0,3.0,50.0,1,59.945,14.07849601342416,18.81,SP
5733d806668f8712c24b9abaefbfa642,2,2,2,-17.0,-17.0,0.0,5.0,0.0,0,121.9,62.22539674441618,42.94,SP
a89e143d5211473ae18db9577ee34b64,2,2,2,-7.0,-7.0,0.0,3.0,50.0,1,70.0,0.0,9.84,SP
cecd97bc34ed8330bd4cd15713eda670,1,1,1,-9.0,-9.0,0.0,1.0,100.0,1,57.99,0.0,18.51,SC
173d56ffbd4c56cb80fc3615487d712b,2,2,1,-17.0,-14.0,0.0,5.0,0.0,0,179.0,0.0,19.805,SP
a99504ac23ed125aaf5302af6cc30af9,1,1,1,-8.0,-8.0,0.0,5.0,0.0,0,978.0,0.0,47.24,SP
baeda7047354773262ba2405f97038ba,1,1,1,-9.0,-9.0,0.0,5.0,0.0,0,35.0,0.0,15.1,SP
b9de031b671cd48b28fae9d828cbf2b4,1,1,1,-13.0,-13.0,0.0,5.0,0.0,0,155.32,0.0,43.37,SP
76de363de16dacc923eec8daf91df504,2,2,2,-14.5,-14.0,0.0,2.5,50.0,1,180.0,98.99494936611666,25.21,SC
c026ef0d72e9132d9fa112308090c8dc,1,1,1,-7.0,-7.0,0.0,4.0,0.0,0,520.0,0.0,37.72,RJ
84deb808079d1be601c209c1e771b1cc,2,2,2,-11.5,-10.0,0.0,5.0,0.0,0,17.465,7.870098474606274,11.605,PR
880eda903e719a5f179f7e9fceb3a69d,1,1,1,,,,1.0,100.0,1,249.0,0.0,42.72,SP
77128dec4bec4878c37ab7d6169d6f26,1,1,1,-7.0,-7.0,0.0,5.0,0.0,0,6.5,0.0,8.72,SP
455f46ef09a9e45667e2981df84b5cc2,2,2,1,-2.0,-2.0,0.0,2.5,50.0,1,29.9,0.0,15.59,SP
76d336555bb25f3165d2f0d6da719c40,2,2,1,-30.0,-30.0,0.0,2.0,100.0,2,165.0,0.0,11.815,SP
4e92348462c75b6c842b994ce84a0ed4,1,1,1,-19.0,-19.0,0.0,5.0,0.0,0,69.9,0.0,15.59,RS
258447aad3f7b01e2643c89f64dc5647,1,1,1,-12.0,-12.0,0.0,5.0,0.0,0,51.9,0.0,19.55,PR
f1fdf2d13186575751aa25876536d85c,1,1,1,-6.0,-6.0,0.0,5.0,0.0,0,26.3,0.0,8.29,SP
4dc2e811a1760953cb7c6a590b498943,1,1,1,-9.0,-9.0,0.0,5.0,0.0,0,175.0,0.0,24.84,SP
7816cd9c5b1238e320545f5bf7eb80e8,1,1,1,-14.0,-14.0,0.0,4.0,0.0,0,489.0,0.0,22.76,SP
f3975e8a41157005d4bcbb358678cd9b,2,2,2,-5.5,-4.0,0.0,5.0,0.0,0,89.4,48.79036790187178,41.99,SC
08d1c9478fb0d7d7fcac9c0da4e82fc7,1,1,1,-13.0,-13.0,0.0,5.0,0.0,0,538.0,0.0,67.57,MG
d85efbc8eff2b7adf524e2820569adc8,1,1,1,-9.0,-9.0,0.0,5.0,0.0,0,55.0,0.0,8.29,SP
e00d85ce20ea50c1224c66ca5050527d,1,1,1,-11.0,-11.0,0.0,4.0,0.0,0,149.0,0.0,8.3,SP
2c2c9832d1bb38c5b0034a3b47d313ee,1,1,1,-14.0,-14.0,0.0,3.0,100.0,1,49.9,0.0,18.45,RS
2078fe5066350e7d220c0ad3a3bbc6c1,1,1,1,,,,2.0,100.0,1,29.9,0.0,38.14,PR
f5b84683a9bf9e1df748cf40f601b39c,1,1,1,-46.0,-46.0,0.0,5.0,0.0,0,83.9,0.0,9.07,SP
686886775c8f6b1191c7b953fb52708c,1,1,1,-14.0,-14.0,0.0,5.0,0.0,0,189.0,0.0,13.62,SP
a1bea9970d8f65b240555f99c2214f7f,1,1,1,-13.0,-13.0,0.0,3.0,100.0,1,75.0,0.0,27.48,PR
80ceebb4ee9b31afb6c6a916a574a1e2,1,1,1,5.0,5.0,100.0,,,0,6729.0,0.0,193.21,PR
4a3ca9315b744ce9f8e9374361493884,1806,2009,399,-9.662100456621005,137.0,9.690512430238458,3.803931451612903,32.76209677419355,650,101.04485813837732,59.5910379977868,17.64120955699353,SP
0241d4d5d36f10f80c644447315af0bd,238,249,56,-13.024096385542167,49.0,4.417670682730924,4.278225806451613,17.338709677419356,43,126.75301204819276,79.33970094557276,27.775020080321283,PR
e333046ce6517bd8bb510291d44f0130,68,74,47,-13.58108108108108,12.0,4.054054054054054,4.391891891891892,14.864864864864863,11,98.2162162162162,77.22911479350405,19.34216216216216,SP
8444e55c1f13cd5c179851e5ca5ebd00,99,109,54,-21.274509803921568,15.0,10.784313725490197,3.073394495412844,48.62385321100918,53,209.8459633027523,168.21507143424537,19.06477064220184,MG
b410bdd36d5db7a65dcd42b7ead933b8,44,44,2,-15.452380952380953,0.0,0.0,4.659090909090909,6.818181818181818,3,175.61136363636365,16.01856794559002,22.879772727272726,GO
06a2c3af7b3aee5d69171b0e14f0ee87,392,406,44,-11.240694789081886,27.0,19.35483870967742,4.00250626566416,24.56140350877193,98,89.98014778325123,30.582087898392743,30.035714285714285,MA
0b90b6df587eb83608a64ea8b390cf07,164,216,46,-18.22429906542056,25.0,3.2710280373831777,4.0,27.44186046511628,59,135.53148148148148,151.79086768384192,17.14875,PR
7d13fca15225358621be4086e1eb0964,565,578,57,-11.0,50.0,11.208406304728546,4.001742160278746,24.738675958188157,142,196.58991349480968,143.5412548147326,14.934342560553633,SP
822bad9bc42b51213ba522fe87b7ab5d,18,18,7,-4.444444444444445,55.0,27.77777777777778,4.111111111111111,27.77777777777778,5,286.6666666666667,240.3818041464576,29.296666666666667,SC
8b28d096634035667e8263d57ba3368c,143,155,49,-10.291390728476822,152.0,12.582781456953642,3.861842105263158,28.289473684210527,43,60.4883870967742,53.665319068820175,16.719032258064516,SP
8581055ce74af1daba164fdbd55a40de,387,443,32,-9.122685185185183,73.0,8.101851851851851,4.230769230769231,18.778280542986423,83,149.25519187358915,47.6059172065192,22.164221218961625,SP
0691148aee60ca47977c187804f935ae,47,54,37,-12.814814814814817,38.0,3.703703703703704,4.0,24.074074074074076,13,109.34092592592592,163.6228425058449,28.55388888888889,PR
91f0eec23d4a61d7d7caeefa3f0ad1ca,11,11,2,-5.727272727272728,49.0,27.272727272727277,3.5454545454545454,27.272727272727277,3,199.1636363636364,0.3640679257301507,32.223636363636366,SC
ad420dd0c4f92f8af951ac24b86d0cf5,42,46,23,-11.673913043478262,119.0,6.521739130434782,4.159090909090909,25.0,11,102.28891304347826,71.773711133697,19.850217391304348,MG
7d7866a99a8656a42c7ff6352a433410,5,5,4,-8.2,-2.0,0.0,4.4,20.0,1,29.578,11.176310661394483,11.898,SP
a49928bcdf77c55c6d6e05e09a9b4ca5,98,106,3,-4.586538461538462,29.0,21.153846153846157,2.952830188679245,54.71698113207548,58,83.17641509433962,12.14536205335222,16.58066037735849,SP
897060da8b9a21f655304d50fd935913,317,434,106,-9.75779376498801,58.0,11.03117505995204,3.395348837209302,40.93023255813954,176,54.430345622119816,59.74461115258877,15.969193548387096,SP
b2479f944e1b90cf8a5de1bbfde284d6,103,134,38,-8.56060606060606,21.0,11.363636363636363,3.2857142857142856,44.3609022556391,59,36.824477611940296,16.17353842589125,17.04723880597015,SP
18e694e0e48ed6f7aa3f24aade5fd697,31,34,4,-13.411764705882351,1.0,2.9411764705882355,4.676470588235294,2.9411764705882355,1,20.633529411764705,3.8349049866567086,14.83029411764706,SP
813348c996469b40f2e028d5429d3495,179,202,4,-10.887179487179488,22.0,4.102564102564102,4.0,27.77777777777778,55,55.47440594059406,12.36117658078138,17.795049504950494,SP
709e16e2b25c7474d980076c6bfc4806,60,80,39,-13.2875,11.0,2.5,4.525,12.5,10,64.39875,50.0565869506891,15.337,SP
87e24fc7052259b1f7f607d61c10d8be,8,8,7,-12.142857142857142,8.0,14.285714285714286,3.5,37.5,3,934.18625,695.3010912637056,29.54625,SP
b2ac621f0d0322434d04a12b078b9369,30,30,13,-11.666666666666666,8.0,10.0,4.4,13.333333333333334,4,319.18333333333334,312.75582861608405,26.046333333333333,PR
ea00f977a203ff88adf7057cb7806998,19,19,5,-6.277777777777778,3.0,5.555555555555555,4.105263157894737,21.05263157894737,4,20.51157894736842,11.569690413200776,9.66736842105263,SP
e49c26c3edfa46d227d5121a6b6e4d37,35,36,31,-19.542857142857144,-8.0,0.0,4.416666666666667,16.666666666666668,6,101.50694444444444,90.18803353690538,32.651666666666664,PE
2a6fbeaa7ab9e5d59a35841a8da71ce4,30,30,10,-12.8,27.0,6.666666666666667,3.931034482758621,31.03448275862069,9,54.42633333333333,28.595904756635605,21.083,SC
b2a6d334e2833acea353624840e25a0e,25,26,6,-17.03846153846154,-1.0,0.0,4.5,11.538461538461538,3,63.49923076923077,31.74454547453177,14.908076923076925,SP
382229d1e840115ffe3dbf5ff460e417,46,49,24,-10.416666666666666,7.0,6.25,4.26530612244898,16.3265306122449,8,83.61142857142858,84.07739725494996,17.748163265306122,RJ
8f119a0aee85c0c8fc534629734e94fd,77,83,32,-10.74074074074074,10.0,4.938271604938271,4.216867469879518,19.27710843373494,16,44.984096385542166,19.59916629860445,13.16590361445783,SP
1336efc61c316ddf92c899eb817f7cae,74,85,50,-11.176470588235292,14.0,8.235294117647058,3.941176470588236,28.235294117647054,24,56.90952941176471,52.89029055970666,17.858588235294118,SP
9674754b5a0cb32b638cec001178f799,86,100,41,-11.13265306122449,6.0,2.0408163265306123,4.03,26.0,26,51.5386,37.308043978409664,12.5321,SP
b1fc4f64df5a0e8b6913ab38803c57a9,107,121,5,-9.776859504132233,7.0,11.570247933884298,3.7815126050420167,35.294117647058826,42,66.07223140495867,15.629421213830629,17.737603305785125,RJ
94144541854e298c2d976cb893b81343,68,77,23,-15.07792207792208,25.0,3.896103896103896,4.289473684210527,18.42105263157895,14,224.87246753246757,374.8806625523292,18.768311688311687,RS
acb6c2ca5c82411c1fdb88d5fd5eb95e,10,11,5,-15.727272727272728,-3.0,0.0,3.727272727272727,36.36363636363637,4,37.62545454545455,20.202304504009614,14.69181818181818,SP
994f04b3718c2bab35c2adfa8afecd2a,49,57,26,-8.50909090909091,105.0,5.454545454545454,4.280701754385965,21.05263157894737,12,60.45087719298245,24.021174608539333,13.605438596491227,SP
7e1fb0a3ebfb01ffb3a7dae98bf3238d,159,174,25,-10.792899408284024,27.0,12.42603550295858,4.133720930232558,22.093023255813957,38,157.1812068965517,65.9001893410207,17.163218390804598,SP
14d7985702e72162bbf13b6beb74ab2b,37,38,26,-8.736842105263158,36.0,10.526315789473683,4.342105263157895,18.42105263157895,7,102.28947368421052,80.01415681994904,14.578947368421051,SP
542917da124346b47ea1ac79a93ce454,20,21,13,-14.0,3.0,4.761904761904762,4.190476190476191,19.047619047619047,4,63.9,39.39436507928514,18.013809523809524,PR
87d30a6a0cbf89356e49324971ab1d24,17,17,12,-10.764705882352942,7.0,5.882352941176471,4.352941176470588,11.764705882352942,2,125.5370588235294,156.19544594692516,12.692941176470589,SP
66fd84ee7528c0c0de85d0f44a73d5ab,11,21,9,-17.666666666666668,17.0,4.761904761904762,2.9047619047619047,52.38095238095238,11,68.48142857142857,58.09371767116598,21.58047619047619,RS
2c9e548be18521d1c43cde1c582c6de8,126,174,15,-6.923976608187134,53.0,16.374269005847953,3.923976608187135,27.485380116959064,47,35.111724137931034,29.761693061530927,14.33109195402299,SP
8b2492b7ff4468839593fafeed55bad9,29,45,15,-6.422222222222223,40.0,11.11111111111111,3.888888888888889,35.55555555555556,16,81.33511111111112,61.72525660398896,15.026222222222222,RJ
c4f7fee5b0db50e87766f5a4d1b1b758,8,9,5,-15.6,-7.0,0.0,2.6666666666666665,55.55555555555556,5,1329.0922222222223,1151.501026983669,63.53,SP
5b97c06a046398e7005b2b7c0d707a92,4,4,1,-2.6666666666666665,1.0,33.333333333333336,3.25,50.0,2,379.99,0.0,62.4075,MG
d06d019f72a04e5497a0b64190af170c,17,17,5,-12.529411764705882,0.0,0.0,4.529411764705882,5.882352941176471,1,142.11352941176472,80.3744524041359,13.26529411764706,SP
138dbe45fc62f1e244378131a6801526,49,58,22,-10.0,3.0,1.7241379310344829,3.9827586206896552,31.03448275862069,18,19.406206896551723,13.89651613889424,11.883448275862069,SP
01bcc9d254a0143f0ce9791b960b2a47,11,11,3,-18.3,-2.0,0.0,4.4,10.0,1,138.29181818181817,21.218935325874305,25.241818181818186,GO
08d2d642cf72b622b14dde1d2f5eb2f5,17,22,8,-11.666666666666666,1.0,9.523809523809524,4.428571428571429,19.047619047619047,4,42.90909090909091,80.4297380983102,15.141363636363636,SP
b1ac6ea7895bc3dd6f0f6f4abbdd2821,40,41,3,-16.81578947368421,-5.0,0.0,4.2682926829268295,17.073170731707318,7,76.5609756097561,20.09732417573022,20.13,RS
845e8036c3f7bf62099352f5ed910240,21,24,18,-13.458333333333334,-3.0,0.0,3.8333333333333335,25.0,6,66.025,26.407035459118283,19.19333333333333,RJ
ecccfa2bb93b34a3bf033cc5d1dcdc69,15,19,7,-13.625,36.0,25.0,2.333333333333333,66.66666666666667,12,70.45473684210526,23.16654876910553,13.826842105263156,PR
82e0a475a88cc9595229d8029273f045,42,85,39,-8.30952380952381,112.0,5.9523809523809526,3.3176470588235296,40.0,34,135.63082352941177,67.62551186694343,18.49670588235294,SP
d93919c944be9cff128f6c9cb899eacb,33,33,6,-8.06060606060606,47.0,15.151515151515152,4.0,27.272727272727277,9,80.80909090909091,16.46276791043132,29.009393939393934,SP
b8555308bfdb4ca1ed54325a58da9a97,26,28,4,-11.142857142857142,7.0,7.142857142857143,4.071428571428571,28.571428571428573,8,108.82857142857142,20.788046015507497,20.815357142857145,SP
2be17df1c49978426251562096c3cc09,16,16,10,-16.125,1.0,6.25,4.1875,18.75,3,135.3125,22.2841311250854,19.534375,SC
1fdc574883ef3b33ad41562d93f3a74a,18,18,14,-11.5,40.0,5.555555555555555,4.444444444444445,11.11111111111111,2,236.16666666666663,75.0201933599528,15.181666666666668,SP
bbad7e518d7af88a0897397ffdca1979,69,85,14,-7.023809523809524,16.0,22.61904761904762,3.0357142857142856,50.0,42,52.49670588235294,32.15520780557339,15.743529411764706,SP
c847e075301870dd144a116762eaff9a,42,43,5,-10.595238095238097,166.0,7.142857142857143,4.166666666666667,19.047619047619047,8,356.946511627907,452.54712743212207,25.86232558139535,MG
71592660bbcb6a4664e97b6f8b68babc,6,7,6,-11.428571428571429,-3.0,0.0,4.428571428571429,14.285714285714286,1,289.59714285714284,161.9095090592567,24.767142857142854,SP
c840d3fdbba0790404fdae73d253b253,9,14,7,-19.0,-6.0,0.0,3.928571428571429,35.714285714285715,5,323.02,374.99678250927394,25.689285714285717,PR
3fe7120d6257285ac6a3ce7cb071ccec,2,2,1,-16.0,-12.0,0.0,3.5,50.0,1,99.99,0.0,14.14,MG
e21a1e8be4715b0fcfd5385643bc49c4,21,24,14,-11.173913043478262,-4.0,0.0,3.6666666666666665,41.66666666666666,10,29.316666666666663,9.333980308839156,19.67875,SC
099095b050cfe8eb1ddff5317587e96e,17,20,11,-11.31578947368421,21.0,15.789473684210526,2.95,55.0,11,259.6915,240.66751013477844,35.766,SP
fec6275253471ace26d209bbaa64cd0f,9,10,2,-17.9,-1.0,0.0,4.6,10.0,1,284.0,0.0,35.567,RJ
49e7217cfe4e427191c378ec626d8737,13,14,9,-11.0,-3.0,0.0,3.928571428571429,28.571428571428573,4,214.47857142857143,253.27159693338456,26.829285714285717,MG
6c12e40690c335dbc2f68a4134d30dc1,16,18,12,-13.38888888888889,-6.0,0.0,4.0625,25.0,4,507.73333333333335,676.5712692340262,26.947777777777777,PR
de0c78824586e9a5f5f04fd84e25df39,14,16,4,-20.125,-9.0,0.0,4.4375,12.5,2,155.58125,82.42433474607687,13.033125,SP
9803a40e82e45418ab7fb84091af5231,11,18,13,-21.444444444444443,-3.0,0.0,3.111111111111111,44.44444444444444,8,237.70833333333331,568.2463235175187,28.479444444444443,GO
9bcdfa7b615b3abb9461d9e3ad9886ae,14,20,10,-14.6,7.0,5.0,4.6,5.0,1,106.3035,121.49513095182046,19.886,SC
d9bd94811c3338dceb4181f3dbc0c73e,54,61,20,-8.524590163934427,35.0,4.918032786885246,4.819672131147541,3.278688524590164,2,113.29540983606556,54.40794716993007,12.640819672131148,SP
89bc797e2e29667aa035d4368f9b7f92,17,20,12,-20.789473684210527,16.0,15.789473684210526,3.75,25.0,5,20.365,9.815416177465025,12.6075,SP
9906e7aa42a3c067b7c9a564d01c4320,12,16,2,-11.6875,15.0,12.5,4.0625,25.0,4,163.6875,18.601142438033207,31.0375,PR
e64d65bc8dbec2accda90c58de5d1246,12,12,2,-7.333333333333333,7.0,25.0,3.083333333333333,41.66666666666666,5,139.9,23.35496832484569,18.43,SP
ec80e49e69745ab6c14f984bf2149423,12,12,2,-10.416666666666666,12.0,8.333333333333334,4.0,27.272727272727277,3,309.0833333333333,70.20419352060664,15.6925,SP
ca4b77513ac2040591b0d8fae6958380,14,15,12,-3.066666666666667,9.0,13.333333333333334,4.466666666666667,6.666666666666667,1,118.16333333333333,33.80469000991825,13.411333333333332,SP
4da0e408c99d2fdc2126dc9fce518060,44,60,30,-23.73333333333333,-4.0,0.0,4.5,8.333333333333334,5,55.74,27.130633133734424,17.4955,PR
5f1dc28029d2c244352a68107ec2b542,62,78,36,-15.948717948717947,7.0,2.5641025641025643,4.428571428571429,11.688311688311687,9,35.991025641025644,30.82098052451999,12.771282051282052,SP
6ddc28b61be28373b4503a1f61cf98a9,11,11,10,-7.909090909090909,5.0,9.090909090909092,4.181818181818182,27.272727272727277,3,157.53636363636363,76.72844678119417,15.19909090909091,SP
7a425d299613df3e613bcf9d2eaf5c49,18,18,14,-12.11111111111111,4.0,5.555555555555555,4.111111111111111,27.77777777777778,5,67.71111111111111,46.07060934860352,15.926111111111112,RJ
3dc69bf2c42f0568a5c4791ec3fd3745,2,2,1,-1.0,-1.0,0.0,4.0,50.0,1,150.0,0.0,17.215,SP
3289d8c3eef4873f91ce0b1343c0dd58,1,1,1,-20.0,-20.0,0.0,5.0,0.0,0,199.99,0.0,19.28,SP
ed4311e67debd72b8610a5347a743087,25,26,7,-8.846153846153847,4.0,3.8461538461538463,4.48,8.0,2,139.84615384615384,41.57565855901004,27.185,SP
863d2ebcd347ce4922de7a0f9a5581d6,18,19,8,-10.61111111111111,20.0,11.11111111111111,3.947368421052632,21.05263157894737,4,72.75578947368422,20.21746888097559,16.25315789473684,RJ
44ed138eca6214d572ce1d813fb0049b,2,3,2,-7.333333333333333,-4.0,0.0,4.666666666666667,0.0,0,43.263333333333335,5.825464216123324,18.67,RS
41c9d3997dd3c072c31139dc5bb5761f,3,3,1,-10.333333333333334,-4.0,0.0,4.333333333333333,0.0,0,332.93333333333334,57.21541167669192,37.24666666666667,MG
276677b5d08786d5dce7c2149dcce48b,33,47,18,-10.22222222222222,21.0,4.444444444444445,3.808510638297872,29.78723404255319,14,74.93617021276596,78.66898572784994,16.992340425531914,MG
17eea220a40cc0d2c0c5346379682398,4,4,3,-0.6666666666666666,5.0,66.66666666666667,3.75,25.0,1,353.745,155.66046393780707,24.5025,SP
a7b7354cc588f7566a848bcbb1ce3d96,2,2,1,-7.0,-7.0,0.0,4.0,50.0,1,39.9,0.0,12.535,SP
0afccdb8a34ee5c79f7c06faf2b4d56e,25,25,10,-10.375,10.0,8.333333333333334,4.041666666666667,20.83333333333333,5,49.02,19.68146336022807,15.5312,MG
9c068d10aca38e85c50202e17b4a7e88,17,17,13,-13.411764705882351,13.0,17.647058823529413,4.125,18.75,3,156.40588235294118,108.69582254270536,26.466470588235293,MS
26e13b6ff5b641b329e5524241ee2c93,4,4,4,-10.25,-3.0,0.0,4.0,25.0,1,29.925,0.05,17.495,SP
ee2fbacc2fc3794e656cc4d933d59ce7,2,3,2,-11.666666666666666,-8.0,0.0,4.333333333333333,33.333333333333336,1,154.99,8.660254037844387,17.91,SP
94b9108d4b637ba65bb4f1e53cfcf8d8,7,8,3,-3.375,37.0,12.5,4.5,12.5,1,29.37,32.43979478532942,12.39125,SP
19484c79cef6c062cb177aa4ef2fcc3c,1,1,1,3.0,3.0,100.0,1.0,100.0,1,201.9,0.0,10.16,SP
557f22c76691849db52d2abccf0015d0,13,14,4,-15.615384615384617,-4.0,0.0,3.1538461538461537,46.15384615384615,6,61.847142857142856,18.81839175200336,23.335714285714285,GO
916c9de0b5ad957346eeeb12f332687e,23,28,5,-19.074074074074076,-7.0,0.0,4.392857142857143,10.714285714285714,3,195.72321428571428,44.44479197532776,17.62607142857143,PR
fe701d88b67eaca109dffd464d1be9f9,11,11,3,-15.9,1.0,10.0,4.0,27.272727272727277,3,140.8090909090909,60.7378869330413,21.73090909090909,RJ
52b53f7061969fe471d119b6195da864,1,1,1,-8.0,-8.0,0.0,5.0,0.0,0,90.0,0.0,8.37,SP
fbc14c0cf93505ef89f64665ffa4a7b5,18,18,16,-13.88888888888889,5.0,5.555555555555555,4.176470588235294,11.764705882352942,2,679.3233333333334,532.5164454792756,29.50611111111111,SP
9558aa23f77a9e0a0eca83540999f43b,2,2,2,-2.0,-2.0,0.0,3.0,50.0,1,62.85,33.72899346259832,14.94,PR
26bad72add1f86e08a776ce4ffdaf1ca,7,7,5,-13.571428571428571,-4.0,0.0,4.428571428571429,14.285714285714286,1,88.85714285714286,73.07856177071488,17.702857142857145,SP
04fdea0c111866e6cf812f1570d6b5bd,10,10,2,-10.25,8.0,12.5,3.2,60.0,6,105.5,33.20391543176798,20.695,SP
42fb44130ac3134cde8e35cf8ec7df25,3,3,2,-14.0,-13.0,0.0,3.6666666666666665,33.333333333333336,1,20.9,3.4641016151377544,12.146666666666668,SP
b0f2a6122a90a93eb03e68653dd960e3,6,7,4,-17.714285714285715,-10.0,0.0,4.857142857142857,0.0,0,231.47142857142856,238.23787632172537,19.71142857142857,PR
7a2d2949aea47fab95fd98d6c9f618b1,11,12,5,-17.833333333333332,-13.0,0.0,4.25,8.333333333333334,1,136.5825,69.67677872276974,17.60333333333333,PR
8b2d4ab22f42c5cfc338b846decfda60,6,9,3,-13.22222222222222,-1.0,0.0,4.777777777777778,0.0,0,50.888888888888886,28.932872500170305,20.59111111111111,PR
d9d43faf741ceaa8da52fdbb81d9e0e3,6,8,8,-15.5,-7.0,0.0,3.5,37.5,3,26.25,8.154753215150045,26.40625,SP
d32e3909cfb714fb2a6cb092c85b9c5f,10,11,8,-10.636363636363637,8.0,18.181818181818183,3.636363636363636,36.36363636363637,4,257.08181818181816,196.2370088346325,22.818181818181817,SP
7fc87cc3e89b3d1d5cabdca32f8485aa,14,14,9,-9.0,13.0,21.428571428571427,3.571428571428572,35.714285714285715,5,153.85,61.50171667397711,48.70857142857143,SP
081acf3de680d554796c9cf041be7bc2,4,8,4,-18.0,1.0,12.5,4.125,25.0,2,199.6625,241.2320041400572,25.6875,MG
6861de0f40cacb0602e473c51639f980,5,8,2,-20.125,6.0,12.5,2.625,62.5,5,84.25,167.58430714121175,34.46625,PR
5ee7fd217d08dfe5d3e2f51f96a12c9a,9,9,8,-8.333333333333334,7.0,22.22222222222222,3.4444444444444446,44.44444444444444,4,129.5,17.02153048347886,29.96444444444445,SP
f593898ec748b7a8cb81fc04edafd98a,20,23,8,-14.181818181818182,10.0,18.181818181818183,3.4782608695652173,39.130434782608695,9,122.30608695652174,89.70803621340076,31.655652173913044,SP
cc80e2f693fa6e2408f47ccf62413fc1,2,2,1,-17.0,-11.0,0.0,4.0,0.0,0,210.0,0.0,44.315,PR
83f2b4881141ce3fcd4e985125d3279e,3,4,3,-2.75,0.0,0.0,5.0,0.0,0,23.9,12.727922061357855,13.3675,SP
c3f5668699a1b04c0fa61ecea1e2bff6,3,3,3,-5.333333333333333,-1.0,0.0,5.0,0.0,0,135.93666666666667,21.929820640701404,35.70666666666666,PR
5f0057b677eb963672bf05dfa3f16c34,5,5,5,-35.0,-23.0,0.0,4.2,20.0,1,62.576,49.73226146074598,13.402,SP
3febca52652e7209509ccfe61cbde40e,2,2,1,,,,2.0,100.0,2,42.0,0.0,8.45,SP
f435898e493ba0356019a0b1cb8b55b1,10,12,5,-21.666666666666668,-7.0,0.0,4.333333333333333,25.0,3,54.14666666666667,69.58576883416913,19.24333333333333,PR
8fff28c4263ddec387f28d237fb42773,4,6,4,-5.25,-5.0,0.0,3.6666666666666665,33.333333333333336,2,56.56666666666667,95.1139667276403,13.713333333333331,SP
6806dad1da97bfb5a9038eac6881f706,10,15,9,-13.333333333333334,0.0,0.0,3.933333333333333,13.333333333333334,2,105.06666666666666,99.61530767813512,21.634666666666668,PR
acf974e4d5950ad143a247471b831eb9,5,12,3,-15.916666666666666,-14.0,0.0,4.8,0.0,0,35.31666666666667,7.984056081663725,27.485,RS
1746c1ae87ac63d530c7c943d0ac42e2,1,1,1,-4.0,-4.0,0.0,5.0,0.0,0,229.9,0.0,22.45,SP
76623fde66e6b63b59440fd34160512d,3,3,3,-13.333333333333334,-10.0,0.0,4.0,33.333333333333336,1,21.8,13.684662947986698,7.78,SP
d4d99b60c4c94cd35acd502cec65dc8d,1,1,1,-35.0,-35.0,0.0,3.0,100.0,1,72.9,0.0,14.39,SP
0bebbb2cea103a4a020c95d43fd7d754,9,9,9,-10.444444444444445,-1.0,0.0,4.888888888888889,0.0,0,151.9111111111111,58.29087502440765,16.34888888888889,SP
c990d6cf976a5718aaedc539f383ab88,10,11,5,0.3333333333333333,24.0,44.44444444444444,3.1818181818181817,54.54545454545455,6,18.26363636363636,8.936137054373408,12.826363636363636,SP
989becdce12ebc39863c2bceab6f3ca1,18,18,8,-15.533333333333331,1.0,6.666666666666667,4.555555555555555,11.11111111111111,2,435.6044444444444,433.9397378766973,58.46944444444444,PR
e5d4b2b0c3bca22085f7a19a28de0c42,4,4,4,-11.5,0.0,0.0,4.5,0.0,0,51.45,21.75630176906605,15.94,SC
51209b446b2073894bdc0face6c73ffc,2,4,1,-17.0,-14.0,0.0,4.0,0.0,0,89.9,0.0,19.82,ES
ebef8d8c92b4fd3226e5d407bbff21ac,3,3,3,12.666666666666666,65.0,33.333333333333336,2.6666666666666665,66.66666666666667,2,84.56666666666666,69.17610377387074,16.12,SP
270572bb714b00531be85e16e1550f26,1,1,1,-16.0,-16.0,0.0,5.0,0.0,0,96.99,0.0,14.77,SP
4e85b538b0dad58852641540686d0e14,4,4,4,-6.0,10.0,50.0,3.75,50.0,2,90.495,159.62706130227417,18.59,SP
aeb36d67f1414f234d42a29e27cf1f17,4,4,4,-2.75,5.0,25.0,4.5,25.0,1,815.95,168.86721608016953,71.075,SP
1bc2e21de46adfea6b98cc96b00f3b40,3,5,2,-5.2,-1.0,0.0,3.6,20.0,1,207.99,26.83281572999748,20.52,SC
5194c22ed1f616ec0c0f33c571542879,4,4,3,-11.25,-6.0,0.0,4.25,0.0,0,61.4,59.016946718718,20.2125,MG
b080809eaacb49e5ca07290981472431,11,11,6,-10.363636363636363,-1.0,0.0,4.818181818181818,0.0,0,38.54545454545455,7.793890381107966,13.036363636363635,MG
68ca56ce86830f3d31b1b7ec6a54da3e,6,6,5,-16.8,-6.0,0.0,3.8333333333333335,50.0,3,119.93166666666669,81.72817394672823,23.895,PR
bbf9ad41dca6603e614efcdad7aab8c4,14,14,4,-21.714285714285715,-12.0,0.0,4.5,7.142857142857143,1,560.4285714285714,110.5132879484943,55.44714285714286,CE
58c851d1a3c7cd3da329eb59453fed44,2,2,1,-11.5,-5.0,0.0,5.0,0.0,0,134.495,6.371032098490793,12.135,SP
2e7ea2aafec5835e781b21d6d1faf1f1,7,7,4,-5.285714285714286,1.0,14.285714285714286,4.5,0.0,0,75.48571428571428,33.58424375464525,16.888571428571428,SP
07a9bc7f61396b658ddf3ac534efe44c,1,2,1,-5.0,-5.0,0.0,3.5,50.0,1,119.9,0.0,15.59,SP
d8cf3b6a2151949f930d0252b180ec42,6,19,4,-16.157894736842106,-11.0,0.0,3.0,47.36842105263158,9,32.82631578947368,16.865903872911538,21.39368421052632,PR
7402d13c03a7e91366337cd1de471144,4,4,2,-11.0,-7.0,0.0,3.5,25.0,1,132.095,151.94364536454518,32.7975,PR
a414555ce331b8c8aea4a9cb8395194d,7,8,4,-12.0,-7.0,0.0,3.571428571428572,42.85714285714285,3,181.36875,183.080424438278,30.33,SP
83c8aafbefb034674a70de0eac5b8954,2,2,2,-16.0,-11.0,0.0,5.0,0.0,0,67.45,2.192031021678297,25.485,PR
8b11118053756a9a2932f447e11fc1b5,1,1,1,-41.0,-41.0,0.0,3.0,100.0,1,79.99,0.0,11.17,SP
f0ec6a2adb05c62655a26dd347b8dede,1,2,1,,,,1.0,100.0,2,36.0,0.0,7.39,SP
3d39fbf22a665714baf62fae36029e23,8,8,4,-13.375,-7.0,0.0,4.75,0.0,0,313.025,183.438146445685,16.32875,SP
666658b8da8370f30e1f89893b1de5e6,1,2,1,,,,5.0,0.0,0,149.0,0.0,11.67,SP
8dd386be0767c330276ea6a3f96532d3,1,2,1,-9.0,-9.0,0.0,5.0,0.0,0,44.99,0.0,22.25,SC
c8143b3069f6746a77421b5ce30a450c,1,1,1,-7.0,-7.0,0.0,5.0,0.0,0,142.47,0.0,43.41,GO
734def04b237117a09321dd6d8f3f2a2,2,2,2,-16.5,-12.0,0.0,5.0,0.0,0,626.215,650.2200406400898,14.4,SP
3492e68f37fd1df87f4f2f2ea247f445,8,9,5,-8.0,0.0,0.0,3.555555555555556,33.333333333333336,3,87.54,110.36535869556172,18.822222222222223,SP
630008e0f062605a415d694489f6f82e,2,3,2,-7.0,-7.0,0.0,3.0,66.66666666666667,2,35.05,0.2598076211353315,10.116666666666667,SP
5e106d93b717c2682b9383da480364a1,1,1,1,-26.0,-26.0,0.0,5.0,0.0,0,445.9,0.0,21.71,PR
570d4583587a5fe2d47c7be89b91ad27,2,2,2,-10.5,-8.0,0.0,5.0,0.0,0,62.625,35.82910060272236,11.835,SP
b05b432bf68945d4d9783f9e3ca29ee8,2,2,2,-16.5,-10.0,0.0,4.5,0.0,0,112.4,53.033008588991066,13.045,SP
778323240ce2830d68aab11794e00bfb,3,3,2,-7.333333333333333,-1.0,0.0,4.333333333333333,0.0,0,63.32666666666667,23.099784270276928,17.483333333333334,SP
d9cb0052a666de5308b32f32ad5f1b1c,3,3,3,-10.666666666666666,-4.0,0.0,3.6666666666666665,33.333333333333336,1,77.3,19.06541371174515,12.863333333333332,SP
6b2612338467c08c9b25f0cc55b1578d,1,1,1,-22.0,-22.0,0.0,4.0,0.0,0,92.9,0.0,20.97,PR
6a53b90c3ad9e0b56d9fe5c69165fff5,2,4,2,-7.0,-6.0,0.0,3.5,50.0,2,34.945,17.268546551461707,13.75,PR
204b4e07bddef3c9b317f70189135b22,1,1,1,-11.0,-11.0,0.0,5.0,0.0,0,73.4,0.0,14.73,MG
1cbcd2ee0afb3fc09963b87eb65e7e4f,1,3,1,-13.0,-13.0,0.0,5.0,0.0,0,30.0,0.0,13.55,PR
003554e2dce176b5555353e4f3555ac8,1,1,1,-27.0,-27.0,0.0,5.0,0.0,0,120.0,0.0,19.38,GO
22a23e5ac7061fc538cc2a019afaaf16,1,1,1,-16.0,-16.0,0.0,3.0,100.0,1,95.0,0.0,14.42,MG
3d2400ac620cffa23ac81bd192f7f555,1,1,1,-1.0,-1.0,0.0,5.0,0.0,0,105.0,0.0,8.9,SP
5659d77e8d90378e39b960ad5956f64e,2,2,2,-5.0,3.0,50.0,2.5,50.0,1,91.24,10.974297244015215,15.325,SP
9c57bc60cfad5ee62d35d3f1ce4593a1,1,1,1,14.0,14.0,100.0,1.0,100.0,1,180.0,0.0,15.43,PR
3ded4e2d5f135cb103e5949d7263d2dd,1,1,1,-17.0,-17.0,0.0,5.0,0.0,0,49.9,0.0,12.48,MG
c161d1327ebc3a156c09582ab2f59f6c,3,3,2,-11.0,-9.0,0.0,3.0,66.66666666666667,2,17.663333333333334,4.045989784136056,7.78,SP
50c361bcf670d16f6df4d52de3dff924,1,1,1,,,,1.0,100.0,1,35.0,0.0,16.6,SP
de09d00cfc265b8804c7df34075a68fa,3,3,3,-16.666666666666668,-11.0,0.0,3.333333333333333,33.333333333333336,1,261.3333333333333,65.24058041842771,14.656666666666666,SP
94231344608e603693b0a8891143f65d,3,3,3,-15.666666666666666,-3.0,0.0,4.0,33.333333333333336,1,240.66666666666663,43.52393977265079,34.06,SP
2e2f44824ab87a0cb961f68bf4073e7f,1,1,1,-10.0,-10.0,0.0,2.0,100.0,1,48.0,0.0,17.93,PR
d8bf0fc082fd4a77fc2e5679b6c00133,1,1,1,-5.0,-5.0,0.0,5.0,0.0,0,139.9,0.0,9.14,SP
e59e575a175fadcadf8479e191770425,1,1,1,-20.0,-20.0,0.0,5.0,0.0,0,199.9,0.0,50.98,RJ
eb1bf309f4f6af9a97e9ddac3fdbeabe,1,1,1,-10.0,-10.0,0.0,5.0,0.0,0,22.3,0.0,8.88,SP
1b4b28463457a256e9a784ebe2a8f630,1,1,1,7.0,7.0,100.0,1.0,100.0,1,699.42,0.0,15.92,SP
f09b760d23495ac9a7e00d29b769007c,1,1,1,-11.0,-11.0,0.0,4.0,0.0,0,21.9,0.0,17.19,SP
60ad151920c4f6f3ebbe8cfdf6166779,2,2,1,,,,1.0,100.0,2,65.0,0.0,10.335,SP
398cb257329ef7af7f1943a8974a3cbc,1,1,1,-18.0,-18.0,0.0,5.0,0.0,0,145.9,0.0,15.47,BA
4bc3d93e4a5f88a598d3d8ce4ae510b3,1,1,1,,,,1.0,100.0,1,169.0,0.0,19.28,SP
e72b4feb7abe210c52aa667abc25a3a2,1,2,1,-13.0,-13.0,0.0,5.0,0.0,0,19.1,0.0,8.72,SP
011b0eaba87386a2ae96a7d32bb531d1,1,2,1,-30.0,-30.0,0.0,4.0,0.0,0,49.99,0.0,14.59,SP
fe19dce63ae80346207c6c55713d1023,1,1,1,-22.0,-22.0,0.0,5.0,0.0,0,49.9,0.0,21.82,MG
fe2032dab1a61af8794248c8196565c9,294,306,70,-11.065573770491802,121.0,8.524590163934427,4.3841059602649,14.23841059602649,43,215.5542810457516,71.75364169639423,15.42921568627451,SP
8cbac7e12637ed9cffa18c7875207478,67,82,21,-14.061728395061728,18.0,4.938271604938271,4.146341463414634,28.04878048780488,23,36.47536585365854,28.704049707621135,20.285,SC
ff063b022a9a0aab91bad2c9088760b7,94,96,9,-12.03125,7.0,3.125,4.28421052631579,15.789473684210526,15,125.796875,172.4104127110199,20.6746875,SP
058fd0aa2bfdb2274e05e1ae971dabb6,61,65,11,-11.765625,24.0,7.8125,4.384615384615385,16.923076923076923,11,119.22923076923075,20.91661811721815,13.78046153846154,SP
70c27847eca8195c983ed7e798c56743,77,98,20,-11.89795918367347,14.0,7.142857142857143,4.204081632653061,20.40816326530612,20,123.24,42.83554153453299,14.812857142857142,RJ
c54679b132454625907c773d273d4126,7,8,2,-15.25,-6.0,0.0,4.875,0.0,0,129.0,64.14269805898185,13.49125,SP
431af27f296bc6519d890aa5a05fdb11,117,126,20,-7.536,45.0,13.6,3.784,30.4,38,104.36031746031746,33.4887804002835,17.095555555555556,SP
cea729054f157f5870bdd321a958d994,24,26,17,-9.346153846153848,1.0,3.8461538461538463,4.1923076923076925,19.23076923076923,5,95.46538461538462,71.90025280794328,13.443076923076925,SP
1690cada046eb7e92c12f98b1f8a8167,11,11,3,-14.2,2.0,10.0,4.545454545454546,9.090909090909092,1,178.0909090909091,29.817627489304197,22.943636363636365,SP
f7ccf836d21b2fb1de37564105216cc1,70,74,23,-9.013698630136986,36.0,6.849315068493151,3.8194444444444446,29.166666666666668,21,37.667567567567566,4.140349667852271,15.176216216216217,SP
bce6a5ecf98e99fd2a8868b15c51f04b,14,15,3,-8.4,10.0,13.333333333333334,4.133333333333334,20.0,3,230.9933333333333,233.45167889940817,16.106666666666666,SP
f3295428338a40977a03f555246a70f4,7,7,7,-10.285714285714286,1.0,14.285714285714286,3.571428571428572,42.85714285714285,3,92.14,158.4663765598242,17.771428571428572,ES
99a54764c341d5dc80b4a8fac4eba3fb,45,67,31,-10.166666666666666,7.0,16.666666666666668,3.4696969696969697,42.42424242424242,28,55.35462686567164,58.82433245582829,19.66417910447761,SP
9e6229250fedbe05838fef417b74e7fb,74,78,25,-15.532467532467532,4.0,2.5974025974025974,3.897435897435898,29.487179487179485,23,168.36153846153846,37.14055168438642,23.775,SP
1b4c3a6f53068f0b6944d2d005c9fc89,113,118,31,-12.81896551724138,44.0,4.310344827586207,4.111111111111111,23.07692307692308,27,125.50254237288136,57.5850276003885,26.12228813559322,SC
e88c9b79e592e370d6bd852eeefbf057,8,9,7,-17.666666666666668,-12.0,0.0,4.777777777777778,0.0,0,27.98555555555556,20.43409657356493,15.79,PR
3b15288545f8928d3e65a8f949a28291,104,124,46,-11.49586776859504,13.0,8.264462809917354,3.8536585365853657,27.642276422764223,34,115.98193548387096,38.98019008403722,20.27,SP
a3b0df0065e264a91b7bbf5f844af5cd,2,2,2,-6.5,-1.0,0.0,5.0,0.0,0,93.345,48.2741799516056,16.03,SP
f262cbc1c910c83959f849465454ddd3,192,208,80,-9.901960784313726,19.0,7.352941176470588,4.086956521739131,23.18840579710145,48,50.494326923076926,59.10522741481788,12.090384615384616,SP
834f3294fba9f932f56edc879193f925,66,66,3,-9.56060606060606,11.0,6.0606060606060606,4.545454545454546,9.090909090909092,6,604.6590909090909,32.96706504410694,65.15030303030304,SP
5b179e9e8cc7ab6fd113a46ca584da81,34,36,9,-13.583333333333334,6.0,5.555555555555555,3.5142857142857142,42.85714285714285,15,143.70833333333334,41.34568123931274,18.49,SP
acce39e832338debb07b02385cde5967,44,44,30,-10.295454545454543,-3.0,0.0,4.477272727272728,9.090909090909092,4,107.91136363636365,28.978036718362063,26.71727272727273,MG
527801b552d0077ffd170872eb49683b,90,92,26,-11.41304347826087,18.0,9.782608695652174,4.483516483516484,12.087912087912088,11,195.0304347826087,189.40016462571637,22.41913043478261,SP
070d165398b553f3b4b851c216b8a358,32,39,11,-9.078947368421051,15.0,10.526315789473683,3.5,39.47368421052632,15,87.00410256410257,57.7040937942949,25.73307692307692,SP
59fb871bf6f4522a87ba567b42dafecf,126,129,23,-14.634920634920634,14.0,5.555555555555555,4.21875,18.75,24,169.29116279069768,47.1710656253503,15.983410852713178,SP
bc47d5d1490df2b36add65d733eafaba,24,25,7,-11.727272727272728,8.0,9.090909090909092,3.28,44.0,11,40.192,31.405346147856207,16.6044,SP
a6fe7de3d16f6149ffe280349a8535a0,51,52,12,-9.529411764705882,15.0,11.764705882352942,4.0,25.49019607843137,13,55.86153846153846,4.954544511074372,14.281153846153844,SP
7d76b645482be4a332374e8223836592,176,187,89,-9.3224043715847,27.0,8.743169398907105,3.9297297297297296,28.64864864864865,53,20.55577540106952,4.565369858980115,13.837486631016043,SP
439a47cc365d6e3bd526812ea9de3c29,8,13,5,-12.461538461538462,0.0,0.0,4.0,15.384615384615383,2,91.26923076923076,43.67475213849501,17.263846153846153,SP
7ddcbb64b5bc1ef36ca8c151f6ec77df,334,344,19,-10.164179104477611,81.0,8.059701492537313,3.903225806451613,29.325513196480937,100,162.13244186046512,165.3280511311161,23.16154069767442,SP
f12ff17ad8bbf01ec5c33b17e506649b,29,29,14,-10.428571428571429,15.0,10.714285714285714,3.827586206896552,34.48275862068966,10,215.20689655172413,185.77566719613063,22.47344827586207,SP
6a8a889bde935bafa76d7848782dfaf9,26,30,6,-15.1,13.0,6.666666666666667,3.933333333333333,20.0,6,28.694,2.841519263376184,12.26,SP
1f9ab4708f3056ede07124aad39a2554,78,79,5,-13.493506493506494,36.0,5.194805194805195,4.089743589743589,24.35897435897436,19,172.18645569620253,20.506426199657177,30.89594936708861,SP
430315b7bb4b6e4b3c978f9dfa9b0558,20,21,14,-13.75,8.0,5.0,4.0,25.0,5,148.4952380952381,136.63021436047913,27.915714285714287,SP
adbc26658d6c7b4b6219f9d934598091,88,92,9,-8.380434782608695,78.0,13.043478260869565,4.054347826086956,25.0,23,128.3304347826087,10.813511482313112,20.49836956521739,PR
8ae520247981aa06bc94abddf5f46d34,65,65,50,-16.446153846153845,0.0,0.0,4.446153846153846,10.76923076923077,7,251.09215384615385,182.67830356165305,22.236153846153847,SC
d3674f271c91f824f82d24d92011f669,20,20,6,-11.4,6.0,10.0,4.1,25.0,5,85.915,65.00818794582726,19.176,DF
d624126b9206f595fb3fbb6ba03b28a8,23,28,13,-16.178571428571427,12.0,3.571428571428572,4.333333333333333,22.22222222222222,6,257.1,276.89378495760457,20.34642857142857,PR
fde0cc9ea29c8ccfc0a2c22256a58c71,35,35,9,-16.34285714285714,7.0,2.857142857142857,4.485714285714286,11.428571428571429,4,112.05714285714286,31.108862797245017,28.550571428571427,PR
835f0f7810c76831d6c7d24c7a646d4d,44,50,19,-5.666666666666667,11.0,27.08333333333333,3.3,46.0,23,102.6,46.89556351672321,19.2806,SP
cce6ab8d1682639fe45ab70234f1665f,63,66,17,-13.828125,8.0,3.125,4.4393939393939394,13.636363636363637,9,38.22272727272728,2.448723086681047,17.688484848484848,SP
e067ad2c1c0b48758eb1b5228bcf7a68,54,61,36,-10.60655737704918,18.0,6.557377049180328,4.131147540983607,21.311475409836067,13,82.66475409836066,46.595846868097496,16.481311475409836,SP
0432ead42b6c8a0bdf68154add917fdf,85,90,56,-13.459770114942527,11.0,2.2988505747126435,4.477777777777778,11.11111111111111,10,86.57888888888888,34.804644189799255,13.41688888888889,SP
1caf283236cd69af44cbc09a0a1e7d32,33,37,22,-11.405405405405403,60.0,10.81081081081081,4.54054054054054,8.108108108108109,3,24.8,11.609727721948426,16.558108108108108,RJ
3dbbce181edfaa4a597ec858c382d2ec,17,20,13,-10.5,7.0,5.0,4.35,15.0,3,42.415,25.066149852361704,22.0135,PR
c157bdeedcbc9a8e3c8bf0d87ff24428,7,10,4,-14.6,-2.0,0.0,4.5,10.0,1,51.427,36.55438415718573,20.87,SP
3a734b715d333a2588a3d54a0c9b8746,18,24,10,-12.80952380952381,13.0,4.761904761904762,4.208333333333333,20.83333333333333,5,102.64666666666666,62.75601967777355,16.485,SP
76c47a299e4a8fe992316a85865acbe9,6,10,5,-7.1,29.0,20.0,4.8,10.0,1,102.446,68.76792084815257,22.188,SP
42bde9fef835393bb8a8849cb6b7f245,35,40,15,-14.307692307692308,7.0,2.5641025641025643,4.2,20.0,8,192.575,166.6816230468688,19.621,DF
b8114f2f589a6804810f04f99b36b498,8,11,4,-11.272727272727272,-2.0,0.0,4.727272727272728,0.0,0,127.2381818181818,54.764620297813046,26.582727272727272,SP
7bac63f6603d382cc8d0832eb6c100a8,19,19,11,-5.421052631578948,35.0,10.526315789473683,4.0,21.05263157894737,4,407.9973684210526,233.79291410805095,19.08684210526316,SP
71039d19d4303bf9054d69e9a9236699,35,38,26,-7.263157894736842,10.0,23.68421052631579,3.684210526315789,34.21052631578947,13,93.0842105263158,98.30148201108722,16.353947368421053,SP
44073f8b7e41514de3b7815dd0237f4f,144,153,77,-15.81456953642384,14.0,4.635761589403973,3.756578947368421,34.86842105263158,53,122.4159477124183,85.34052331872027,20.73392156862745,DF
08cdbae123ff67ca4e36d9d641ce0119,4,7,3,4.714285714285714,10.0,71.42857142857143,2.4285714285714284,71.42857142857143,5,502.57,150.03830944128902,165.43714285714285,MG
c53bcd3be457a342a97e39e5a9f0be22,5,5,3,-20.6,-16.0,0.0,3.2,40.0,2,101.9,16.431676725154983,37.218,SE
2953ce3a88f5e3c3b696d77fc9e4c8eb,14,15,7,-4.866666666666666,3.0,6.666666666666667,4.666666666666667,6.666666666666667,1,31.33333333333333,7.441837970619381,10.754666666666669,SP
712e6ed8aa4aa1fa65dab41fed5737e4,79,88,24,-9.848837209302326,94.0,19.76744186046512,3.4597701149425286,44.82758620689656,39,453.4886363636364,198.08630386129545,78.52568181818182,SC
a5a1bfcf728ab0e19182959cf0771ee4,21,24,6,-10.791666666666666,56.0,4.166666666666667,4.291666666666667,20.83333333333333,5,75.54,43.10036941231781,14.495416666666667,SP
ad97a199236354e53fcd91a5a913e9a2,17,18,8,-10.411764705882351,5.0,11.764705882352942,4.5,5.555555555555555,1,733.6611111111112,384.4074150580787,48.266666666666666,SC
5795aebfe331fbcd02a2c4b679fb7952,6,6,3,-15.833333333333334,-9.0,0.0,3.8333333333333335,33.333333333333336,2,213.33333333333331,107.19825869232515,26.015,SC
4e7c18b98d84e05cbae3ff0ff03846c2,82,91,31,-13.066666666666666,10.0,3.333333333333333,4.144444444444445,22.22222222222222,20,105.32857142857142,69.04220816237346,32.56362637362638,SP
33a17d60c64393351ebf1ef860f4e0f2,43,47,11,-16.106382978723403,18.0,2.127659574468085,4.617021276595745,10.638297872340424,5,173.45702127659575,54.84893558140013,27.220851063829787,RS
f3b80352b986ab4d1057a4b724be19d0,87,92,4,-13.0,-3.0,0.0,4.130434782608695,20.65217391304348,19,114.1858695652174,133.50454622997194,23.77858695652174,DF
e99e927c81e3f51739c94fcdfca9f10f,22,25,6,-9.916666666666666,13.0,4.166666666666667,3.56,36.0,9,108.1132,59.96099779023027,26.3056,MG
0c7f30ae9b147eca07affbef92832a6a,5,5,4,-16.8,-11.0,0.0,5.0,0.0,0,95.9,43.93176527297759,17.522,PR
26562f211dd1364af2a8596dc945e8ae,2,2,2,-5.0,-4.0,0.0,5.0,0.0,0,49.5,17.67766952966369,8.055,SP
788f22bafdd7ab0e1e79f19db72f16a4,2,2,2,-6.0,-5.0,0.0,4.5,0.0,0,62.9,9.899494936611664,13.12,SP
38102b031c2a15e54623d711bfc753d3,9,11,5,-14.6,-3.0,0.0,3.636363636363636,45.45454545454545,5,41.54545454545455,6.683765949876407,32.03727272727273,CE
6bef34c5be6f2bbd70aa5165f6df94b1,2,2,1,-10.0,-2.0,0.0,2.0,100.0,2,599.0,0.0,66.44,SC
c3fe93ba3085f92855c97e57f38c8c05,7,7,5,-11.166666666666666,-5.0,0.0,5.0,0.0,0,35.0,14.124682887295794,16.28142857142857,PR
bb135baca94c82fcb731335ad5b04a03,18,38,16,-24.31578947368421,-4.0,0.0,2.6578947368421053,60.526315789473685,23,27.626315789473683,29.55029093203402,12.44421052631579,SP
119d1aef1b4144adba89163f6cd9f5d4,4,4,3,-12.0,-6.0,0.0,4.75,0.0,0,273.5,49.66890375275057,51.06,SP
2fa13c8bd5705d279f7ed5cc9ec61c68,2,4,2,-10.0,-7.0,0.0,5.0,0.0,0,21.85,3.3,15.325,SP
eb4df17aed01d918c65f0f8d650900c0,11,11,9,-10.545454545454543,7.0,27.272727272727277,3.909090909090909,27.272727272727277,3,339.98818181818183,62.44713040936018,16.87181818181818,SP
6c1b6d0c604b776f844125f911eb7377,5,5,3,-15.0,-4.0,0.0,3.4,40.0,2,88.612,54.42756856593908,16.288,SP
c72de06d72748d1a0dfb2125be43ba63,21,22,8,-18.681818181818183,-5.0,0.0,4.454545454545454,13.636363636363637,3,796.4545454545455,925.7134045477072,55.053636363636365,BA
039e6ad9dae79614493083e241147386,5,5,4,-12.2,11.0,20.0,4.0,20.0,1,2585.0,968.9040200143666,69.684,SP
6e0908ef4d4efadbc3cc2b74ea477cb0,8,11,5,-13.727272727272728,6.0,9.090909090909092,4.090909090909091,18.181818181818183,2,53.58636363636364,22.225268175087237,14.620909090909093,RJ
da03c298e3999e9d828591fc2179d109,4,5,2,-7.6,-4.0,0.0,4.8,0.0,0,157.54,11.283084684606422,10.956,SP
f92d8c817434bd2d84d4e9c61322b7fa,5,5,3,-9.0,0.0,0.0,4.6,20.0,1,34.968,4.658660751761175,10.154,SP
f9d010e39375d9c91dce3f40b73a2f84,4,5,2,-5.4,3.0,40.0,3.0,60.0,3,242.4,114.54169546501396,27.628,SP
9c3a1c416c765687bc79a04113269929,1,1,1,-11.0,-11.0,0.0,1.0,100.0,1,74.9,0.0,58.9,MG
2f4b0d3b9634b647d4edee577d7ebb7e,10,11,3,-7.909090909090909,-2.0,0.0,4.909090909090909,0.0,0,30.71818181818182,9.30395810199274,7.673636363636364,SP
1e26c56af8d48424e1df0140a2401f83,2,2,2,-16.0,-12.0,0.0,5.0,0.0,0,129.45,98.35855326304876,16.745,SP
83645b1645cdee8953ee54c29ceed564,14,14,11,-14.0,-3.0,0.0,4.428571428571429,21.428571428571427,3,69.92142857142858,28.08920347123342,19.01428571428572,PR
4bfc7a4a1cf8d4d2121c27422d9e50b5,26,40,7,-10.525,8.0,2.5,4.225,27.5,11,203.11,131.72403904200047,26.67975,SP
270297ead4c65a6cd2593960d2af6b21,18,20,12,-13.68421052631579,-6.0,0.0,3.736842105263158,31.57894736842105,6,471.12,423.1544218566576,27.305,SP
32fdd5d44ecb43dfd6a24b9369eca144,8,8,5,-16.75,-9.0,0.0,4.375,25.0,2,59.9,0.0,17.335,MG
0743a0239d764b9a0f959a57d07e36ab,4,4,2,-7.0,-2.0,0.0,4.75,0.0,0,84.24,23.879907872519105,16.565,SP
26785a546900236d66f2e4197c211158,15,15,12,-18.73333333333333,-4.0,0.0,4.666666666666667,6.666666666666667,1,67.94666666666667,34.184830943953294,15.03,SP
bd1d49a326abfa9b1036772e40445430,12,13,10,-12.076923076923077,16.0,7.6923076923076925,3.8461538461538463,38.46153846153846,5,49.05384615384615,25.1467895692676,14.5,SP
723cd880edaacdb998898b67c8f9da30,11,12,8,-10.916666666666666,4.0,8.333333333333334,4.166666666666667,16.666666666666668,2,178.04416666666663,96.2613985182896,34.425,SP
fa74b2f3287d296e9fbd2cc80f2d1cf1,11,11,5,-5.6,20.0,40.0,2.363636363636364,63.63636363636363,7,223.62636363636364,97.71984263932552,15.98090909090909,SP
4d8809767a5bafe22909c77951fb6b41,1,1,1,,,,5.0,0.0,0,50.0,0.0,8.72,SP
b94cc9f10ddc85e4ba73a6f7974e7101,39,39,7,-12.717948717948715,6.0,5.128205128205129,4.297297297297297,18.91891891891892,7,649.9,88.85233166386385,26.21512820512821,RJ
538caafddff204241cecbf3a02e6b3cf,9,9,6,-0.875,10.0,37.5,2.555555555555556,66.66666666666667,6,16.477777777777778,2.080130871951196,10.91,SP
397c4d0c005b6f41f90098ac724e28cb,5,5,4,-5.8,1.0,40.0,4.4,0.0,0,1635.4,274.1975565171944,89.074,SP
a08692680c77d30a0b4280da5df01c5a,6,17,4,-9.176470588235292,-1.0,0.0,5.0,0.0,0,143.11764705882354,63.39448157464218,13.406470588235294,SP
78a4d36f65a019172c6154468831a69f,7,7,1,-11.428571428571429,9.0,14.285714285714286,4.285714285714286,14.285714285714286,1,220.78571428571428,10.212154289771345,31.914285714285715,SP
91f5779a8731baca4809fdeade81803f,6,6,5,-12.833333333333334,-3.0,0.0,3.8333333333333335,33.333333333333336,2,328.57666666666665,394.9779535450893,24.27166666666667,RJ
f08a5b9dd6767129688d001acafc21e5,11,18,7,-8.444444444444445,0.0,0.0,3.4444444444444446,44.44444444444444,8,781.6461111111112,276.5512288919252,27.561666666666667,RS
dcf3755cefcdc158ad0b7bdde51e871b,3,3,3,-14.333333333333334,-4.0,0.0,4.0,50.0,1,89.9,0.0,29.776666666666667,RS
b76a1f8356322f12529c37b67d5c96c2,5,5,5,-11.2,-4.0,0.0,4.8,0.0,0,59.7,34.35403906384226,11.278,SP
c7fdb77fdbff3c41981bc52f787e959e,10,12,8,-6.181818181818182,1.0,9.090909090909092,3.333333333333333,50.0,6,58.02666666666666,27.96256631912592,14.63,SP
e6ffc9ac6a7adc9d16a1cfc2286dd546,1,1,1,,,,1.0,100.0,1,34.99,0.0,8.29,SP
1dfe5347016252a7884b694d4f10f5c4,21,27,15,-7.6923076923076925,11.0,23.07692307692308,3.1923076923076925,46.15384615384615,12,62.72222222222222,8.154108607290388,16.156666666666666,SP
32f83ffe11cd40f7adcf4eef171f52d9,1,1,1,-15.0,-15.0,0.0,5.0,0.0,0,29.99,0.0,15.1,RS
c0f783394e37cd9c9d7f5f81141450fa,6,6,5,-13.166666666666666,-7.0,0.0,3.6,20.0,1,41.56666666666667,8.16496580927726,14.558333333333334,SP
85044848b1b767db2a4a58526adef4b4,4,4,3,-12.0,-10.0,0.0,3.25,25.0,1,60.15,46.62170453054385,16.2275,SP
8fb67a334bacec338885b4e9e1708073,1,1,1,-11.0,-11.0,0.0,5.0,0.0,0,59.9,0.0,38.52,PR
1dc2de47ee26a0a5b12dc14fd6dc0dea,25,27,11,-8.925925925925926,1.0,3.703703703703704,4.518518518518518,11.11111111111111,3,61.86296296296296,10.471505223816758,22.85925925925926,SP
09883d9ab71c8fe8a9bfc7fc3075b07e,5,5,5,-5.25,4.0,25.0,3.4,40.0,2,65.9,8.94427190999916,15.334,SP
5b33b527da3c5b969cc99dc435cad09a,16,17,7,-13.941176470588236,13.0,5.882352941176471,4.117647058823529,17.647058823529413,3,110.16411764705884,166.2161740422252,21.50294117647059,PR
8185694b58b2ba6de20fd41ae608bbea,8,8,8,-10.75,-1.0,0.0,4.5,12.5,1,171.5375,87.86617563902831,28.78375,SP
9140bd1d9de28b197dce077bdd687438,6,8,5,-8.125,-2.0,0.0,4.125,12.5,1,157.35875,206.0125518670785,23.0075,SP
483ca627d131e18f988349b1655c0acd,1,1,1,-5.0,-5.0,0.0,5.0,0.0,0,264.0,0.0,19.73,SP
49cdc90518a4f82676b38b3c1aa43ff6,5,5,5,-11.0,-2.0,0.0,3.8,40.0,2,307.9,159.27962832704,16.522,SP
1967a9e2ad6f51802b093147d861df58,2,2,1,,,,1.0,100.0,2,190.0,0.0,22.88,SP
5236605f4d4b0b3e4df85b850393fca0,5,5,4,-6.0,2.0,20.0,4.8,0.0,0,53.06,30.09747497714717,16.436,SP
0761743cbffb25d7148189e9f1a5f03a,3,7,3,-8.142857142857142,-7.0,0.0,4.285714285714286,0.0,0,34.457142857142856,3.830255493156709,12.314285714285717,SP
6f1a1263039c76e68f40a8e536b1da6a,4,7,1,6.4,72.0,20.0,2.142857142857143,100.0,7,36.62714285714286,2.0792924620786617,14.35,SP
33cbda8716511e27e556dff9d8418bf2,5,6,5,-17.5,-8.0,0.0,4.833333333333333,0.0,0,84.56666666666666,61.77270162998108,18.02833333333333,SC
f35b3c613c4f7b2275f4185d0a3c59ec,9,9,8,-8.11111111111111,5.0,11.11111111111111,4.555555555555555,11.11111111111111,1,449.69444444444446,186.50549134751444,18.56,SP
6f835fd4be26989b1b064399da346143,2,2,1,-21.0,-20.0,0.0,5.0,0.0,0,98.9,1.4142135623730951,15.725,PR
7b3f6ce5c6c22e9b96e7581ebf0df6e1,1,1,1,-15.0,-15.0,0.0,3.0,100.0,1,29.8,0.0,12.69,SP
b8630e1121437d41cb08e3c749c2c2e2,12,12,6,-9.583333333333334,1.0,8.333333333333334,4.333333333333333,16.666666666666668,2,582.3333333333334,659.1714266387536,28.841666666666665,RJ
dadc51ef321949ec9a3ab25cd902e23d,1,1,1,,,,1.0,100.0,1,85.0,0.0,14.34,SP
59bbc819b99a733f02f0d6b49d1c253d,2,2,1,-12.5,-10.0,0.0,5.0,0.0,0,69.9,0.0,11.475,SP
3a3c180dd702a725bd0ba4117689239e,1,1,1,-7.0,-7.0,0.0,4.0,0.0,0,41.9,0.0,35.48,PR
876182d1918783bbe15233febfbd4926,3,3,3,-12.333333333333334,-10.0,0.0,4.0,33.333333333333336,1,40.09,16.345467261598856,11.576666666666666,SP
3fadb4cba4c35bce6a7eaf9872d5623a,3,5,1,-22.0,-16.0,0.0,3.2,40.0,2,41.9,0.0,13.604,RS
7238f877570096ae403c51898fa64566,3,3,1,-16.0,-11.0,0.0,5.0,0.0,0,400.0,0.0,16.506666666666668,SP
05aebce0b5c8f0d41b29b686f2d05fd3,2,2,2,-2.5,0.0,0.0,5.0,0.0,0,37.495,3.542604973744603,22.945,SP
269c5fc9fcadee614364c3620c30a1f9,3,6,2,-2.6666666666666665,0.0,0.0,5.0,0.0,0,34.93333333333333,7.797606470364266,7.52,SP
52a52b9f656520e99716f5bc40f661c8,7,8,6,-12.0,-4.0,0.0,4.125,25.0,2,97.8875,31.91022843182776,18.515,SP
75745ef7bc7d4f3ea3380f6f5303f514,3,3,3,-21.33333333333333,-19.0,0.0,5.0,0.0,0,76.13333333333334,81.33734279734821,16.30666666666667,DF
b00af24704019bd2e1b335e70ad11f7c,1,1,1,-20.0,-20.0,0.0,5.0,0.0,0,189.0,0.0,18.25,BA
038b75b729c8a9a04b0d07cba7eabe86,2,2,1,-1.5,5.0,50.0,3.5,50.0,1,233.5,0.0,45.425,SP
7a073a40a9d3f1fee8bc45670ea1e909,1,1,1,,,,1.0,100.0,1,95.0,0.0,17.78,PR
4c60877808f4318ef1107fbeb8f89afa,2,2,2,-9.0,-5.0,0.0,4.0,50.0,1,59.0,15.556349186104043,16.315,SP
954e95f20808d7e5d11f0de292d078e0,3,4,2,-14.5,-10.0,0.0,4.75,0.0,0,39.695,5.312504117645463,29.795,MG
3ea00e1dea2b0659dbaf654735929220,7,7,2,-20.285714285714285,-7.0,0.0,4.857142857142857,0.0,0,72.14285714285714,7.559289460184544,20.71,PR
0b46f784306be7200ca1700aa55d819f,1,1,1,-15.0,-15.0,0.0,5.0,0.0,0,19.9,0.0,10.96,MG
e46bc031f2c5bae4ccb40bb90712e9b4,1,1,1,,,,1.0,100.0,1,277.3,0.0,50.09,SP
902c99f1ac505c0d18778b61bcd636f7,4,4,4,-3.333333333333333,-2.0,0.0,4.0,25.0,1,39.49,14.719601443879744,25.04,SP
9e94fa26a70ede4d26226e918e8706a2,1,1,1,-8.0,-8.0,0.0,5.0,0.0,0,62.8,0.0,9.94,SP
c0e0b73d039eb9a99b6ce4cb7a429cd3,1,1,1,-13.0,-13.0,0.0,5.0,0.0,0,29.88,0.0,7.68,SC
01266d4c46afa519678d16a8b683d325,3,3,3,-9.333333333333334,-8.0,0.0,5.0,0.0,0,30.08333333333333,24.245973548887108,15.743333333333334,PR
0d4c8269e7f0401201794deef160edd6,3,4,4,-6.25,-5.0,0.0,4.0,25.0,1,198.16,22.762063468265204,24.8475,SP
94165aea8a35c3c21499cbcae239b16c,1,1,1,-13.0,-13.0,0.0,2.0,100.0,1,180.0,0.0,16.11,MG
4e42581f08e8cfc7c090f930bac4552a,3,4,3,12.0,12.0,100.0,1.0,100.0,4,84.0,41.23105625617661,29.45,SP
8eb88b0acb3f90a717ad659221471fa7,2,2,2,-18.0,-14.0,0.0,4.5,0.0,0,59.9,0.0,20.435,SC
1d0997ff06b524ce9289ffd75114ecd3,3,3,3,-19.33333333333333,5.0,33.333333333333336,3.6666666666666665,33.333333333333336,1,1249.0,726.2919523166975,42.19,PE
1c83418358f249c9d6affa52d579db0e,1,1,1,-23.0,-23.0,0.0,5.0,0.0,0,24.9,0.0,14.52,SP
9d69ba0a7a626a64dc5db08e529559cf,1,1,1,-3.0,-3.0,0.0,5.0,0.0,0,19.3,0.0,18.24,SP
751e274377499a8503fd6243ad9c56f6,1,2,1,-6.0,-6.0,0.0,5.0,0.0,0,109.0,0.0,8.92,SP
48e954b2da4f6a750c844173b347ed40,2,6,2,-28.666666666666668,-27.0,0.0,4.166666666666667,0.0,0,66.3,25.817621888934696,26.501666666666665,RS
d93b8458c6fe139d85cfa5eadbf55bd2,1,1,1,-19.0,-19.0,0.0,5.0,0.0,0,19.9,0.0,14.1,SP
0015a82c2db000af6aaaf3ae2ecb0532,3,3,1,-16.333333333333332,-13.0,0.0,3.6666666666666665,33.333333333333336,1,895.0,0.0,21.02,SP
ede2977fbaf3738583170735ca403f6c,1,1,1,-15.0,-15.0,0.0,5.0,0.0,0,289.9,0.0,37.35,PR
d4828feed4cda2cd9d6b37899a95a71e,1,1,1,-23.0,-23.0,0.0,2.0,100.0,1,39.9,0.0,22.21,CE
fcba71d4d5db057f43249145e4eb1e27,3,3,3,-7.666666666666667,-3.0,0.0,4.666666666666667,0.0,0,164.85,13.14372473844458,17.906666666666666,SP
dda37071807e404c5bb2a1590c66326f,1,1,1,-4.0,-4.0,0.0,5.0,0.0,0,199.99,0.0,19.28,SP
1fe61aa5494bd3ae92a2c13e067c810f,1,2,1,-17.0,-17.0,0.0,4.0,0.0,0,268.88,0.0,50.41,SC
c12d7463a579237ffb9248bd7cff378b,1,1,1,-42.0,-42.0,0.0,4.0,0.0,0,25.9,0.0,8.72,SP
6c6cc59a5c00cacc5054ca06d65cc282,1,1,1,-17.0,-17.0,0.0,5.0,0.0,0,1107.0,0.0,148.71,RS
77dcbb67ccb3659bd58eaf5661560a30,2,2,2,,,,1.0,100.0,2,492.0,661.8519471906085,49.28,RS
0dfbed20065e425d2eaefb101f9816c0,3,3,2,-2.0,19.0,33.333333333333336,2.6666666666666665,66.66666666666667,2,28.116666666666667,5.086455871560603,16.416666666666668,SP
466222e777149751370e7e98fb623b0c,1,1,1,-9.0,-9.0,0.0,5.0,0.0,0,87.9,0.0,17.55,RJ
87d73636a3acf123e842bb890a4db036,1,1,1,-3.0,-3.0,0.0,5.0,0.0,0,269.9,0.0,43.71,SP
52f6f9f13ba19504c02781132a049e75,1,2,1,-14.0,-14.0,0.0,2.0,100.0,2,199.0,0.0,23.13,PR
62de60d81c55c29d76a6bce418b31cef,1,1,1,-2.0,-2.0,0.0,4.0,0.0,0,103.0,0.0,23.87,SP
bac44fa8e13424950488659b5f765c41,1,1,1,-46.0,-46.0,0.0,5.0,0.0,0,19.9,0.0,14.52,SP
40536e7ca18e1bce252828e5876466cc,2,4,1,,,,1.0,100.0,4,115.99,0.0,124.76,SP
3d68c634a99a1ba46dbca3967a69c623,2,2,1,-7.5,-2.0,0.0,5.0,0.0,0,297.0,0.0,131.85,SC
b7ba853e9551f4558440881fd3e5c815,2,2,2,-26.0,-26.0,0.0,1.0,100.0,2,188.4,72.8319984622144,18.995,RS
6d04126aba80df143fd038e711b8fd96,1,1,1,16.0,16.0,100.0,1.0,100.0,1,89.99,0.0,18.87,RJ
70ee69419916dc13e3aed619061f996c,1,1,1,-4.0,-4.0,0.0,3.0,100.0,1,45.0,0.0,8.72,SP
d8b8f2cf9ff6ba0389072541cb42498c,1,1,1,-17.0,-17.0,0.0,5.0,0.0,0,149.0,0.0,20.01,GO
a150c540f572d0fb53992264bc5c10b5,1,1,1,-20.0,-20.0,0.0,4.0,0.0,0,119.9,0.0,15.59,SP
dd5450b022b2d00a2145a66331e1aef6,1,1,1,-32.0,-32.0,0.0,5.0,0.0,0,59.0,0.0,22.34,SC
e0487761face83d64fcada2408959a36,2,2,2,-3.5,-1.0,0.0,4.5,0.0,0,24.625,1.2374368670764582,7.435,SP
685b870da5b52a710782c9c0fefbeb5b,2,2,2,16.0,19.0,100.0,2.0,100.0,2,313.5,391.0300499961608,21.99,SP
fa18c782a4866d313cadab567097f8f1,1,1,1,,,,1.0,100.0,1,58.99,0.0,19.65,MG
dd264199fc8b687ad029de7de6d760e6,1,1,1,-11.0,-11.0,0.0,5.0,0.0,0,87.9,0.0,20.7,PR
c52c644cc0dc85121207a27013efc6af,1,2,1,-5.0,-5.0,0.0,5.0,0.0,0,198.9,0.0,141.58,MG
43753b27d77860f1654aa72e251a7878,1,1,1,-1.0,-1.0,0.0,5.0,0.0,0,23.9,0.0,42.38,BA
ee27a8f15b1dded4d213a468ba4eb391,1,1,1,-23.0,-23.0,0.0,5.0,0.0,0,6499.0,0.0,227.66,GO
d1aa1ec0839dcab73a6161130eb1f94a,1,1,1,2.0,2.0,100.0,4.0,0.0,0,119.9,0.0,16.14,PR
dbc51f5e45d654ecc16cb68e6817ecea,1,1,1,-7.0,-7.0,0.0,4.0,0.0,0,199.99,0.0,18.14,SP
ffc470761de7d0232558ba5e786e57b7,28,31,15,-11.666666666666666,8.0,6.666666666666667,4.3,23.33333333333333,7,53.19387096774194,44.95444906995075,14.132903225806452,SP
fa40cc5b934574b62717c68f3d678b6d,307,341,16,-11.378698224852071,48.0,5.029585798816568,4.430678466076696,15.339233038348082,52,47.21633431085044,16.345566885774236,13.32184750733138,SP
855668e0971d4dfd7bef1b6a4133b41b,312,329,73,-9.035143769968052,40.0,12.46006389776358,3.725308641975309,33.95061728395062,110,98.04911854103344,121.58661113815997,23.90653495440729,SP
cfb1a033743668a192316f3c6d1d2671,147,189,61,-11.559782608695652,17.0,8.695652173913043,3.9308510638297873,27.659574468085108,52,70.13830687830688,57.16269228851351,18.80936507936508,SP
23c38debaffe4a25a30fdbd9b586a13f,41,46,12,-10.391304347826088,10.0,10.869565217391305,4.304347826086956,19.565217391304348,9,117.00391304347826,65.35139099015281,18.13869565217391,SP
8e6d7754bc7e0f22c96d255ebda59eba,85,133,29,-6.295454545454546,57.0,9.848484848484848,3.0150375939849625,52.63157894736842,70,110.80045112781954,53.35168813699965,13.18390977443609,SP
620c87c171fb2a6dd6e8bb4dec959fc6,740,804,129,-13.843710292249048,77.0,8.386277001270647,4.215189873417722,20.0,158,143.3879353233831,100.75075028828373,17.69363184079602,RJ
001cca7ae9ae17fb1caed9dfb1094831,200,239,11,-13.213675213675211,52.0,5.128205128205129,3.902542372881356,27.54237288135593,65,104.9373640167364,16.15348559302016,37.046610878661085,ES
c003204e1ab016dfa150abc119207b24,197,202,11,-11.57,60.0,5.0,4.422885572139304,11.442786069651742,23,124.29747524752476,31.838994428699024,23.47920792079208,SP
17e34d8224d27a541263c4c64b11a56b,255,268,112,-10.853846153846154,46.0,7.3076923076923075,4.139097744360902,19.548872180451127,52,210.31059701492535,281.2390821764686,19.552089552238805,SP
0c8380b62e38e8a1e6adbeba7eb9688c,182,222,93,-12.518181818181818,111.0,4.545454545454546,4.040909090909091,25.90909090909091,57,79.09274774774775,41.74788297793914,18.7245945945946,MG
0c7533c71df861ec58ad7ff999ed0e8d,61,74,29,-9.783783783783784,29.0,4.054054054054054,4.04054054054054,21.62162162162162,16,41.12432432432433,22.9053311423932,12.004594594594597,SP
b4f8921fcc4ff77b66bea6dda43dcd51,18,20,16,-17.75,1.0,5.0,4.6,10.0,2,569.7525,434.3554622641279,73.418,RS
abcd2cb37d46c2c8fb1bf071c859fc5b,45,52,32,-16.666666666666668,9.0,3.92156862745098,4.25,25.0,13,93.8503846153846,63.2108083634976,25.392307692307693,MT
4c8b8048e33af2bf94f2eb547746a916,23,27,23,-4.043478260869565,33.0,13.043478260869565,3.111111111111111,51.851851851851855,14,74.84185185185186,47.47038915406895,16.225185185185186,SP
1ca7077d890b907f89be8c954a02686a,115,137,21,-6.858267716535433,14.0,14.960629921259844,2.198529411764706,74.26470588235294,101,97.38372262773724,51.553003278854256,12.115766423357664,SP
7d456afc660226829370f3173d14520c,56,93,22,-12.527472527472527,24.0,4.395604395604396,4.290322580645161,12.903225806451612,12,93.29301075268818,70.44456909336506,16.67311827956989,SP
cac876b37d3abcd6bd76caca30277996,27,33,14,-14.818181818181818,0.0,0.0,4.5625,9.375,3,67.56878787878787,74.33732536374205,22.09151515151515,PR
06579cb253ecd5a3a12a9e6eb6bf8f47,62,72,11,-9.114285714285714,26.0,10.0,3.763888888888889,29.166666666666668,21,65.65555555555555,23.24328701445445,20.82513888888889,SP
ce248b21cb2adc36282ede306b7660e5,65,67,37,-10.787878787878787,22.0,7.575757575757576,4.208955223880597,17.91044776119403,12,228.5068656716418,326.80516001086045,31.12432835820896,SC
98dac6635aee4995d501a3972e047414,91,195,62,-11.710526315789474,3.0,2.631578947368421,3.8756476683937824,27.979274611398964,54,21.72230769230769,19.753203532636032,12.510358974358974,SP
51e4e89242cbb846c2deff3dc015650e,16,16,10,-16.0,-4.0,0.0,4.625,12.5,2,51.41125,24.08553393636936,22.073125,RS
3078096983cf766a32a06257648502d1,59,64,39,-12.42622950819672,10.0,3.278688524590164,4.203125,20.3125,13,129.4596875,103.16471380517648,22.116875,SP
718539d38d07dd351c76db862760e2e2,37,45,14,-14.116279069767442,-6.0,0.0,4.333333333333333,17.77777777777778,8,29.308888888888887,15.87485178488036,14.645555555555555,SP
318f287a62ab7ac10b703ac37435a231,52,62,7,-9.475409836065571,10.0,11.475409836065571,3.870967741935484,29.032258064516128,18,40.604516129032255,22.274999930262137,18.018064516129037,SP
0b35c634521043bf4b47e21547b99ab5,51,78,39,-14.844155844155845,70.0,11.688311688311687,3.493506493506493,48.05194805194805,37,173.50833333333333,173.28764360005266,18.911410256410257,PR
e48b04bf1aa1ef711caebeb7aede6180,25,25,5,-15.64,-1.0,0.0,4.48,8.0,2,127.484,42.09346425911431,25.8252,PR
eeb6de78f79159600292e314a77cbd18,83,84,46,-16.85542168674699,96.0,3.614457831325301,4.428571428571429,13.095238095238097,11,520.712380952381,554.8139193418525,36.37428571428571,SC
0ea22c1cfbdc755f86b9b54b39c16043,237,277,152,-16.82051282051282,16.0,0.7326007326007326,4.333333333333333,17.582417582417584,48,39.515884476534296,18.12888540147048,16.12743682310469,MG
00ee68308b45bc5e2660cd833c3f81cc,135,173,23,-10.867052023121389,51.0,6.358381502890174,4.3313953488372094,15.69767441860465,27,117.60115606936417,69.33460660503049,18.45352601156069,SP
0f0c984a4a955310903b6b6008660bad,4,4,4,-10.0,0.0,0.0,3.75,25.0,1,92.4525,32.85874350914837,27.8925,SP
dd2bdf855a9172734fbc3744021ae9b9,108,114,43,-22.963963963963963,26.0,5.405405405405405,3.796296296296296,35.18518518518518,38,97.16315789473684,69.65910071242195,18.081754385964917,MG
4f0d637c1197fd65405ebd755ac9f86b,2,2,2,-17.0,-11.0,0.0,5.0,0.0,0,99.9,14.142135623730953,16.335,SP
31561f325664a8a7aba4c8d0c3a9b3db,36,38,25,-9.657894736842104,0.0,0.0,4.578947368421052,10.526315789473683,4,71.11026315789474,78.99984247287894,16.504473684210527,SP
e5a38146df062edaf55c38afa99e42dc,121,127,27,-10.61111111111111,43.0,7.142857142857143,3.952380952380953,25.396825396825395,32,122.13425196850392,84.16329018705609,15.177795275590553,SP
13c2ed7698b3ca92dad49e849219da59,8,9,7,-9.88888888888889,-4.0,0.0,4.444444444444445,11.11111111111111,1,55.40111111111111,25.90658480215235,17.186666666666667,PR
99002261c568a84cce14d43fcffb43ea,36,36,19,-12.25,10.0,5.555555555555555,3.7222222222222223,38.888888888888886,14,113.55555555555556,23.921830370060903,30.564722222222223,MT
3a490ba60afa30ece0e7d50cfe74a4f0,8,8,3,-13.0,-2.0,0.0,4.625,12.5,1,191.15,3.5355339059327378,20.73375,MG
4b5f66b7adcf57f1ecc0d3c07dd6b177,23,38,10,-14.36842105263158,20.0,2.631578947368421,4.081081081081081,18.91891891891892,7,167.9415789473684,40.22466014680585,19.320526315789472,PR
2dd1fb6f0e42a2243b8a01e40cd41216,4,5,4,-14.75,-12.0,0.0,2.6,60.0,3,169.178,45.31785431813823,19.368,PR
ec2e006556300a79a5a91e4876ab3a56,4,8,2,1.0,12.0,50.0,1.375,100.0,8,15.65,7.7781745930520225,8.255,SP
e0878efa0e0b7e5313ac0b43bc04c081,27,30,4,-10.827586206896552,31.0,17.24137931034483,3.466666666666667,36.66666666666666,11,177.50666666666666,104.51592498137612,18.407666666666668,PR
53d00c40e32aeb924a84ce72b1af869d,17,17,9,-7.470588235294118,21.0,11.764705882352942,4.352941176470588,17.647058823529413,3,127.4029411764706,77.81647734933023,17.424705882352942,SP
f76a3b1349b6df1ee875d1f3fa4340f0,24,24,6,-5.541666666666667,22.0,29.166666666666668,3.458333333333333,50.0,12,173.36625,58.35325733708296,24.507916666666667,SP
5b925e1d006e9476d738aa200751b73b,63,66,8,-11.045454545454543,35.0,6.0606060606060606,4.606060606060606,6.0606060606060606,4,125.99242424242424,60.73577658274864,16.74772727272727,SP
8daab2245ebdc277c51098d01c5ad8ef,16,16,4,-17.375,0.0,0.0,4.625,6.25,1,100.286875,60.20256104394563,17.753125,SP
1fe5540d7c1c37a595fefbacd5570d9e,20,25,2,-14.4,5.0,4.0,4.28,16.0,4,181.504,11.132889711720551,23.246,RJ
1d4587203296c8f4ad134dc286fa6db0,42,43,30,-11.268292682926829,24.0,2.4390243902439024,4.3023255813953485,13.953488372093023,6,54.03023255813954,63.11301856074855,16.377674418604652,SP
b6dc74ed30f124f95227bed4e43a3bed,11,14,6,-11.818181818181818,7.0,9.090909090909092,3.928571428571429,21.428571428571427,3,39.42285714285714,14.852712483983124,17.222142857142856,PR
8d899e15a5925f097cca50faa49b15e3,4,10,3,-3.8,5.0,60.0,2.5,60.0,6,64.5,12.922847983320086,15.098,SP
41c2bad7229b0c25e6becf179ebf63ff,20,23,4,-16.043478260869566,-8.0,0.0,4.956521739130435,0.0,0,34.0,0.0,8.257391304347825,RN
e1dc0754bada9ee4cfe9713f22f61292,12,12,4,-13.083333333333334,-5.0,0.0,3.8333333333333335,25.0,3,73.75,19.43813028793945,22.065,RJ
c9a06ece156bb057372c68718ec8909b,14,14,3,-32.90909090909091,-11.0,0.0,3.0,57.142857142857146,8,334.9214285714286,114.7478585593476,38.62285714285714,DF
750303a20e9c56b2a6bc45cdce0b897d,54,57,38,-12.464285714285714,35.0,3.571428571428572,4.280701754385965,15.789473684210526,9,141.8421052631579,167.42573721266098,22.979122807017543,GO
3ab971ce71839580d2ae5b4e40fe8044,36,38,9,-12.135135135135137,4.0,5.405405405405405,3.888888888888889,25.0,9,131.65526315789472,37.867440891333096,23.582894736842107,SP
c004e5ea15737026cecaee0447e00b75,2,2,1,15.0,15.0,100.0,1.0,100.0,2,2350.0,0.0,87.16,SP
0a85ebe4e328db81ac9109781205e2f7,12,12,8,-8.416666666666666,1.0,8.333333333333334,4.583333333333333,8.333333333333334,1,55.65833333333333,11.567231014090336,11.479166666666666,SP
2ff97219cb8622eaf3cd89b7d9c09824,89,96,45,-9.393617021276595,24.0,3.191489361702128,4.541666666666667,8.333333333333334,8,46.634375,32.758554778625545,14.470104166666667,SP
bf00385a5f7fc1ef39a13c2e9ee50a5f,29,29,18,-10.821428571428571,-1.0,0.0,4.310344827586207,13.79310344827586,4,30.01034482758621,15.618975291694444,11.818275862068964,SP
8b655f0855926bcb49f5835d38dfddf6,5,5,3,-5.6,0.0,0.0,4.8,0.0,0,217.9,35.63705936241092,14.662,SP
77fccaae319668a8ab6cd0fd16aec48c,11,12,5,-11.416666666666666,-3.0,0.0,4.333333333333333,25.0,3,138.91666666666666,46.76723471004291,18.453333333333333,RJ
bd15ee794d5e640d9dd71b665b2ab15b,12,12,4,-14.25,14.0,16.666666666666668,4.0,16.666666666666668,2,31.23333333333333,3.60134654951408,18.2775,SP
96804ea39d96eb908e7c3afdb671bb9e,38,40,5,-13.205128205128204,7.0,2.5641025641025643,3.9,25.0,10,90.2675,33.972989931293874,18.8765,MG
2e1a7d075abe038c1b2743005fe42ff1,19,23,13,-6.045454545454546,4.0,27.272727272727277,3.695652173913044,30.43478260869565,7,60.72608695652174,22.937964112546226,15.384782608695652,SP
048c2757535328e0d7dac690ad3c0aae,51,51,20,-10.0,21.0,12.0,4.18,20.0,10,181.6623529411765,43.335397521575146,25.22117647058824,SP
8bb48dc19fccaa8613b6229bf7f452a2,82,96,47,-13.416666666666666,5.0,2.083333333333333,4.34375,12.5,12,43.9075,34.83359141010751,19.471354166666668,SP
6dc9bec584588412a6a338830946a3e4,2,2,1,-44.0,-44.0,0.0,1.5,100.0,2,280.0,0.0,53.915,SP
579891617139df7d8671d373f0669622,8,8,7,-10.75,9.0,25.0,4.5,12.5,1,35.0375,5.2625190871727145,16.025,RJ
02f5837340d7eb4f653d676c7256523a,30,30,3,-17.333333333333332,8.0,3.333333333333333,4.833333333333333,3.333333333333333,1,129.435,7.54909391685633,19.361,PR
a00824eb9093d40e589b940ec45c4eb0,3,3,1,-15.0,-11.0,0.0,4.666666666666667,0.0,0,3133.3233333333333,230.9401076758503,126.49666666666668,SP
33c51922b6e3c16b24a8f28e5833c99d,18,20,11,-13.85,1.0,5.0,4.277777777777778,16.666666666666668,3,332.8935,220.838510926328,18.4005,PR
ca7c6bd577e559472af1c699de9e764e,6,8,1,-8.625,-3.0,0.0,4.0,25.0,2,18.5,0.0,8.8525,SP
aae5e7b457a3c72ee230a47d98fceda5,5,7,2,-19.285714285714285,-9.0,0.0,4.142857142857143,14.285714285714286,1,86.4,38.596847885114485,20.11,PR
30a81d8cf85fb2ada1b1b094c9583a95,17,20,7,-7.6,-1.0,0.0,4.85,0.0,0,62.271,31.052656450480672,8.405,SP
adbe70ab2c97442046d393988c8d1d27,5,5,2,-8.8,-2.0,0.0,5.0,0.0,0,57.9,4.47213595499958,13.03,SP
79565f7d5603b24ddf07ade262547f2f,8,8,5,-11.0,1.0,28.571428571428573,4.0,25.0,2,48.125,25.503151065813697,13.63375,SP
bca9230d3bbb4efa51872bf605a2f1ad,5,5,3,-5.0,4.0,20.0,4.0,20.0,1,23.514,3.211382879695288,10.126,SP
8378eb36b6b70c5734e83ad7b8cdc3b7,7,13,3,-11.076923076923077,14.0,23.07692307692308,3.769230769230769,30.76923076923077,4,131.90769230769232,53.29956944070095,18.60538461538461,SC
edc518ba25576a0188a0e8f2c3af186f,6,8,5,-8.25,-5.0,0.0,3.5,37.5,3,205.92375,245.95480234834667,32.77,SP
d4910f1cdcfdabd48d6b316e395d4a23,11,12,2,-10.333333333333334,0.0,0.0,4.916666666666667,0.0,0,95.57333333333334,1.0161364737737413,17.92,SP
834f8533b2ecb6598dd004ff3de7203a,43,50,26,-8.4375,23.0,16.666666666666668,3.76,32.0,16,94.601,25.03081890186494,20.0972,SP
89a51f50b8095ea78d5768f34c13a76f,10,11,10,-12.636363636363637,-7.0,0.0,4.727272727272728,0.0,0,61.56,55.68232322739416,16.1,DF
a67780aba9dd436e7ac0aa1f889e73ec,6,6,5,-4.333333333333333,1.0,16.666666666666668,3.6666666666666665,33.333333333333336,2,143.83333333333334,52.00167946005847,29.67333333333333,SP
b81e3a6c866a764974fe849821abeebd,8,11,8,-6.727272727272728,-1.0,0.0,4.545454545454546,18.181818181818183,2,76.01363636363637,71.88062496566474,19.71454545454545,SP
e3e15e2c0b9700561efac21c6be48066,3,4,3,,,,2.5,50.0,2,24.31,0.5174295443181934,10.625,SP
3f8034bfc6b8b4135534975d49f04c63,12,16,8,-17.785714285714285,-6.0,0.0,3.0625,43.75,7,82.11875,59.96787160638603,17.538125,PR
70125af26c2d6d4ef401a1d02ae7701f,5,8,3,-3.375,0.0,0.0,4.625,0.0,0,46.4,28.94329431343788,32.3025,GO
0ef83d7d83ed97cd2a0049ac8be5f88a,48,56,14,-13.910714285714286,11.0,1.7857142857142858,4.254545454545455,18.181818181818183,10,83.91089285714285,62.47198174241534,19.00732142857143,PR
ec4608a1f76453166bb312b2968aeaf4,18,35,5,-7.275862068965517,45.0,13.79310344827586,2.685714285714285,65.71428571428571,23,33.76428571428571,5.201916663576024,26.846,SP
7c1fea10b5b006671d608b1d7c446ec4,14,14,13,-10.714285714285714,3.0,7.142857142857143,4.0,14.285714285714286,2,30.257142857142856,11.344989696284047,16.010714285714286,SP
eb5b6204dde3a6e03b5f1bb8479f055b,19,21,8,-13.142857142857142,6.0,4.761904761904762,3.857142857142857,28.571428571428573,6,21.53333333333333,8.09712994420451,13.101428571428572,SP
ffeee66ac5d5a62fe688b9d26f83f534,14,14,3,-8.357142857142858,17.0,14.285714285714286,4.214285714285714,14.285714285714286,2,131.41857142857145,14.600918230947435,29.977857142857143,SP
f5f46307a4d15880ca14fab4ad9dfc9b,9,10,6,-11.4,7.0,10.0,4.0,30.0,3,142.294,110.22817558743016,23.138,SC
33ab10be054370c254ddfcf0a6253422,4,4,2,-9.0,-5.0,0.0,5.0,0.0,0,53.3,5.789070161375947,13.0825,RJ
fac35d150712afb921ec59ac5f39bb11,5,6,2,-16.5,-7.0,0.0,4.166666666666667,33.333333333333336,2,116.0,3.0983866769659336,17.44,MG
59417c56835dd8e2e72f91f809cd4092,18,18,9,-21.22222222222222,-8.0,0.0,4.277777777777778,11.11111111111111,2,2025.5,1321.590096192061,66.59833333333333,SP
c447f8dd3ed213f291d65ef074a268eb,7,8,4,-16.5,-10.0,0.0,3.875,25.0,2,81.875,47.72970773009196,15.27875,SP
c84592044b180dec206770c38603814b,15,15,5,-13.285714285714286,-3.0,0.0,4.2,20.0,3,34.129333333333335,33.68678173719662,14.950666666666669,SP
4ef4c39cf3c24f326434cf0b2e48046a,8,9,2,-5.125,2.0,12.5,3.555555555555556,33.333333333333336,3,99.0,0.0,14.018888888888888,SP
aae3bfea055532c57fb453ed3ec80b30,48,50,5,-14.12,-1.0,0.0,3.5510204081632653,38.775510204081634,19,61.1584,34.87449962248014,15.985,SP
4d0041cdbe51b4617d95c70b19decc74,8,8,6,-10.5,-5.0,0.0,4.5,12.5,1,654.4,609.2072131643129,28.78625,MG
e3dd723429d1b23614b7fa85e2c7a853,7,8,4,-7.25,3.0,12.5,3.375,37.5,3,58.88125,43.5269993181572,15.82125,SP
167fd940acebc789debd6eb418c46e38,5,5,3,-8.8,2.0,20.0,3.0,60.0,3,215.516,123.37008259703808,20.18,SP
0bb738e4d789e63e2267697c42d35a2d,30,31,4,-14.10344827586207,9.0,3.4482758620689653,4.580645161290323,3.225806451612903,1,77.04193548387097,78.06258503787649,20.72064516129032,SP
8bd0e3abda539b9479c4b44a691be1ec,7,14,7,-13.692307692307692,22.0,30.76923076923077,1.9285714285714288,78.57142857142857,11,46.06785714285714,39.047120681511,19.050714285714285,RS
6d7f8d9d594e28796b6b3205b00f459c,3,3,2,-5.0,-3.0,0.0,3.6666666666666665,33.333333333333336,1,139.3,68.76241706048442,19.703333333333333,PR
b452cb0ae35044c4a53179c39f49fb06,2,2,2,-9.0,-6.0,0.0,4.0,0.0,0,31.85,11.242997820866105,19.145,SP
e1bed63d68ac36fe1f3061befe196af5,1,1,1,-26.0,-26.0,0.0,5.0,0.0,0,199.0,0.0,18.0,SP
2ee0a0689f2f6a72f35a7cb6033f6e7e,4,4,2,-11.75,-9.0,0.0,4.0,25.0,1,68.0,0.2309401076758503,13.21,SP
a1544b9ea0b2390e020537d4daa89049,8,9,4,-21.11111111111111,-1.0,0.0,4.0,22.22222222222222,2,99.0111111111111,61.41751469337644,13.884444444444444,SP
bff9deb0ec77d437f3305a79cf25529e,5,5,1,-13.2,-6.0,0.0,4.0,20.0,1,32.39,1.3416407864998738,16.158,SP
e1a210d482714ce337763a19aef94ba4,1,1,1,,,,1.0,100.0,1,49.9,0.0,26.61,PR
a0415d9b25ede3c4b1e477e9916ffc03,10,10,8,-17.555555555555557,-6.0,0.0,3.9,30.0,3,404.41,332.2921420477268,20.388,RJ
8cf21434553b02cbd37c0bbd07e041b0,2,2,2,-15.0,-15.0,0.0,2.5,50.0,1,47.49,3.5355339059327378,33.575,SC
6b9b80d53ba3676eafe60268a810b5a1,10,10,3,-15.11111111111111,-3.0,0.0,3.9,20.0,2,88.27,21.992678074506728,17.296,SP
2305ab43e846518f58dd9d59f3f54e96,3,3,3,-11.333333333333334,-5.0,0.0,3.6666666666666665,33.333333333333336,1,262.9633333333333,107.469684252506,14.123333333333331,SP
713e3a23ca5e47786eb6f0d99f94cfac,4,4,4,-20.0,-6.0,0.0,4.75,0.0,0,281.5,168.79474715365603,21.7575,PR
e628d4a53c109f09ca88098338b3a3f5,1,1,1,,,,1.0,100.0,1,285.0,0.0,58.9,MG
8f0fbe2cd4d472157dc1cdef6edecaa9,2,2,2,-11.5,-7.0,0.0,3.0,50.0,1,35.94,15.641201999846432,11.44,SP
ed9eef5be0992d413d251fadba1a410d,3,9,5,-19.22222222222222,-10.0,0.0,4.555555555555555,0.0,0,44.9,0.0,15.915555555555557,SP
bc8c8d665ec4664d286be0d521722b19,1,1,1,4.0,4.0,100.0,2.0,100.0,1,22.5,0.0,8.32,SP
ac9b01377919cdbd2a1bbb8d5837c70b,1,1,1,-30.0,-30.0,0.0,3.0,100.0,1,55.9,0.0,23.54,SP
53b0300ca793f9834cd69c0678d35ee8,5,10,5,-14.5,-10.0,0.0,5.0,0.0,0,166.215,76.542998264592,13.731,SP
40ec8ab6cdafbcc4f544da38c67da39a,2,2,1,-13.5,-10.0,0.0,5.0,0.0,0,58.9,0.0,19.6,PR
a23266650e7c84bb93fbbba502137478,11,16,8,-18.625,-1.0,0.0,3.25,43.75,7,94.525,60.13193826910954,17.44,RS
528ce32f560edd11add4169f6a5b65be,2,2,2,-11.5,-10.0,0.0,5.0,0.0,0,29.9,0.0,7.65,SP
dd4d95ba2d15c071e6c695e2ef6ce169,4,4,2,-4.0,9.0,50.0,4.25,0.0,0,437.0,0.0,53.6025,ES
6e2d3e2dc84fb30f6078f39dd3bddd6f,1,1,1,,,,1.0,100.0,1,219.0,0.0,16.28,PR
51f108f62cb87d61918159902c8f8583,3,3,2,-17.666666666666668,-6.0,0.0,4.333333333333333,33.333333333333336,1,101.24333333333334,54.84827557301445,25.01,PR
4736e9d642ef4257cd7622516931eb51,16,21,12,-14.904761904761903,-2.0,0.0,4.190476190476191,23.80952380952381,5,52.80285714285714,38.13195853124478,18.42904761904762,SP
bb7a14e229b1c95156719c3d9552eeee,11,11,6,-10.6,24.0,10.0,4.181818181818182,18.181818181818183,2,290.0090909090909,154.98444731356403,29.94090909090909,RJ
aa17b35ce4de7b565be3249ba838944f,2,2,1,-9.5,-9.0,0.0,4.5,0.0,0,39.9,0.0,17.1,SP
edb58a1390adf273840030a3d6253829,1,1,1,-12.0,-12.0,0.0,5.0,0.0,0,39.9,0.0,18.38,SP
5dc203c7b84a0e71e878a179de05fb9a,5,5,3,-12.2,-5.0,0.0,4.0,20.0,1,84.38,60.307312989387945,25.63,SP
80f2cf9abf6b5a0e5c612b5eea6646e6,7,7,7,-8.833333333333334,3.0,16.666666666666668,4.428571428571429,14.285714285714286,1,109.44,33.4589375204892,41.24285714285714,SP
091065b789659bc3cd9af9cb3a6253ff,2,2,1,-11.0,-9.0,0.0,3.5,50.0,1,679.5,14.849242404917495,42.685,RS
6576fd3e23c88f0e5d4d23f39bba0542,1,1,1,,,,1.0,100.0,1,14.5,0.0,10.96,SP
31eec405c9bb71dec8e2629a92e764fa,5,5,5,-14.4,-8.0,0.0,4.6,0.0,0,51.378,22.806444703197386,34.048,ES
4b98b0428fc1932cc2514ef9ce2505e6,2,3,2,-9.666666666666666,11.0,33.333333333333336,2.333333333333333,66.66666666666667,2,155.17,29.94715846286589,18.006666666666668,SP
731ef20c231d9a7103a425e83fd91271,2,3,1,-15.333333333333334,-15.0,0.0,3.6666666666666665,33.333333333333336,1,564.0,0.0,168.53333333333333,SC
bcd2d7510d58e293f20fad6438c1b314,1,1,1,4.0,4.0,100.0,,,0,23.9,0.0,15.56,PR
556a6409838156ea299c9d1f9e2dde43,4,4,4,-13.25,-8.0,0.0,3.25,50.0,2,340.7,372.9329072813679,21.71,PR
20fd2d2080ed85fa67fad3fcbb2c1813,1,1,1,,,,1.0,100.0,1,85.9,0.0,19.57,PR
c7bb64409aa480bb7d0335faaaf3d242,4,4,2,-17.75,-14.0,0.0,2.25,75.0,3,24.4,12.12435565298214,16.89,SC
bb2afe2061d53c6968aa0cffa233a8ec,5,6,4,-10.666666666666666,-6.0,0.0,4.833333333333333,0.0,0,91.56666666666666,44.383179997231686,15.77,SP
a9415cf907dfa12f9ed18693244f5329,1,2,1,-15.0,-15.0,0.0,5.0,0.0,0,105.0,0.0,87.71,MG
8ccf3cf69651cc1d8a02c8bfaf3b8568,2,2,1,-3.5,2.0,50.0,3.5,50.0,1,125.0,0.0,19.315,SP
1acde099eb406aa220b1169b188b42da,9,10,9,-8.1,-3.0,0.0,4.3,20.0,2,31.11,44.93596555099267,14.74,SP
d3891911c2feae53c52fea2bd14054e5,2,2,2,-15.5,-14.0,0.0,5.0,0.0,0,70.5,2.1213203435596424,12.995,SP
63272377184e969942f7fff221be858d,2,2,2,-8.5,-7.0,0.0,5.0,0.0,0,74.85,7.000357133746821,33.265,SP
5aaa890629f83706d8d9bfecd8377c1c,1,1,1,,,,1.0,100.0,1,48.9,0.0,17.92,RJ
1b0b0f4f95e962d6f32fe90c759d0479,2,2,2,-9.5,-7.0,0.0,5.0,0.0,0,69.9,0.0,11.685,SP
f682e0f848abafc6f41e0d4e868c66ef,2,2,2,-2.0,5.0,50.0,3.5,50.0,1,134.99,49.49747468305833,17.01,SP
4dc646b9b9e8e411ef48ba000ea3ac6f,4,5,4,-7.8,1.0,20.0,2.4,60.0,3,57.94,3.619806624669335,12.712,SP
c74f14c1e26cf1bd5bd34b6a1e274426,1,1,1,-26.0,-26.0,0.0,5.0,0.0,0,39.0,0.0,16.79,SC
2f9b7ce230a057a98a9f5df5893ee36c,2,2,2,-6.5,-5.0,0.0,4.5,0.0,0,70.91,75.70285199383177,15.015,SP
ac1ed5fc15901fbc92920361eb4ab350,1,1,1,,,,1.0,100.0,1,110.25,0.0,13.79,SP
3d62f86afa7c73be2628a3be1423f5a0,2,2,1,-21.0,-19.0,0.0,4.0,0.0,0,6.0,0.0,21.21,SP
651530bf5c607240ccdd89a30c9c9712,1,1,1,-15.0,-15.0,0.0,4.0,0.0,0,199.9,0.0,24.55,BA
2a167ca73899c85001a837d8fb4962f6,2,3,2,-13.666666666666666,-12.0,0.0,4.333333333333333,0.0,0,1365.6666666666667,461.8802153517006,33.54,SP
43a5d4a57af536fddc96d08be3afdfcb,1,1,1,-18.0,-18.0,0.0,1.0,100.0,1,75.0,0.0,24.83,MG
964ff64dc05b13811c6d0f41e0aa5f6b,1,1,1,-14.0,-14.0,0.0,5.0,0.0,0,180.0,0.0,24.06,SP
a70e9066dbfd10b6b97a3f54a1356762,2,4,2,-8.5,-7.0,0.0,5.0,0.0,0,429.0,0.0,77.85,PR
8def3db7f272735afb2ecd03aeca09a7,2,2,1,-9.5,-7.0,0.0,5.0,0.0,0,98.0,0.0,16.82,RJ
698624c6632eeba1774924dbea24c700,1,1,1,-11.0,-11.0,0.0,5.0,0.0,0,19.9,0.0,15.23,SP
247587846358bb1d2e4c6522020b36fe,1,1,1,-13.0,-13.0,0.0,5.0,0.0,0,99.0,0.0,22.51,SP
bbe87dce25ba8b38bb61cc7210a3f10b,2,2,2,-17.0,-14.0,0.0,5.0,0.0,0,143.5,106.77312395916869,34.195,SP
7494d0dcba8551df6cf37f1b905dc2f7,1,1,1,-15.0,-15.0,0.0,3.0,100.0,1,45.9,0.0,17.07,SP
be67f78487e2cecb0d55bc769709e4f5,1,1,1,-17.0,-17.0,0.0,5.0,0.0,0,102.0,0.0,23.64,MG
328acb143b4a73aad6bee8e734f5d20d,2,2,2,-17.0,-12.0,0.0,4.0,0.0,0,349.99,70.71067811865476,17.385,PR
00ab3eff1b5192e5f1a63bcecfee11c8,1,1,1,-10.0,-10.0,0.0,5.0,0.0,0,98.0,0.0,12.08,SP
585175ec331ea177fa47199e39a6170a,1,1,1,-15.0,-15.0,0.0,5.0,0.0,0,3549.0,0.0,53.47,MG
c360e4787614ed31ac7a2f95d3b22dc6,1,1,1,-17.0,-17.0,0.0,2.0,100.0,1,188.9,0.0,30.05,SP
fedaedd3ca31d56ab33e92035e4b361c,1,1,1,-44.0,-44.0,0.0,4.0,0.0,0,39.9,0.0,10.96,RJ
344223b2a90784f64136a8a5da012e7f,1,1,1,0.0,0.0,0.0,2.0,100.0,1,10.9,0.0,16.79,SC
d4f91e8be86b38da2ee35bc489645a9d,1,1,1,-36.0,-36.0,0.0,5.0,0.0,0,49.99,0.0,11.17,SP
447d377bdb757058acb569025ee18a93,1,1,1,-14.0,-14.0,0.0,5.0,0.0,0,64.99,0.0,18.02,RS
f8f35af4634605e6693c17cc3ffff5a8,1,1,1,-14.0,-14.0,0.0,5.0,0.0,0,90.0,0.0,16.39,MG
43a1d4bab73b816e44ef4e4facd9f9b5,1,1,1,-21.0,-21.0,0.0,4.0,0.0,0,189.9,0.0,15.5,PR
8ec76bb0965af3f007692b26fa9d6623,1,1,1,-13.0,-13.0,0.0,5.0,0.0,0,1999.0,0.0,29.75,SC
35281d148dcf7134bae913c57db4e6da,1,1,1,-22.0,-22.0,0.0,5.0,0.0,0,119.99,0.0,17.03,SP
497709c2976a8fa308730a2dec5b0726,1,2,1,-2.0,-2.0,0.0,5.0,0.0,0,38.0,0.0,9.02,SP
5b51032eddd242adc84c38acab88f23d,12,14,9,-15.5,-8.0,0.0,3.7857142857142856,21.428571428571427,3,234.28571428571428,83.53021431372424,19.210714285714285,MG
16090f2ca825584b5a147ab24aa30c86,402,410,37,-9.657635467980295,47.0,7.881773399014778,4.044226044226044,23.587223587223587,96,62.7230243902439,114.05535356953771,13.308951219512196,SP
d3dcf0604eabf0224fbd5948b5e02f69,9,9,8,-5.0,22.0,33.333333333333336,3.888888888888889,33.333333333333336,3,322.47777777777776,239.6974174755424,18.34555555555556,SP
43f8c9950d11ecd03a0304a49e010da6,41,41,21,-12.292682926829269,13.0,4.878048780487805,4.560975609756097,14.634146341463415,6,103.64853658536586,40.66608522841703,13.600731707317074,SP
7210cd29727d674c00741e5e387b3ccd,9,13,7,-5.384615384615385,1.0,30.76923076923077,3.692307692307693,30.76923076923077,4,56.08384615384615,36.55418570160868,11.160769230769231,SP
8c16d1f32a54d92897cc437244442e1b,108,118,25,-14.88135593220339,9.0,1.694915254237288,4.327586206896552,18.103448275862068,21,47.81864406779661,27.248851364962825,17.898898305084746,SC
e9bc59e7b60fc3063eb2290deda4cced,216,269,42,-14.007692307692308,38.0,9.615384615384617,3.9442379182156135,26.765799256505577,72,127.66936802973976,61.53984206322183,17.429368029739777,PR
e38db885400cd35c71dfd162f2c1dbcf,30,32,17,-12.5625,4.0,9.375,4.5,12.5,4,64.5875,1.7677669529663689,20.9609375,DF
5cf13accae3222c70a9cac40818ae839,149,156,34,-14.496774193548386,16.0,1.935483870967742,4.438709677419355,12.903225806451612,20,92.2,8.492531823560837,19.35429487179487,MG
56e361f411e38dcef17cdc2a3d99628b,5,10,4,-11.9,3.0,10.0,4.5,10.0,1,129.8,58.352949082858416,185.776,SP
94e93ce877be27a515118dbfd2c2be41,30,35,18,-11.5,-4.0,0.0,3.941176470588236,29.41176470588235,10,162.1305714285714,120.18091553357128,24.804285714285715,SP
0509040ea3fe50071181bbc359eb7738,89,98,34,-10.760416666666666,6.0,4.166666666666667,4.5,12.5,12,38.14234693877551,26.816791508422995,14.746428571428572,MG
3bb548e3cb7f70f28e3f11ee9dce0e59,46,53,22,-17.867924528301888,-4.0,0.0,3.981132075471698,24.52830188679245,13,145.09471698113208,102.04002349387174,16.92056603773585,PR
d921b68bf747894be13a97ae52b0f386,77,77,46,-16.09090909090909,6.0,1.2987012987012987,4.558441558441558,11.688311688311687,9,203.1922077922078,64.40569149056088,22.831298701298703,MG
610f72e407cdd7caaa2f8167b0163fd8,16,17,16,-9.941176470588236,14.0,11.764705882352942,3.7058823529411766,29.41176470588235,5,799.1270588235294,510.1033800952105,49.66411764705882,SP
2156f2671501a81034d7d07f217609d0,22,22,12,-6.476190476190476,11.0,14.285714285714286,3.863636363636364,27.272727272727277,6,135.52272727272728,125.09722669004748,20.563181818181818,SP
522620dcb18a6b31cd7bdf73665113a9,174,180,39,-14.01685393258427,15.0,8.426966292134832,3.897727272727273,27.84090909090909,49,317.6027222222222,277.33323864202896,25.89622222222222,PR
0ec28cec4046a4a199b6de9b4c891d97,3,4,2,-6.5,-4.0,0.0,5.0,0.0,0,74.15,48.5,14.01,GO
08061dc0fc165ed41288cc7acde738ee,4,4,3,-1.0,8.0,25.0,4.5,25.0,1,30.95,33.542063144654655,14.605,SP
8d79c8a04e42d722a75097ce5cbcf2ef,27,28,3,-11.814814814814817,104.0,7.407407407407407,4.464285714285714,10.714285714285714,3,99.20428571428572,64.29616251601423,27.05142857142857,CE
4a3ccda38b2129705f3fb522db62ca31,66,79,45,-11.175675675675675,33.0,6.756756756756757,3.734177215189873,35.44303797468354,28,223.09481012658227,375.9677327189088,18.381772151898733,SP
562fc2f2c2863ab7e79a9e4388a58a14,260,270,36,-13.21132075471698,21.0,3.018867924528302,4.235074626865671,18.65671641791045,50,32.645185185185184,18.770766219409374,15.944962962962965,SP
cd06602b43d8800bd0afad514919d35c,44,53,20,-11.634615384615383,28.0,3.8461538461538463,3.679245283018868,35.84905660377358,19,48.83150943396227,67.7642517907098,14.099245283018869,SP
da7039f29f90ce5b4846ffc0fcc93beb,17,18,7,-11.77777777777778,1.0,5.555555555555555,4.555555555555555,11.11111111111111,2,69.95,28.407833426715246,13.580555555555556,SP
a4b6b9b992b46e9ef863637af96e04bc,7,14,6,-11.125,4.0,12.5,2.571428571428572,50.0,7,510.5,643.9379747961875,21.81142857142857,SC
4830e40640734fc1c52cd21127c341d4,210,221,54,-11.210280373831775,16.0,4.672897196261682,4.104545454545455,21.363636363636363,47,44.811990950226246,22.375553494828186,14.280045248868776,SP
d2374cbcbb3ca4ab1086534108cc3ab7,524,657,111,-15.48452012383901,28.0,4.643962848297214,3.636363636363636,37.90446841294299,246,33.97958904109589,20.381930116850377,15.06593607305936,SP
9c7fd21e0aa159b20da593371f08ff7c,7,8,5,-10.875,7.0,12.5,3.375,37.5,3,99.7875,58.51606464406652,15.4375,SP
6481e96574816ead57975da2c0f6d80d,32,43,20,-11.232558139534884,1.0,2.3255813953488373,4.1395348837209305,23.25581395348837,10,77.3232558139535,82.68601493201714,23.626976744186045,SP
4e17c65a516f69d023a2ae78b84f28d6,61,74,47,-20.7972972972973,20.0,9.45945945945946,4.081081081081081,25.67567567567568,19,103.23324324324324,122.73852175899732,15.615405405405406,SP
b4ffb71f0cb1b1c3d63fad021ecf93e1,144,172,97,-14.88888888888889,12.0,2.3391812865497075,4.023255813953488,24.41860465116279,42,39.41994186046512,37.53956964950829,15.17936046511628,SP
2aa3443d7bf9d9bb11133f420d75e083,10,10,7,-8.9,2.0,20.0,3.0,50.0,5,64.7,26.058907626120224,13.412,RJ
95ec4458365c4d11f452ccf538377619,27,31,15,-12.67741935483871,2.0,3.225806451612903,4.266666666666667,13.333333333333334,4,60.21806451612903,49.63993012480677,14.086129032258064,SP
062ce95fa2ad4dfaedfc79260130565f,55,60,14,-13.47457627118644,19.0,3.389830508474576,3.966666666666667,28.33333333333333,17,125.35,96.02108260733549,20.00733333333333,RS
c8b3445d737de6befde0c88ede534a5e,30,36,7,-10.555555555555555,6.0,2.7777777777777777,3.9722222222222223,27.77777777777778,10,87.47333333333333,44.8483444510497,18.104166666666668,SP
259f7b5e6e482c230e5bfaa670b6bb8f,138,166,24,-13.779141104294478,15.0,1.2269938650306749,4.206060606060606,19.393939393939394,32,51.57849397590361,20.62483188890077,16.571927710843372,SP
4917cee8d902e13428c3ec4b1ca6f315,33,33,7,-9.935483870967742,13.0,3.225806451612903,4.15625,18.75,6,164.3,23.58683425133606,36.35272727272727,SC
2cb98e27ce1c18abdb42209b34c382a7,1,1,1,-16.0,-16.0,0.0,4.0,0.0,0,62.49,0.0,57.21,SP
5f67c6082caacb26e431a7b17940cece,13,14,3,-1.8571428571428568,28.0,21.428571428571427,3.571428571428572,35.714285714285715,5,118.75714285714284,119.39289834753228,14.887857142857143,PR
d566c37fa119d5e66c4e9052e83ee4ea,65,73,25,-10.493150684931509,0.0,0.0,4.71830985915493,2.816901408450704,2,70.48904109589041,75.2966052828631,13.413972602739726,SP
cfe94489ddd337d1e29e12f2a7205d10,20,24,1,-6.875,5.0,8.333333333333334,4.125,16.666666666666668,4,99.0,0.0,12.3675,SP
79ed755314cfe6df0daef2c6cd3022cd,23,25,12,-13.32,-7.0,0.0,4.695652173913044,8.695652173913043,2,156.3,33.6501609703926,18.3664,SP
b372ee768ed69e46ca8cdbd267aa7a38,63,70,24,-19.3,-1.0,0.0,4.4,15.714285714285714,11,180.92857142857144,104.89225962083374,17.081285714285713,SP
002100f778ceb8431b7a1020ff7ab48f,51,56,24,-8.218181818181819,17.0,16.363636363636363,3.982142857142857,30.357142857142858,17,22.4,18.790713373656388,14.400892857142855,SP
656591be56071d4c9ef4e5fee78a578a,7,11,3,-5.545454545454546,3.0,27.272727272727277,4.636363636363637,0.0,0,154.72727272727272,136.13162080067283,29.01818181818182,SP
f3da5b2ff499efb8d4a6d371d175d7dd,79,85,30,-8.204819277108435,33.0,10.843373493975903,3.8333333333333335,30.952380952380956,26,44.24929411764706,28.347017134932894,13.40870588235294,SP
1987cd4be10fe09ee50454f9c354d1c6,14,16,7,-14.1875,18.0,6.25,4.25,25.0,4,179.85625,113.04880933325512,16.095625,MG
e8f6dc8e6a1dcde89d20e3995c8d90b3,36,48,29,-20.38636363636364,12.0,6.818181818181818,3.3541666666666665,45.833333333333336,22,47.00708333333333,25.31484418267092,42.74333333333333,SP
cf2384dd2f1dddea3f838efed0945e65,16,16,5,-8.6875,-1.0,0.0,3.9375,31.25,5,131.34375,11.12792096485233,27.09,SP
3be634553519fb6536a03e1358e9fdc7,83,100,39,-10.760416666666666,9.0,6.25,3.92,29.0,29,54.3085,34.3887747534047,18.6743,SP
134285d1f41da5c13a756ee8142c8a4e,3,4,2,-10.5,-6.0,0.0,2.75,50.0,2,393.175,211.45,20.2325,SP
02f623a8eb246f3c5f7c2f96462654e6,44,44,23,-10.704545454545457,19.0,6.818181818181818,4.558139534883721,9.30232558139535,4,144.95454545454547,59.44548197883133,18.855227272727276,SP
ca77545ca4d2dfd1431bf61334e2fa3c,6,10,2,-12.9,-7.0,0.0,4.8,0.0,0,76.0,8.887569346502389,21.371,PR
f789d2c4f2c2eb38fc4373e7a4b35264,44,49,28,-14.877551020408164,3.0,4.081632653061225,4.183673469387755,22.448979591836736,11,99.27020408163266,52.85026748157619,17.73469387755102,MG
6d988d6174a2c27441597174f8905515,19,23,6,-9.434782608695652,17.0,8.695652173913043,4.260869565217392,17.391304347826086,4,16.16217391304348,4.546960979621183,15.89,PR
c33847515fa6305ce6feb1e818569f13,114,128,39,-15.4375,17.0,3.90625,3.71875,33.59375,43,121.248828125,34.37091270752319,34.175078125,SC
6288c69c4ce638e59925e59193f98b16,22,22,7,-12.05,8.0,5.0,3.954545454545455,22.727272727272727,5,204.8309090909091,173.102734866269,13.918181818181818,SP
c013e57c075a06e5b5c48ee03c525719,42,45,13,-11.555555555555555,6.0,6.666666666666667,4.155555555555556,28.88888888888889,13,43.81222222222223,10.69258215452718,19.04688888888889,SP
05ff92fedb5be47920fea08e501238b9,59,64,16,-17.322580645161292,16.0,3.225806451612903,4.171875,29.6875,19,353.2934375,182.0119755018644,29.5478125,RS
034b9387752bfa309f350a70cd45ffa3,8,8,2,-15.375,-7.0,0.0,4.5,0.0,0,12.0,0.0,18.0325,SC
6989574bd97d9773f10d232b6c07da59,7,7,4,-12.428571428571429,-5.0,0.0,4.857142857142857,0.0,0,354.0571428571429,43.4124351287684,45.871428571428574,PR
26e2c91ef821e1ff8985f408788fe35b,12,14,10,-0.6428571428571429,56.0,35.714285714285715,3.0,64.28571428571429,9,117.81428571428572,61.247013831669406,19.605,SP
c26ba52cf8d2f34915f2f6b7ffa0a3f3,4,4,2,-14.0,-12.0,0.0,4.0,25.0,1,31.49,15.01110699893027,11.6725,RJ
da2782c804606d2a5d8e1760dbb3e7ec,1,1,1,13.0,13.0,100.0,1.0,100.0,1,89.0,0.0,14.37,SP
0aea4c6ae1505b3228ddf3dd7822ee5b,8,8,8,-6.5,21.0,25.0,3.875,37.5,3,178.48875,56.95109441755393,18.96875,SP
39c763cca83e654764b7a4a650fb9b7c,11,11,4,-6.818181818181818,13.0,18.181818181818183,3.8181818181818175,27.272727272727277,3,69.18181818181819,20.40008912636502,20.291818181818183,GO
028872bfa080090a9d0abd4f1af168f8,1,3,1,-15.0,-15.0,0.0,5.0,0.0,0,23.5,0.0,15.79,MG
e1c76f339ebd5460999f25a2aa8c92c5,1,1,1,-15.0,-15.0,0.0,5.0,0.0,0,899.9,0.0,28.8,SP
9a1aea68d3efa00862ec88c0768037d0,7,8,3,-11.5,-7.0,0.0,4.375,0.0,0,163.65,10.606601717798211,24.06375,SP
3338e7a0710a195872be80e0d2423867,1,1,1,,,,1.0,100.0,1,45.0,0.0,20.43,SP
6824a69c9ea0313eba299dd4a2dba09a,6,7,6,-14.142857142857142,-7.0,0.0,4.714285714285714,14.285714285714286,1,95.27142857142856,44.34379754771101,16.74,MG
a36b125ac6d5fdbc7f50de85c9157bdc,24,26,10,-10.6,6.0,8.0,4.038461538461538,23.07692307692308,6,70.90923076923077,69.039131044536,14.961153846153849,SP
52956b80ae65fda598f06f6b9943e7a9,3,3,1,-7.333333333333333,13.0,33.333333333333336,4.0,33.333333333333336,1,264.0,0.0,22.28333333333333,PR
f9bbdd976532d50b7816d285a22bd01e,2,2,2,-18.0,-18.0,0.0,5.0,0.0,0,134.0,63.63961030678928,15.185,SP
bc2ac6b95e1accce9858528ee566c17e,18,22,14,-9.772727272727272,-7.0,0.0,4.636363636363637,9.090909090909092,2,92.95454545454544,29.809677675494637,10.661818181818182,SP
d1c7fa84e48cfa21a0e595167c1c500e,12,12,6,-19.08333333333333,-11.0,0.0,4.333333333333333,16.666666666666668,2,96.33583333333333,55.64977619138747,26.779166666666665,RS
c89cf7c468a48af70aada384e722f9e2,14,14,7,-10.214285714285714,3.0,7.142857142857143,4.0,23.07692307692308,3,53.21428571428572,43.9250735675205,16.143571428571427,RJ
abc015ebac1d283a323ca9db35ede4b9,12,13,8,-14.923076923076923,-7.0,0.0,4.384615384615385,7.6923076923076925,1,85.13846153846154,44.206495345924345,17.142307692307693,SP
c35672b10ad50968f567ea3f4b91e877,18,22,3,-13.409090909090908,5.0,4.545454545454546,4.454545454545454,13.636363636363637,3,52.29863636363636,23.35519648416285,16.580909090909092,RJ
f680f85bee2d253556ac91be391d2c82,45,54,10,-12.833333333333334,4.0,1.851851851851852,4.296296296296297,16.666666666666668,9,95.99851851851852,164.04688461680942,16.544814814814814,SP
5abb8ea023c77787f2c15da891c8d384,13,13,5,-7.153846153846154,14.0,23.07692307692308,3.923076923076923,38.46153846153846,5,172.3846153846154,154.77593399359523,57.4,SC
5f7300535881cef3b625fd683cf7d145,10,11,7,-13.0,-5.0,0.0,4.454545454545454,18.181818181818183,2,60.54363636363637,27.44225693077276,15.53181818181818,RS
baa49d93c8c8841e27400a300f5d74b2,6,6,3,-9.833333333333334,0.0,0.0,4.5,0.0,0,41.06666666666667,2.857738033247041,14.67,SC
1bb3812d5f0747a3ab7348f199001a10,9,9,8,-20.11111111111111,-7.0,0.0,4.888888888888889,0.0,0,92.71111111111112,54.72329130371374,23.907777777777778,SP
4e8dacf3d38f281ae26c3e0321d92d88,10,15,5,-12.555555555555555,2.0,22.22222222222222,2.466666666666667,66.66666666666667,10,176.33,208.48413214713213,14.410666666666666,SP
fe8055980a4ff7f64ed889c2b5926929,3,3,2,-15.333333333333334,-14.0,0.0,4.666666666666667,0.0,0,65.56666666666666,42.14656965084268,17.76,PR
2fb25ab44bdbeae6a4d816e0d0c9d500,5,5,2,-19.0,-13.0,0.0,4.8,0.0,0,136.616,140.1138759366823,15.642,RJ
83deb69e889cf80f82be1dc6d5f2d486,40,42,14,-11.88095238095238,6.0,4.761904761904762,4.357142857142857,19.047619047619047,8,127.69071428571428,56.11010397219056,21.75333333333333,SC
808d4348b916efa08e766ebad39f61eb,21,21,11,-9.35,4.0,5.0,4.428571428571429,9.523809523809524,2,34.81428571428572,24.61714921988908,13.515238095238097,SP
86ff3eaef0267069cc891a2ed9d10a17,7,7,7,-17.285714285714285,-12.0,0.0,4.714285714285714,14.285714285714286,1,58.535714285714285,53.35683581858494,20.087142857142855,SC
5c603ffb38cbbf25a0e0698941324143,2,2,2,,,,1.0,100.0,2,174.4,0.0,22.405,MG
f7df46c1e0ec44eed5c6726478da4a17,3,3,2,,,,1.0,100.0,3,143.23333333333332,23.09401076758503,19.246666666666663,RS
c3acdfac4e3e97ff87529454fbc03642,12,12,9,-9.5,3.0,8.333333333333334,4.25,25.0,3,1399.0,559.2202363356254,22.44,SP
f44bdc12aa39f5271f0b95f66cd4c289,5,7,4,-6.428571428571429,2.0,14.285714285714286,2.857142857142857,57.142857142857146,4,51.07142857142857,65.28707667641721,10.652857142857142,SP
35857757f553273b1056c1cabdace7fb,6,6,6,-5.833333333333333,15.0,16.666666666666668,4.0,16.666666666666668,1,75.76666666666667,25.022043614914164,19.79,SP
cac63f48c38cd7d002a7e846dcd99a23,10,11,7,-12.363636363636363,-2.0,0.0,4.818181818181818,0.0,0,87.62727272727273,5.178627406773132,13.5,SP
2a7c6c0b0d5efde2bf75ec1e1cec2d41,3,3,3,-15.333333333333334,-10.0,0.0,3.333333333333333,33.333333333333336,1,49.2,10.013490899781155,14.813333333333333,PR
f4ce8ca9fa7157e3b33f536ac9a4487d,4,4,3,-7.5,-4.0,0.0,4.75,0.0,0,102.4,66.52067347825036,24.3825,SP
83d7070a0b9a8b4625fa8682b819fabb,2,2,2,,,,1.0,100.0,2,347.385,296.4403758768363,63.815,SP
4bcec44888b30ba9001234c534716d3f,5,5,2,-9.4,-7.0,0.0,4.6,20.0,1,29.2,9.85900603509299,12.646,SP
d2e753bb80b7d4faa77483ed00edc8ca,14,16,9,-15.9375,14.0,6.25,3.625,37.5,6,86.85625,12.179543984347964,31.5,BA
6ec1a01e866584bb679eb9b098345919,31,32,17,-5.129032258064516,19.0,22.580645161290324,4.133333333333334,23.33333333333333,7,132.7784375,132.861363473101,25.4640625,SP
9b1585752613ec342d03bbab9997ec48,3,3,3,-6.333333333333333,-1.0,0.0,3.6666666666666665,33.333333333333336,1,1416.3266666666666,629.6774253801174,33.35333333333333,RJ
32e5635e63cb374eb63afdd242fb6134,1,1,1,-5.0,-5.0,0.0,5.0,0.0,0,910.0,0.0,17.82,RJ
8c5e007d7bd5693fa1386ffefbc99f6c,9,24,9,-14.916666666666666,-3.0,0.0,4.166666666666667,16.666666666666668,4,42.879583333333336,12.412021689778673,15.7625,SP
1927cdb9fa74f5270097f6250e8e8f34,1,1,1,-9.0,-9.0,0.0,5.0,0.0,0,120.0,0.0,58.92,SP
f6122bc84774df1b372bdb3bb88ddb9f,3,3,1,-5.666666666666667,6.0,33.333333333333336,3.6666666666666665,33.333333333333336,1,1599.9566666666667,180.2637049806015,24.83,SP
1961c3e1272bfeceb05d0b78b5bbfdaf,3,4,2,-5.666666666666667,-2.0,0.0,3.75,25.0,1,224.0,10.0,12.3575,SP
f918546be4bec7104d117789ba758b2b,20,23,3,-10.217391304347826,15.0,13.043478260869565,3.8260869565217392,26.08695652173913,6,64.47826086956522,33.12904461100478,15.093478260869563,SP
cb5ff1b9715e99589f3e0c7a6afab9e3,4,4,2,-12.25,-7.0,0.0,4.0,25.0,1,21.25,9.464847243000456,13.5075,PR
933446e9a59dece7ae9175103820ca8f,2,3,2,-66.0,-66.0,0.0,2.333333333333333,66.66666666666667,2,127.13,53.814818591165015,19.15333333333333,PR
c9e5ad1f6647f5dbd1172adf6ae3cada,4,4,3,-22.75,-10.0,0.0,4.75,0.0,0,64.7575,13.773942488142843,15.2375,RS
9dc79dd988ac42f4d56c340d7048420a,4,4,3,-10.0,-1.0,0.0,4.75,0.0,0,187.4,39.47573094109004,23.5825,SP
2aafae69bf4c41fbd94053d9413e87ee,2,2,2,-27.5,-17.0,0.0,4.5,0.0,0,47.0,16.97056274847714,14.935,RS
bf961104a38e01b9062ee026bb657dee,4,4,1,-25.75,-20.0,0.0,4.5,0.0,0,146.39,0.0,19.975,SP
c2d70ce2c5d0a2eb75e78668236e6dc8,13,15,4,-12.733333333333333,-2.0,0.0,4.666666666666667,6.666666666666667,1,164.72666666666666,221.4967734904205,15.268,SP
f97e2b0650c2068227e1d366140eb62f,16,21,7,-18.761904761904763,16.0,4.761904761904762,3.65,35.0,7,174.0,121.47345389014014,48.18952380952381,SP
28fb0829fd777877cdc350d25cb5bd5b,4,4,2,-11.0,-5.0,0.0,3.75,25.0,1,124.9,30.0,17.415,SP
c00396cbdd2e088fe4281baa5920aef1,1,3,1,-10.0,-10.0,0.0,5.0,0.0,0,277.47,0.0,24.48,PR
07017df32dc5f2f1d2801e579548d620,8,9,3,-25.33333333333333,-18.0,0.0,4.111111111111111,22.22222222222222,2,105.16555555555556,45.76202495276818,20.194444444444443,PB
da3fede3469bf49b7293ce3fc45b294d,1,1,1,-8.0,-8.0,0.0,5.0,0.0,0,44.9,0.0,12.79,SP
1992f8fb6b19fcccd97ca819811e7267,1,1,1,,,,1.0,100.0,1,28.8,0.0,11.22,SP
dd88d13bea9e4c2bf47daf224f8141e5,1,1,1,-7.0,-7.0,0.0,5.0,0.0,0,458.0,0.0,29.38,RS
1352e06ae67b410cdae0b2a22361167b,4,4,2,2.5,3.0,100.0,2.333333333333333,66.66666666666667,2,174.0,98.1495457622364,17.305,RJ
89de2d6f23e9746ff309705b23581faa,8,8,4,-16.875,-3.0,0.0,2.7142857142857144,57.142857142857146,4,42.5,4.6291004988627575,20.01,PR
d594982fd877af63ace38ea1fca27c76,7,7,2,-13.285714285714286,-1.0,0.0,4.428571428571429,14.285714285714286,1,31.005714285714287,10.09543107407646,13.237142857142857,SP
c394e193cda3b4225ff2094d32184849,3,12,1,-17.545454545454547,-3.0,0.0,4.666666666666667,8.333333333333334,1,284.99,0.0,15.963333333333331,SP
4bf658053d453036c70976bccb2c31b2,2,2,2,-8.5,-7.0,0.0,4.5,0.0,0,871.495,40.29801545982134,40.785,SP
04aa0a1c5ce6b222003403a3e11c3cc0,11,17,8,-16.529411764705884,10.0,11.764705882352942,3.5294117647058822,29.41176470588235,5,324.5882352941176,129.69052530135414,48.32411764705882,SP
dbbcfe2c8d026742134ac3e28ccde274,4,5,4,-15.6,-8.0,0.0,4.2,20.0,1,95.698,76.4353551702352,14.066,PR
8ca1551acf9832a4cf467bbbac15851f,11,12,10,-11.0,22.0,16.666666666666668,3.6666666666666665,33.333333333333336,4,181.36666666666667,67.25281113872197,22.211666666666662,PR
6eb94e1466490d327a09abf8f3552a50,10,10,4,-10.444444444444445,0.0,0.0,4.444444444444445,11.11111111111111,1,151.195,42.52108006624479,23.782,SP
2039c5e51785b5dde7cf93ccb3b7be2c,1,1,1,-8.0,-8.0,0.0,5.0,0.0,0,159.9,0.0,13.78,SP
7bb8fac2913a6064ec412e583c6d8b4d,1,1,1,-23.0,-23.0,0.0,5.0,0.0,0,109.0,0.0,16.52,SP
7df1fc11cc5cbc518b39faa60cf5d67c,5,5,5,-13.6,-8.0,0.0,4.2,20.0,1,207.52,106.34082941184914,26.872,MS
10264f60a8f0a4d2f30810f5c661c673,4,4,2,-8.75,-1.0,0.0,5.0,0.0,0,71.15,7.5,10.465,SP
9c54608f0996c32ae4743089d915f845,3,3,3,-20.666666666666668,-11.0,0.0,4.0,33.333333333333336,1,64.93333333333334,21.81750062067911,36.64,PR
12c2ed9cded6138cf0c75f525f565fc7,4,4,4,-4.25,1.0,25.0,4.25,25.0,1,78.74,33.26033673912518,12.7625,SP
b9c0ffa92f3ff9a5a3d45ef7213c0842,3,3,2,-11.666666666666666,-1.0,0.0,5.0,0.0,0,163.33333333333334,47.258156262526086,27.39,SP
643c01d7c56a724bec0454f4780e8a3e,2,2,2,-19.5,-16.0,0.0,4.5,0.0,0,102.775,88.91867773420834,20.55,SC
968ee78631915a63fef426d6733d7422,2,2,1,-16.5,-13.0,0.0,3.0,50.0,1,225.0,7.071067811865476,35.835,RS
4bde6149c15cf7e177b36fa060dd6de8,2,2,2,-47.5,-43.0,0.0,5.0,0.0,0,79.9,0.0,16.33,RS
8ff1a9df749e454105c55cda13e79143,13,14,9,-9.857142857142858,-1.0,0.0,3.727272727272727,36.36363636363637,4,100.04285714285714,46.584674176512905,19.800714285714285,SP
668bf321538e5072858eaef6087ce027,1,1,1,-10.0,-10.0,0.0,5.0,0.0,0,19.9,0.0,8.11,PR
830379336fad8c6f3b15a4a3ddb5c66e,2,4,2,-14.5,-8.0,0.0,4.5,0.0,0,67.0,0.0,42.595,SP
528bcf6680c36dddf07620bd35b33a6f,2,2,2,-4.5,3.0,50.0,4.5,0.0,0,484.99,63.63961030678928,21.93,SP
1d0646a72178a6fb37ee8082140e06ec,2,2,2,-7.5,-5.0,0.0,5.0,0.0,0,30.5,0.0,18.31,SC
9b1f656ca3060f8af17a50d8a024b533,2,2,2,-6.5,7.0,50.0,5.0,0.0,0,20.5,11.31370849898476,23.84,SP
67e43d802fde8cfd3f9580124f8167d1,2,3,1,,,,1.0,100.0,3,12.0,0.0,14.12,SP
c0aff2da32c17759d30b22fb0af6649d,4,5,3,-17.8,-6.0,0.0,3.8,40.0,2,37.76,29.35103064629929,16.706,SC
120476eb7a04c149d14772edaf5d9bf2,4,6,4,-13.5,-4.0,0.0,3.8333333333333335,50.0,3,394.8,443.8925050054348,25.13833333333333,RJ
a4b8d97cd5d3674eeff96abc99d8ed67,1,1,1,-16.0,-16.0,0.0,1.0,100.0,1,214.08,0.0,19.3,SP
9485a23c0430ba1d58d359391606fce6,5,5,5,-7.75,1.0,25.0,3.2,60.0,3,225.98,60.60158413771046,13.05,SP
ec8463980a4e0ea9f8517aea1ed0c419,2,8,1,-0.5,2.0,75.0,5.0,0.0,0,29.9,0.0,14.845,SC
abe021b01ba992245271b9aa422032df,2,2,2,-31.0,-12.0,0.0,3.5,50.0,1,3360.0,876.812408671319,58.62,PR
dd39ad39b5d3df33037e141c72497ba6,2,2,2,-19.0,-16.0,0.0,5.0,0.0,0,67.9,60.81118318204309,14.525,SP
b5b800c4065bebf4d3442311c9857344,1,1,1,-3.0,-3.0,0.0,5.0,0.0,0,79.9,0.0,8.91,SP
e88f7a2995ba184710d339c5c4bf2e30,2,2,1,-13.0,-13.0,0.0,5.0,0.0,0,125.8,0.0,17.955,SP
010543a62bd80aa422851e79a3bc7540,2,2,1,-8.5,-1.0,0.0,4.5,0.0,0,708.0,0.0,15.975,SP
7e959205cebc10adefcb331f934238a4,2,2,2,,,,1.0,100.0,2,256.95,31.32483040656405,16.325,SP
c88f62b4c386a59281014d677864d016,1,1,1,,,,1.0,100.0,1,1099.0,0.0,251.5,PR
1d953075c2f0dd990bacf27b83b330f1,1,1,1,-24.0,-24.0,0.0,5.0,0.0,0,59.0,0.0,19.32,MG
7e3dde9ffba72d5340f9aaf09b4424be,1,1,1,,,,1.0,100.0,1,220.0,0.0,22.03,PR
455befea1bb853c75ccbca94cff26e5c,1,1,1,-38.0,-38.0,0.0,3.0,100.0,1,19.99,0.0,22.06,RJ
586a871d4f1221763fddb6ceefdeb95e,1,2,1,22.0,22.0,100.0,1.0,100.0,2,99.0,0.0,20.74,RS
7dc9a3355bae96dd82008b313d3a456c,1,1,1,-14.0,-14.0,0.0,5.0,0.0,0,899.0,0.0,50.62,MG
d7d517afce974cd491b8d52bb5b5b1fc,1,1,1,-23.0,-23.0,0.0,4.0,0.0,0,89.99,0.0,18.73,SP
615c3462099ffa940d37b17dfda19594,2,2,2,-15.5,-10.0,0.0,5.0,0.0,0,114.5,50.20458146424488,16.025,RJ
39f776d2974049026ff531fc42ef2a3e,3,4,3,-21.75,-10.0,0.0,4.0,25.0,1,271.01,352.66,22.5925,GO
56a8b450e802502ba53a9885ee38e29f,1,1,1,,,,1.0,100.0,1,62.45,0.0,15.2,SP
5e063e85d44b0f5c3e6ec3131103a57e,1,1,1,-7.0,-7.0,0.0,5.0,0.0,0,22.9,0.0,7.42,SP
3ac588cd562971392504a9e17130c40b,1,1,1,-6.0,-6.0,0.0,5.0,0.0,0,11.9,0.0,7.39,SP
9315e491484b1b0081ca166fc164108d,1,1,1,-24.0,-24.0,0.0,3.0,100.0,1,29.99,0.0,30.41,PR
9e17b9d64683aebcbb9ee362d06463b4,2,3,2,,,,1.0,100.0,3,32.9,5.196152422706632,12.656666666666666,SP
164a5a8794e6d42e14f55e447b12a3bc,1,1,1,-19.0,-19.0,0.0,5.0,0.0,0,73.99,0.0,62.77,PR
499185655c29ecfdbfe776ef7cf875b5,1,1,1,-34.0,-34.0,0.0,4.0,0.0,0,89.0,0.0,17.33,RS
15ac3c501e2599e4917316fde5c5669a,1,1,1,,,,1.0,100.0,1,144.2,0.0,51.61,SP
db6a4d4b5f1f5f98820ce6ce2619e2de,1,1,1,-19.0,-19.0,0.0,5.0,0.0,0,135.99,0.0,12.16,SP
cad10cc982ab6a391570c211b995c17c,1,1,1,-14.0,-14.0,0.0,5.0,0.0,0,47.4,0.0,12.79,SP
a3e9a2c700480d9bb01fba070ba80a0e,130,148,72,-9.945578231292515,24.0,8.843537414965986,4.013698630136986,21.91780821917808,32,93.30945945945946,54.49028164970017,19.901554054054053,SP
00720abe85ba0859807595bbf045a33b,13,26,9,-12.73076923076923,14.0,7.6923076923076925,3.6538461538461537,42.30769230769231,11,38.75,35.5401322451113,12.153076923076924,SP
f457c46070d02cadd8a68551231220dd,199,242,23,-12.22689075630252,24.0,5.46218487394958,3.7875,30.83333333333333,74,81.67933884297521,18.29371666093583,15.795454545454543,PR
06e5eefc71ec47ae763c5c6f8db7064f,92,95,35,-16.913978494623656,0.0,0.0,3.903225806451613,26.881720430107528,25,233.5637894736842,111.8620702280263,23.08715789473684,RS
3db66a856d18a9cba7c9241fc5221c50,94,99,38,-12.11111111111111,17.0,10.1010101010101,4.171717171717172,19.19191919191919,19,97.15252525252524,65.29811439511886,20.97838383838384,MG
38e6dada03429a47197d5d584d793b41,7,12,8,-7.333333333333333,0.0,0.0,3.333333333333333,41.66666666666666,5,49.678333333333335,73.06294830590616,17.2425,SP
c826c40d7b19f62a09e2d7c5e7295ee2,354,373,17,-9.895890410958904,26.0,7.123287671232877,4.043126684636119,21.024258760107816,78,122.3692761394102,36.57980509247759,14.94230563002681,SP
7202e2ba20579a9bd1acb29e61fe71f6,53,55,19,-12.169811320754716,13.0,3.7735849056603774,3.8333333333333335,29.62962962962963,16,231.8272727272727,128.2758680208336,21.19381818181818,SP
d98eec89afa3380e14463da2aabaea72,168,184,26,-18.71195652173913,31.0,2.1739130434782608,4.2896174863387975,17.48633879781421,32,38.08978260869565,14.01281840794005,17.868478260869566,RS
1b938a7ec6ac5061a66a3766e0e75f90,30,33,8,-14.741935483870968,0.0,0.0,4.242424242424242,12.12121212121212,4,120.83636363636364,145.72191800262456,27.582727272727272,SP
afa6714acee029b2dfdf357e5579cc03,16,17,8,-13.823529411764708,6.0,11.764705882352942,4.0588235294117645,23.529411764705884,4,189.4564705882353,161.3375903943799,22.518823529411765,SP
85d9eb9ddc5d00ca9336a2219c97bb13,509,525,64,-15.706796116504854,21.0,2.1359223300970878,4.172413793103448,20.114942528735632,105,29.53702857142857,6.497223271346901,16.52702857142857,MG
688756f717c462a206ad854c5027a64a,83,102,40,-7.69,14.0,4.0,3.767676767676768,28.282828282828284,28,59.66205882352941,35.62043154208032,19.235686274509803,SP
7901646fdd36a55f564ffaf2dbccaaf7,22,27,12,-10.77777777777778,5.0,7.407407407407407,4.444444444444445,11.11111111111111,3,439.1511111111111,288.78718759312835,23.02777777777778,RJ
e9779976487b77c6d4ac45f75ec7afe9,657,751,133,-9.825439783491204,52.0,6.2246278755074425,4.167336010709505,19.81258366800536,148,57.60378162450066,53.15421873078607,13.519853528628497,SP
602044f2c16190c2c6e45eb35c2e21cb,50,60,27,-7.810344827586207,19.0,18.96551724137931,2.9322033898305087,55.932203389830505,33,65.31883333333333,15.941383315310178,16.342333333333332,SP
e24fc9fcd865784fb25705606fe3dfe7,52,56,22,-13.418181818181818,35.0,7.272727272727272,4.196428571428571,19.642857142857142,11,231.0,177.83608387296636,18.405535714285715,SP
d1c281d3ae149232351cd8c8cc885f0d,215,249,115,-11.52016129032258,27.0,6.048387096774194,3.8137651821862346,29.149797570850204,72,110.65666666666668,67.49060069962113,22.25281124497992,SP
efcd8d2104f1a05d028af7bad20d974b,47,54,34,-14.471698113207546,6.0,1.8867924528301887,4.185185185185185,16.666666666666668,9,47.12537037037037,11.436513473356962,17.00962962962963,SP
06532f10282704ef4c69168b914b77be,8,9,8,-12.875,-8.0,0.0,4.222222222222222,11.11111111111111,1,1135.611111111111,762.0472484604292,77.58222222222223,PR
c6bda72e4dbf5c5866b13cb1810c6d03,59,60,27,-12.316666666666666,33.0,3.333333333333333,4.383333333333334,13.333333333333334,8,236.15466666666663,325.39852475610013,19.229333333333333,SP
8a87611c08849ffeeccab52aa798b6c7,13,14,7,-30.0,-27.0,0.0,2.642857142857143,57.142857142857146,8,169.27142857142857,92.4722759165514,34.66571428571429,PR
c1ed9e3daf6154542826a6996af0fb8c,9,17,7,-7.0625,1.0,31.25,4.411764705882353,17.647058823529413,3,57.13235294117647,43.67444526399445,19.375882352941176,SC
00fc707aaaad2d31347cf883cd2dfe10,103,142,19,-15.570422535211268,13.0,3.5211267605633805,3.7375886524822697,33.333333333333336,47,94.43591549295776,32.34521809407214,16.87887323943662,PR
4bf2f4ee540798a61f9636d12cd9cc80,29,30,18,-12.4,0.0,0.0,4.166666666666667,20.0,6,166.51866666666666,55.89773215641119,16.848333333333333,SP
a888faf2d1baececa6baf9c3d603ee1f,54,55,19,-10.685185185185183,18.0,9.25925925925926,4.054545454545455,23.63636363636364,13,323.01454545454544,107.62655843614104,20.391272727272728,PR
282f23a9769b2690c5dda22e316f9941,99,110,41,-12.119266055045872,32.0,3.669724770642202,4.3,19.09090909090909,21,59.13709090909091,59.75338948346196,17.108,MG
ac3508719a1d8f5b7614b798f70af136,103,104,48,-18.10891089108911,9.0,1.98019801980198,4.568627450980392,9.803921568627452,10,122.84461538461538,44.0182049259074,29.00375,RS
3afc536624bc2e65bddfb5db33cc01f3,6,6,1,-9.5,0.0,0.0,3.5,33.333333333333336,2,52.0,0.0,17.845,MG
1d1bbb8ac1581824986f582583fff01d,4,4,3,-5.75,5.0,25.0,3.5,25.0,1,41.72,11.235310409597057,14.8975,SC
d5ba419e26d246a0719437cf37d9b46d,34,35,9,-9.058823529411764,22.0,8.823529411764707,3.823529411764706,32.35294117647059,11,116.04,49.16541826264856,14.860285714285714,SP
ffff564a4f9085cd26170f4732393726,20,20,15,-48.0,-43.0,0.0,2.1,80.0,16,71.315,76.1844543128542,17.228,SP
d71d863e5ef30d94e440c11be17dcd8f,29,36,7,-9.666666666666666,14.0,10.0,3.242424242424242,51.51515151515152,17,330.5805555555556,378.29956672264336,20.96527777777778,SP
2a261b5b644fa05f4f2700eb93544f2c,51,83,21,-8.819277108433734,23.0,20.48192771084337,3.3373493975903616,39.75903614457831,33,65.12048192771084,35.06940769192537,24.835180722891565,SP
4200ddf1967c5e41e48db62bc6d4b5ac,22,42,25,-11.428571428571429,4.0,2.380952380952381,4.243243243243243,21.62162162162162,8,17.495238095238093,3.5479951316374594,11.617380952380952,SP
de722cd6dad950a92b7d4f82673f8833,339,379,7,-16.116710875331567,26.0,3.183023872679045,4.159151193633952,17.24137931034483,65,146.2430079155673,36.67948221100092,25.55844327176781,PE
157c3e4b42f81ac4a44e8b1ca2fe9876,23,31,13,-13.0,14.0,6.451612903225806,3.967741935483871,32.25806451612903,10,82.20967741935483,74.97230312961673,18.816774193548387,SP
5f5b43b2bffa8656e4bc6efeb13cc649,27,29,18,-13.89655172413793,7.0,3.4482758620689653,4.448275862068965,10.344827586206897,3,126.8,61.393729321486894,19.15344827586207,SP
cd68562d3f44870c08922d380acae552,125,132,58,-7.573643410852713,29.0,17.829457364341085,3.8396946564885495,29.00763358778626,38,140.67954545454546,102.62357268201502,16.72340909090909,SP
83e197e95a1bbabc8c75e883ed016c47,47,55,19,-13.814814814814817,12.0,1.851851851851852,4.745454545454545,5.454545454545454,3,121.70345454545456,16.35521971479417,17.934,RJ
75d34ebb1bd0bd7dde40dd507b8169c3,62,72,18,-16.83582089552239,25.0,11.940298507462687,3.8194444444444446,27.77777777777778,20,209.0038888888889,154.85808978996198,19.878194444444443,BA
eddd1991bd6d9309995a480c39b95137,3,3,2,-7.5,-6.0,0.0,2.6666666666666665,66.66666666666667,2,288.6666666666667,40.99186911246343,44.13666666666666,PR
c3aad7dc65449ae90a5e9c3c6c1e78e0,6,6,5,-13.833333333333334,-6.0,0.0,4.666666666666667,16.666666666666668,1,85.0,12.24744871391589,21.726666666666667,SP
b6d44737c043328708f6749c2dbe50bd,62,80,23,-14.354430379746836,8.0,5.063291139240507,4.525,8.75,7,67.12,26.178812575212444,19.57,SP
7c5b05cbdb5542049f38d90d7815b97d,22,24,10,-12.391304347826088,7.0,4.3478260869565215,4.416666666666667,12.5,3,43.29,20.77490124499104,12.770833333333334,SP
59cd88080b93f3c18508673122d26169,10,12,10,-8.416666666666666,1.0,16.666666666666668,4.75,8.333333333333334,1,32.69416666666667,4.736725870229031,14.615,SP
960945e1a9535cbc0cd6ddd35fbe7ae8,28,29,7,-10.10344827586207,-1.0,0.0,4.655172413793103,6.896551724137931,2,116.61137931034484,45.69113861603316,16.544827586206896,SP
f205b1a3ca9a34e0f8a228bae6e4c7b3,8,8,7,-10.375,-1.0,0.0,4.875,0.0,0,136.0,68.51068738316881,49.6125,RS
bc503e244f187939d10c92a5c8e378ce,7,16,4,-11.153846153846152,0.0,0.0,3.75,31.25,5,39.854375,15.789181937326582,13.883125,SP
6c177e38df6d3f34182b1f1d427231bf,55,56,20,-14.74074074074074,1.0,1.851851851851852,4.035714285714286,17.857142857142858,10,148.96232142857144,63.912487127920656,18.47571428571429,PR
b98b715fe9e276204e2a3464f48cd796,6,6,4,-22.75,0.0,0.0,3.333333333333333,50.0,3,75.09666666666666,43.54065716852086,11.173333333333334,SP
8b8cfc8305aa441e4239358c9f6f2485,15,15,6,-16.066666666666666,4.0,13.333333333333334,4.2,26.666666666666668,4,792.8,394.86854955614206,81.24666666666667,PR
ce27a3cc3c8cc1ea79d11e561e9bebb6,135,165,40,-13.43046357615894,7.0,1.3245033112582782,3.8652482269503543,27.659574468085108,39,65.03424242424242,46.50210230169662,14.208060606060606,SP
d354c38a7182125a748cb10474fe963b,18,20,7,-12.894736842105264,2.0,5.2631578947368425,4.315789473684211,15.789473684210526,3,80.5165,78.70575992263845,15.7925,RJ
e5e33c0d8e7e002f398f5dc4cbbb338f,28,29,21,-14.77777777777778,20.0,7.407407407407407,4.344827586206897,20.689655172413797,6,230.9896551724138,321.47008175037246,26.849310344827582,SP
75fbb52eda0cbc24f479d3b2fbfa8d3e,40,43,37,-14.097560975609756,9.0,4.878048780487805,4.404761904761905,9.523809523809524,4,26.30209302325581,24.920920601177404,21.942325581395348,GO
60562ab00b8054280520d390c8c0045c,17,17,5,-14.294117647058824,-5.0,0.0,4.764705882352941,0.0,0,173.11764705882354,28.21321134003797,17.88764705882353,SP
76ea5315acb3f5f7ade3cd261faf922a,15,15,12,-11.2,2.0,6.666666666666667,4.266666666666667,26.666666666666668,4,72.47066666666667,69.08056760734078,14.934666666666669,SP
681fce914360217db47784ae28905a96,23,24,9,-13.208333333333334,6.0,12.5,3.869565217391304,30.43478260869565,7,171.97208333333333,140.1320911320324,18.519583333333333,PR
520b493b57809f446cb0a233bb3e25c7,63,74,28,-11.932432432432432,15.0,1.351351351351351,4.378378378378378,14.864864864864863,11,50.18783783783784,33.520592536948655,14.512297297297298,SP
b347677812ea483b0f528eaf8cbc09b7,21,21,11,-17.0,-1.0,0.0,4.523809523809524,9.523809523809524,2,347.0947619047619,122.53276123629335,36.30238095238095,PR
e1b12447a7563944843191754aeb5562,9,10,6,-7.0,7.0,30.0,4.5,10.0,1,47.246,33.36319535722627,12.667,SP
d9e7e7778b32987280a6f2cb9a39c57d,11,13,7,-9.615384615384617,7.0,15.384615384615383,3.1538461538461537,53.84615384615385,7,55.57692307692308,31.554084623234697,20.299230769230768,SP
57e632711dec9ec14ca7546769483e7e,62,66,20,-16.90909090909091,-3.0,0.0,4.424242424242424,15.151515151515152,10,97.57515151515152,46.22987972304772,18.53575757575757,SC
82cb9f452fe8334df74b22d37824b431,14,18,8,-17.055555555555557,-1.0,0.0,4.722222222222222,0.0,0,46.56666666666667,6.641225967616308,17.614444444444445,RS
5def4c3732941a971cba8fdee992ede1,5,6,5,-5.833333333333333,-3.0,0.0,4.5,0.0,0,22.466666666666665,19.09823726595381,11.04,SP
daf565f087a52def0fd5c5825b3661bc,9,9,5,-17.666666666666668,0.0,0.0,3.625,37.5,3,90.43333333333334,46.66626190300654,34.214444444444446,SC
b0b346d3a89f5eb4c2968af3f083cd43,11,12,6,2.4444444444444446,49.0,33.333333333333336,3.083333333333333,41.66666666666666,5,51.16666666666666,14.08308678285174,17.716666666666665,SP
6e386f64c84e482f0b9abf960797ee1b,30,30,13,-9.586206896551724,11.0,6.896551724137931,4.607142857142857,7.142857142857143,2,431.2766666666666,243.2954960583916,20.845333333333333,SP
19a7c9f66ffa6452ff4b4c0cca71da27,1,1,1,-28.0,-28.0,0.0,5.0,0.0,0,279.0,0.0,59.74,PR
e256a62e0ac58c0edfba09966142d561,12,14,5,-16.642857142857142,-5.0,0.0,4.5,7.142857142857143,1,105.29357142857144,62.441370606248014,23.96,PR
5075aaa8404020ae6aa8bf4792099b41,13,23,6,-10.333333333333334,-5.0,0.0,3.882352941176471,23.529411764705884,4,79.25217391304348,164.25707392976528,19.46608695652174,MG
334cab711dee080b079fa5779b584783,11,26,10,-14.461538461538462,-1.0,0.0,4.961538461538462,0.0,0,41.14230769230769,18.036965888461907,13.525769230769232,SP
c8771b1a10bb99bb34d3c459c5cffb53,1,1,1,-16.0,-16.0,0.0,5.0,0.0,0,64.9,0.0,31.2,SP
ccf8813e5a7d6c84d865cd38bfc2b130,26,26,8,-13.5,8.0,3.8461538461538463,4.384615384615385,15.384615384615383,4,101.3653846153846,12.04919722828678,15.991923076923078,SP
534a01cc6df1e034e05c32028a291fa2,5,5,4,-8.0,-1.0,0.0,4.4,20.0,1,47.118,8.733992214331314,11.972,SP
4e5725ba188db8252977a4f0227bd462,22,25,13,-2.75,36.0,20.83333333333333,3.44,40.0,10,77.2236,65.78861197552861,15.3044,SP
ed8cb7b190ceb6067227478e48cf8dde,15,17,10,-9.823529411764708,3.0,5.882352941176471,3.176470588235294,52.94117647058823,9,33.73529411764706,19.35902506508497,14.277058823529412,SP
3a52d63a8f9daf5a28f3626d7eb9bd28,1,1,1,-41.0,-41.0,0.0,1.0,100.0,1,35.0,0.0,17.78,SP
4eb61f060e7dcc1d5a80d806c35cc541,8,8,3,-13.0,-1.0,0.0,3.875,12.5,1,164.125,33.10777854220969,19.14,SP
d9442042130b7fe579d1295f9f4a248f,19,22,8,-7.863636363636363,7.0,4.545454545454546,4.227272727272728,18.181818181818183,4,35.09818181818182,9.149624835589416,15.403636363636364,SP
05feb94f19d094d4b0f9281f0b1d4c99,6,6,2,-13.333333333333334,-6.0,0.0,4.5,0.0,0,1558.8333333333333,190.84487592457563,116.17333333333332,SP
6879c4d287a8dd06b11f54ea8f78e4da,6,6,3,-12.0,-2.0,0.0,4.333333333333333,16.666666666666668,1,87.945,99.37010833243566,24.91,SP
f8d5c7085db9a4ad2b8c1ffbeb2798c8,6,6,5,-16.0,-11.0,0.0,5.0,0.0,0,43.833333333333336,22.382284661460872,16.735,SP
525e75a6fb1454a2325ab1734bcec221,10,11,3,-13.7,-7.0,0.0,3.727272727272727,36.36363636363637,4,59.73363636363637,39.01226890933858,10.909090909090908,SP
5343d0649eca2a983820bfe93fc4d17e,71,111,48,-12.6,19.0,9.090909090909092,3.614678899082569,39.44954128440367,43,90.09585585585586,65.84001233663406,21.554864864864864,SP
9853a239ab7b7ebbdc3a21248d5b8e1f,5,5,5,-13.25,7.0,25.0,3.8,20.0,1,76.2,37.5126645281297,18.002,PR
818d28f936e791926d33bcb6ee94ef79,5,5,5,-21.0,-16.0,0.0,4.0,33.333333333333336,1,27.9,0.0,15.44,SP
28d162ab86bb49d719c32f0ee6186eaa,1,1,1,-12.0,-12.0,0.0,4.0,0.0,0,109.99,0.0,17.21,SP
3ca08eeb8d5595949fed424bd3677742,14,14,7,-14.384615384615383,-3.0,0.0,4.428571428571429,14.285714285714286,2,126.34785714285714,47.346412613445565,33.302142857142854,PR
822b63912576852aea9a8436d72317b7,8,9,5,-26.0,-11.0,0.0,4.0,22.22222222222222,2,545.0766666666667,381.9561422139982,21.264444444444443,SP
d9e8c084b68fe958861d8f2c21202e6b,9,12,2,-7.916666666666667,-1.0,0.0,4.166666666666667,16.666666666666668,2,254.16666666666663,511.86305578620136,15.155,SP
4be9ae93c4fc0f41713d71a4194ee1b3,1,1,1,-7.0,-7.0,0.0,5.0,0.0,0,109.9,0.0,27.07,MG
93b9a99027bd8bd6af682aff18dd19bf,20,21,15,-17.5,-1.0,0.0,4.1,20.0,4,93.0,72.91913329161284,22.24333333333333,SP
b45d7ebfb7378630f1bcd74b6ff86ff7,5,5,3,-12.333333333333334,-6.0,0.0,3.8,20.0,1,201.5,134.80652803184273,20.502,MG
0ac4201fda2c68ebc0e47cb9423cf3c9,13,15,4,-12.133333333333333,14.0,6.666666666666667,4.333333333333333,20.0,3,114.458,210.6257844139696,16.652,SP
800214c63934acd05d47e84214db8ba8,4,4,4,-15.0,-10.0,0.0,5.0,0.0,0,64.9,5.773502691896257,15.435,SC
f41ce2e25237f9092cd8e6e7516c7a2f,27,28,10,-14.25925925925926,-3.0,0.0,4.321428571428571,21.428571428571427,6,72.53214285714286,21.174583883644623,11.846428571428572,SP
984c273121e743dd14767befe6cb17f5,1,1,1,3.0,3.0,100.0,1.0,100.0,1,259.6,0.0,21.31,SP
ad87df7699e83b8a91822a4a0b765c3a,6,7,5,-16.5,-13.0,0.0,3.7142857142857135,57.142857142857146,4,49.98571428571429,35.55279776011205,12.674285714285714,SP
54c04bdb5ec46762f8f08c7e8f86ed4a,18,19,12,-10.526315789473683,31.0,10.526315789473683,4.315789473684211,10.526315789473683,2,172.71894736842106,84.6614799523331,25.05894736842105,SC
ce69a8021d18961dd2a40269b7c2c293,19,19,13,-11.473684210526317,11.0,5.2631578947368425,4.473684210526316,10.526315789473683,2,253.57894736842104,268.3115459663084,24.792105263157893,PR
8759e7aedd644f487315e5860962f162,3,3,1,4.666666666666667,40.0,33.333333333333336,3.6666666666666665,33.333333333333336,1,209.0,0.0,55.446666666666665,SP
8603f0038fe0e52fedd3382d266723de,10,10,9,-11.8,-2.0,0.0,4.4,10.0,1,235.5,72.27301632621187,49.012,SC
a37c340b91cb0169e8b029db6440fba2,5,5,1,-12.4,-7.0,0.0,4.8,0.0,0,69.0,0.0,18.99,SP
49383af7ab774e4e8f3000f49c83dc4b,8,12,1,-13.166666666666666,-9.0,0.0,4.583333333333333,16.666666666666668,2,55.0,0.0,20.18583333333333,SP
41b86b552e54e3a7009596125aa8b167,10,11,11,-18.0,-5.0,0.0,4.363636363636363,18.181818181818183,2,145.02727272727273,99.40194254549648,21.328181818181815,SP
fa14641f57b655e933124a9ea49cd7a5,7,7,6,-12.0,-9.0,0.0,4.571428571428571,0.0,0,51.41857142857143,17.491494531696855,11.865714285714288,SP
40db9e9aa57f7bb151bcda6b0f9bdbb7,12,12,9,-15.5,2.0,8.333333333333334,2.363636363636364,72.72727272727273,8,1930.6666666666667,179.95420292817602,54.66583333333333,PE
c731d18cea9bf687ffee82a241c25b11,24,26,18,-16.96153846153846,-7.0,0.0,3.96,24.0,6,140.84615384615384,67.38349489760371,23.486538461538466,SC
999f6d9a1c7c81f43be44c6b7d076210,2,2,1,-23.5,-17.0,0.0,4.5,0.0,0,14.0,0.0,11.415,SP
d73cbd89533ce8b041a9190241453ac8,4,4,4,-13.0,-11.0,0.0,3.5,50.0,2,92.15,43.20783108033388,16.255,MG
eec3469d83e142f9a104886655338c37,4,4,4,-18.0,-6.0,0.0,4.5,25.0,1,46.425,50.63170120257334,13.685,SP
b248792ac0b60ec3f93d80af1b4fae47,7,9,6,-8.0,1.0,22.22222222222222,3.7777777777777777,33.333333333333336,3,50.5,12.45943417655874,17.094444444444445,SP
b18871c324516afa228a13e8f1ef0ae9,9,23,5,-10.695652173913045,2.0,8.695652173913043,3.9565217391304346,30.43478260869565,7,46.28695652173913,27.94781475191065,10.6,SP
431050a06a317f2b38168dec3dcd2b46,12,12,7,-14.1,-5.0,0.0,4.25,16.666666666666668,2,123.98333333333332,55.03583680960374,19.429166666666667,SP
b127efdabeffb5d559349c7b172eb75d,10,10,10,-19.8,1.0,10.0,4.8,10.0,1,30.85,5.0665021903128045,11.277,SP
2d9e8987a2ea5cf88dce330249043ff1,2,2,2,-5.5,-1.0,0.0,4.5,0.0,0,119.9,0.0,52.185,SP
3f9c56764fabca627406093dcb3ef0b4,7,7,3,-11.142857142857142,-2.0,0.0,4.714285714285714,0.0,0,129.9,0.0,15.092857142857143,RJ
c42fd8e4d47dfb18ce5222f2dd7752f9,7,11,9,9.545454545454543,35.0,45.45454545454545,4.0,33.333333333333336,2,42.45363636363636,32.375571739423314,14.694545454545455,SP
f00f5b35d0abcacbdd863672f4bb2c1a,1,1,1,-21.0,-21.0,0.0,4.0,0.0,0,299.0,0.0,14.43,SP
26af45f5dfd967225a832838aa4e24a3,10,11,7,-13.818181818181818,-6.0,0.0,4.181818181818182,18.181818181818183,2,52.1,17.774082254788855,18.04636363636364,PR
7d294cf9a6a69dc6a0c3e540fff0e039,5,5,1,-17.8,-10.0,0.0,4.4,20.0,1,51.45,0.0,38.826,SC
f1ed6bd0a9b11b581f16c851c6a5a527,17,19,3,-9.0,6.0,5.2631578947368425,4.421052631578948,15.789473684210526,3,88.27578947368421,17.513497434769015,21.091052631578947,RS
dbdd0ec73a4817971d962698f2fea022,16,16,3,-17.25,5.0,6.25,4.375,12.5,2,399.0,0.0,111.925,CE
d9cd369bffa979d1634f8e1318bf2f1b,3,3,3,-24.666666666666668,-21.0,0.0,5.0,0.0,0,226.0,55.74943945906541,22.27,SP
63bc58679c44e8a998792119fd7ad23e,1,1,1,,,,1.0,100.0,1,19.9,0.0,14.11,SP
74871d19219c7d518d0090283e03c137,6,7,6,-7.857142857142857,-1.0,0.0,5.0,0.0,0,78.57714285714286,63.929747044258335,12.552857142857142,SP
38f276ca6e7cc95a6d1bb55ac9e5550f,1,1,1,-14.0,-14.0,0.0,5.0,0.0,0,24.99,0.0,11.85,SP
141440cad9341e553f8401c574a2aa38,11,12,9,-21.166666666666668,-6.0,0.0,4.166666666666667,16.666666666666668,2,107.35,53.53388901179581,24.23333333333333,PR
89757206b887aed36f3e18d858460fea,2,2,2,-14.5,-14.0,0.0,5.0,0.0,0,60.25,29.34493141924172,27.82,SP
e9c2dc0dd4ac38448289be644ac94f42,3,3,3,-11.333333333333334,-7.0,0.0,5.0,0.0,0,39.46333333333333,26.70015043653,18.74,SC
c747d5b92c7648417faea95d36d763e8,1,1,1,-15.0,-15.0,0.0,5.0,0.0,0,139.0,0.0,85.75,CE
77714512e8d4dda9c234da8e3faf16e4,4,6,5,-8.5,-2.0,0.0,4.0,33.333333333333336,2,40.56666666666667,0.5163977794943223,17.596666666666668,SP
73b8eb4a9a729d4019b24ed1be748cbf,8,8,7,-7.285714285714286,-1.0,0.0,4.375,12.5,1,86.55125,40.61925420905706,13.19625,SP
f1b854361f4e15d5851b494df66f22b2,3,4,3,-13.0,-9.0,0.0,2.75,50.0,2,292.2,15.16849805792694,76.61,RJ
98f52e1020fe788c10c0418de4393fec,1,1,1,-13.0,-13.0,0.0,4.0,0.0,0,21.6,0.0,15.1,RJ
4cc4fd4fdd406a85bbdc1f824b731bd7,1,2,1,-14.0,-14.0,0.0,5.0,0.0,0,269.99,0.0,15.62,PR
ac51cac5e20d69ff485a54746488ef48,4,4,4,-10.333333333333334,-4.0,0.0,3.5,50.0,2,189.975,109.05657171089383,18.4675,SP
3faf68a3b0af94b10bac70d86077be49,7,7,3,-30.428571428571427,-15.0,0.0,4.571428571428571,0.0,0,188.99,0.0,17.02285714285714,SP
2f3d8b4c9e2ee165075331fea3f3095a,1,1,1,-15.0,-15.0,0.0,5.0,0.0,0,130.0,0.0,17.35,SC
5206cc4bc2297c833e6061c49bf9c43f,1,1,1,,,,1.0,100.0,1,35.0,0.0,10.96,SP
9ac4f14370b1e24ddc58be041b7f99df,5,5,5,-15.2,-13.0,0.0,4.4,20.0,1,62.902,16.421276442469384,24.428,GO
26b482dccfa29bd2e40703ba45523702,3,4,3,-8.25,-1.0,0.0,5.0,0.0,0,86.195,43.8144120124874,16.9075,SP
28ea411b354f14b1a494be4e79f0ce02,6,6,6,-11.333333333333334,0.0,0.0,4.666666666666667,0.0,0,136.66666666666666,22.73030282830976,12.821666666666667,SP
244b04680fdbded0acf5aebd9c92b44a,3,3,3,4.5,19.0,50.0,1.0,100.0,2,1159.2333333333331,600.6940430313366,46.27,SP
b7e1750c1157341d2abd0251e07c186b,3,4,4,-19.25,-15.0,0.0,4.5,25.0,1,39.9,14.719601443879744,15.24,SP
3e46a38ee171c503c3b4a3f23fe3bf0c,1,1,1,-9.0,-9.0,0.0,5.0,0.0,0,59.9,0.0,9.11,SP
4cf490a58259286ada5ba8525ba9e84a,8,8,6,-17.857142857142858,-3.0,0.0,3.125,50.0,4,156.775,29.834962711557058,19.39875,SP
866558b3bccef2dbc6d29a2b5995016f,5,6,4,-13.333333333333334,-8.0,0.0,4.666666666666667,0.0,0,253.2333333333333,368.8179315958847,58.55833333333333,PR
a066df7361163e7ddc5d7452dd17448b,15,17,6,-8.352941176470589,7.0,23.529411764705884,4.470588235294118,17.647058823529413,3,63.42941176470588,14.444365887166974,15.665882352941177,SP
a806a4bb063ea7ca6d374eafa50a6058,5,6,5,-22.33333333333333,-19.0,0.0,3.8333333333333335,50.0,3,49.06666666666667,14.288690166235206,18.47833333333333,ES
87b4428a334b8f676fd9a7f3bf544fb5,1,1,1,-24.0,-24.0,0.0,5.0,0.0,0,29.99,0.0,18.99,SP
4e0d109ccfba9a1151c103049880c857,2,2,2,-15.5,-8.0,0.0,3.0,50.0,1,139.945,57.4099995645358,33.92,RJ
6b89abe95848c850399130d149a39b63,8,8,2,-13.625,-6.0,0.0,4.375,12.5,1,141.9,7.406560798180411,41.31625,GO
3442f8959a84dea7ee197c632cb2df15,3,3,3,-6.0,3.0,33.333333333333336,3.0,66.66666666666667,2,72.9,53.82722359550045,9.3,SP
ba8e85df286308fe68a2ce83a8f8b2d6,1,1,1,-21.0,-21.0,0.0,5.0,0.0,0,80.9,0.0,16.76,SC
4c8545742faaf58fafd5fd14d25d75cf,4,4,4,-14.25,-8.0,0.0,4.5,25.0,1,755.0,466.5118790913404,49.0775,SP
57df9869a600bd6b7c405f2a862eccfb,5,5,1,-19.4,-14.0,0.0,4.4,0.0,0,25.0,0.0,14.442,MG
d63f306de130e0391d38a792541723b8,1,1,1,-4.0,-4.0,0.0,5.0,0.0,0,49.0,0.0,7.6,SP
34a557286ead8fe75c989e0afcf7d98c,4,4,2,-11.25,-6.0,0.0,4.75,0.0,0,103.725,54.23254711579262,14.64,SP
89d9a386b0b6e5fc8403071b03f7206a,2,5,1,-17.6,-17.0,0.0,3.4,80.0,4,33.4,0.0,13.65,SP
4fb41dff7c50136976d1a5cf004a42e2,3,3,3,33.0,134.0,33.333333333333336,4.0,33.333333333333336,1,410.0,297.15315916207254,22.256666666666668,BA
5587130f9850696ed7fafbc91c2cee44,2,2,2,-10.5,-9.0,0.0,5.0,0.0,0,34.9,21.213203435596427,16.845,SP
d52cbce9845184537284a23c3bc3da0e,2,4,3,-21.5,-18.0,0.0,5.0,0.0,0,18.75,11.84271928232701,15.945,SC
feb793c88d836c3a75efa4b5a3465d70,1,1,1,-8.0,-8.0,0.0,5.0,0.0,0,466.0,0.0,64.17,SP
5b35136197710e16ac5e7b7c2bd4ea85,7,9,5,-4.111111111111111,12.0,33.333333333333336,2.555555555555556,55.55555555555556,5,344.9111111111111,394.0272847292572,27.343333333333334,RJ
72431a818f97fe6ab9c81eee3e297e54,1,1,1,-15.0,-15.0,0.0,5.0,0.0,0,229.9,0.0,19.49,SP
aa8af66c623d7d544dfe4bb85b5ebe3b,1,1,1,-18.0,-18.0,0.0,5.0,0.0,0,99.0,0.0,15.57,MG
a0d7fbb07bb5ebc3b05980e750db56f3,3,4,4,-11.75,-6.0,0.0,2.0,75.0,3,212.2475,85.0548745908585,59.0475,SP
9c351405b754cc5ce3e2ecf277bb034a,1,1,1,,,,1.0,100.0,1,45.0,0.0,14.11,SP
9535a841eecebed61a9fb1ac1cbb5597,2,2,2,-17.5,-14.0,0.0,3.0,50.0,1,392.45,291.96438995192545,16.715,SP
3ef37b7ca6dd2b80bd8af81a62504996,2,2,2,-8.0,-3.0,0.0,4.5,0.0,0,350.0,0.0,20.485,SP
3c88ed2e76a2247933a15daa7161eb1c,1,1,1,-9.0,-9.0,0.0,5.0,0.0,0,155.0,0.0,151.2,SP
c542f5a8c64d973f30e9df8d06f70b4a,1,1,1,,,,1.0,100.0,1,81.0,0.0,17.31,SP
6bb62a4912377c7bfe7cb17b406bc7e6,4,6,5,-7.333333333333333,-3.0,0.0,4.5,16.666666666666668,1,123.25333333333332,116.01117336992444,17.645,SP
553a440137d6e0cf776aee0bb83ac9f5,2,2,2,-6.5,4.0,50.0,1.0,100.0,2,72.4,51.61879502661797,15.17,SP
d6cd01c59123df02fc226eadbadb5f89,2,3,2,-10.0,-10.0,0.0,2.333333333333333,66.66666666666667,2,81.63333333333334,10.161364737737411,10.403333333333334,SP
c7246702dc991a06d788120dc7544391,1,1,1,-4.0,-4.0,0.0,5.0,0.0,0,54.86,0.0,17.66,CE
29c322e3f09f886f8bacbe91dfbd979e,1,2,2,-20.0,-20.0,0.0,5.0,0.0,0,24.49,7.7781745930520225,28.295,RS
8fe8786ee000001ab51d030dfd4a7bf1,5,5,2,-21.6,-12.0,0.0,4.6,20.0,1,451.0,16.431676725154983,40.288,SC
c4b911d06343b21dd906651f8101cb49,2,2,2,,,,1.0,100.0,2,45.49,17.67766952966369,25.175,SP
ace601496e211a664100321f038f50af,1,1,1,,,,2.0,100.0,1,165.0,0.0,14.92,SP
9a208dee8f95cfdf00760c4d627828ec,1,1,1,,,,1.0,100.0,1,269.9,0.0,26.09,RJ
bbd3acfe6de99892e73940d3fdceaf68,2,2,2,-8.0,-3.0,0.0,3.0,50.0,1,34.5,4.949747468305833,12.275,SP
a5ff20ff766e7f50bd5066f33da14413,2,4,3,-27.0,-18.0,0.0,3.0,50.0,2,16.6475,1.918599749817559,10.895,SP
0af977692321d895349eded183341d28,2,2,2,-8.5,-8.0,0.0,4.5,0.0,0,128.875,52.14912511250788,9.735,SP
6624bc09786f0e41ae48dfc5eeb1a9e2,1,1,1,-34.0,-34.0,0.0,5.0,0.0,0,89.54,0.0,17.47,MG
5f57db27027655e6c6a391601daa0258,1,1,1,-8.0,-8.0,0.0,5.0,0.0,0,98.0,0.0,53.04,ES
78744a20ee2f80ba64f6804c25def2b8,6,6,3,-7.666666666666667,14.0,16.666666666666668,4.166666666666667,16.666666666666668,1,452.5,167.73043850178178,58.975,PE
249f0e9905a6e06ad6c6bea7547ab9f6,3,3,3,-19.666666666666668,-2.0,0.0,3.6666666666666665,33.333333333333336,1,115.98333333333332,39.86603608754366,13.013333333333334,RJ
08f5819815f3d06545011850bd70f0a8,3,3,3,-15.333333333333334,-13.0,0.0,4.666666666666667,0.0,0,150.66666666666666,8.082903768654761,23.61,SP
b6f52e346160519c24a23af05410ad32,1,1,1,-3.0,-3.0,0.0,4.0,0.0,0,129.9,0.0,13.35,SP
9599519be538b98748162a2b48248960,1,3,1,-8.0,-8.0,0.0,1.0,100.0,3,190.0,0.0,20.02,SP
389e45560e33d2d0747f949dcddbc08e,1,1,1,-7.0,-7.0,0.0,5.0,0.0,0,39.0,0.0,8.43,SP
3da38366e7bd9baf6369071f782ecdf0,1,1,1,6.0,6.0,100.0,1.0,100.0,1,59.47,0.0,26.96,CE
3d3ccf2b2f8134b10dce9dd446f0e075,3,3,3,-4.666666666666667,13.0,33.333333333333336,3.333333333333333,33.333333333333336,1,202.86666666666667,198.76710827834,47.31,SP
5d505d2298ad549e4e4e835562fa0c1e,2,2,1,-17.0,-14.0,0.0,5.0,0.0,0,124.9,0.0,14.17,SP
e64882b4ef12aee8d0faca4db5b681f4,1,2,1,-2.0,-2.0,0.0,4.0,0.0,0,115.0,0.0,21.61,GO
d58d521f3789def2e7a22715e0badd93,2,2,1,-9.0,-6.0,0.0,3.5,50.0,1,32.99,0.0,9.11,SP
c3251e13f1bbda6c74e37c160f991e19,2,2,2,-30.0,-17.0,0.0,5.0,0.0,0,218.9,100.40916292848976,37.64,SP
5bba18b40e8c973b0f32e748004775b0,1,1,1,-46.0,-46.0,0.0,5.0,0.0,0,739.98,0.0,44.82,SP
bab0a8cd684e41ba6e2637dca0979d3b,1,1,1,-10.0,-10.0,0.0,5.0,0.0,0,269.9,0.0,19.14,RJ
04ee0ec01589969663ba5967c0e0bdc0,1,1,1,-13.0,-13.0,0.0,5.0,0.0,0,289.49,0.0,24.83,RS
fd435faa3c0422b60440ea3480d0e77c,1,1,1,-14.0,-14.0,0.0,5.0,0.0,0,749.0,0.0,133.87,PB
edb65fe661681b1c0de8bd47c8655855,1,1,1,-7.0,-7.0,0.0,3.0,100.0,1,69.0,0.0,15.24,SP
82921991ff5b557b045605b8bbf08d49,1,1,1,-13.0,-13.0,0.0,5.0,0.0,0,18.9,0.0,18.23,SP
7a188843479798ca813108fa7b959286,1,3,1,,,,1.0,100.0,3,49.9,0.0,8.72,SP
3fefda3299e6dfaea3466ef346a3571a,1,1,1,-18.0,-18.0,0.0,4.0,0.0,0,209.0,0.0,16.21,PR
f45122a9ab94eb4f3f8953578bc0c560,187,200,89,-10.34517766497462,26.0,6.598984771573604,3.91,29.0,58,110.39145,176.73713550561794,16.6292,SP
8a32e327fe2c1b3511609d81aaf9f042,132,182,53,-14.128654970760234,2.0,5.847953216374269,3.783333333333333,34.44444444444444,62,35.53291208791209,22.167929520090468,13.077747252747251,SP
9f505651f4a6abe901a56cdc21508025,397,431,77,-11.06088992974239,46.0,3.747072599531616,4.283372365339578,18.501170960187352,79,61.31510440835267,57.25647353611117,14.026380510440836,SP
87142160b41353c4e5fca2360caf6f92,305,342,56,-14.985380116959064,20.0,4.093567251461988,4.366568914956011,14.662756598240469,50,91.84497076023392,50.277169032794816,21.28774853801169,RS
8e6cc767478edae941d9bd9eb778d77a,106,116,61,-13.60909090909091,22.0,5.454545454545454,3.903508771929825,31.57894736842105,36,59.12534482758621,60.09484119407364,20.120086206896552,MG
0dd184061fb0eaa7ca37932c68ab91c5,161,193,11,-11.2279792746114,49.0,8.808290155440414,3.953125,25.52083333333333,49,95.579896373057,23.60666162137019,27.56217616580311,SP
53e4c6e0f4312d4d2107a8c9cddf45cd,473,525,162,-13.440776699029126,109.0,4.660194174757281,4.045889101338432,25.62141491395793,134,57.736285714285714,36.0529576625264,18.95249523809524,SP
624f4ece8da4aafb77699233d480f8ef,53,55,9,-10.98148148148148,13.0,7.407407407407407,4.185185185185185,24.074074074074076,13,167.36363636363637,26.58066941467025,31.31581818181818,SP
702835e4b785b67a084280efca355756,1,1,1,-23.0,-23.0,0.0,5.0,0.0,0,7.6,0.0,10.96,MG
d91fb3b7d041e83b64a00a3edfb37e4f,535,565,315,-12.734657039711191,16.0,3.610108303249097,4.098039215686274,22.81639928698752,128,74.75350442477877,82.22189037935937,17.309274336283185,SP
6fc26fe110feebd80a433e1f012a84f9,35,72,19,-14.583333333333334,15.0,6.944444444444445,4.014705882352941,16.176470588235293,11,57.65097222222222,3.921249858134744,13.572083333333332,SP
729b2d09b2a0bdab221076327f13d050,49,61,21,-13.0,13.0,3.333333333333333,4.524590163934426,11.475409836065571,7,29.87065573770492,9.26307577946844,15.517213114754098,SP
4c03b9dd4c11ee2cb35c96c49efc9420,48,48,5,-14.145833333333334,9.0,2.083333333333333,4.1063829787234045,21.27659574468085,10,134.55416666666667,32.539926102868485,17.577708333333334,SP
634964b17796e64304cadf1ad3050fb7,268,326,28,-10.34984520123839,79.0,8.978328173374614,3.8584615384615386,29.53846153846154,96,121.05858895705522,75.08069240594867,18.26819018404908,RJ
ebd2d60905fb58271facef5596b620d3,84,88,39,-11.282352941176471,134.0,3.5294117647058822,4.125,25.0,22,90.24681818181818,52.9591901122541,19.696590909090908,SP
8648b1e89e9b349e32d3741b30ec737e,95,105,56,-11.882352941176473,33.0,8.823529411764707,4.038095238095238,25.714285714285715,27,72.77571428571429,74.58018855383294,14.71895238095238,SP
37515688008a7a40ac93e3b2e4ab203f,228,240,3,-8.096234309623432,37.0,7.949790794979079,4.084033613445378,26.47058823529412,63,24.944166666666668,11.497587855689671,14.29625,SP
a420f60ff1aa9acc80d0e42959f2b313,67,69,23,-12.884057971014492,35.0,7.246376811594203,3.925373134328358,25.37313432835821,17,107.87391304347824,151.7151361755215,15.941594202898552,SP
53243585a1d6dc2643021fd1853d8905,358,410,23,-11.605,31.0,3.0,4.075980392156863,21.323529411764707,87,543.3562195121951,473.8619263231435,31.9039756097561,BA
13fa2a6c6b9d0f43cb588d7c82117a12,9,11,4,-4.181818181818182,8.0,36.36363636363637,4.090909090909091,27.272727272727277,3,453.3636363636364,49.00259733375921,19.03727272727273,SP
128639473a139ac0f3e5f5ade55873a5,533,560,66,-12.274368231046932,36.0,4.332129963898917,4.176895306859206,20.216606498194945,112,21.26580357142857,12.42876745835232,17.474285714285713,PR
7142540dd4c91e2237acb7e911c4eba2,319,334,266,-13.866666666666667,43.0,6.96969696969697,4.042168674698795,22.59036144578313,75,112.59958083832336,103.79708712926616,20.88119760479042,SP
e48cc16ab70bfa09e1401740dce0b3d7,14,17,9,-10.235294117647058,0.0,0.0,3.235294117647059,47.05882352941177,8,63.81352941176471,31.81044501047896,19.194117647058825,SP
db4350fd57ae30082dec7acbaacc17f9,137,146,51,-15.551724137931034,16.0,4.137931034482759,4.124137931034483,20.0,29,22.81719178082192,9.256614316867822,14.317328767123287,SP
d66c305afaec317ebee552073a674429,41,48,25,-19.488888888888887,8.0,2.2222222222222223,4.395833333333333,18.75,9,102.42416666666666,109.24719948371886,25.286666666666665,MG
e24d3429d294b2eb200b064ebb035879,19,22,14,-10.772727272727272,8.0,4.545454545454546,4.136363636363637,18.181818181818183,4,85.39,63.59511212124943,16.914545454545454,SP
a72c2f59332659e361d647515c698798,5,6,3,-19.0,-6.0,0.0,4.833333333333333,0.0,0,133.81666666666666,8.763656010288551,21.83833333333333,RS
4305fe92735c8a43d154ff6dd2b8d927,19,21,5,-10.421052631578949,-2.0,0.0,3.9047619047619047,38.095238095238095,8,137.42380952380952,28.0243270171097,20.39761904761905,MG
36a968b544695394e4e9d7572688598f,154,163,43,-12.32484076433121,10.0,3.1847133757961785,3.638036809815951,35.58282208588957,58,59.004723926380365,140.13882533337568,13.261901840490795,SP
8f2ce03f928b567e3d56181ae20ae952,153,175,79,-9.715116279069768,27.0,12.209302325581396,4.063218390804598,21.264367816091955,37,124.07371428571427,49.6864166019797,21.926342857142856,SP
0bf0150d5b9d60d9cd2906003332f085,39,62,15,-7.241935483870968,22.0,14.516129032258064,3.711864406779661,35.59322033898305,21,93.13870967741936,26.33275311911696,17.705483870967743,SP
5c243662ce92d84573bfaff24c3e3700,98,101,24,-13.86138613861386,6.0,0.99009900990099,4.13,24.0,24,329.99029702970296,130.18541659076448,17.784059405940592,SP
a7f13822ceb966b076af67121f87b063,75,86,32,-16.726190476190474,155.0,3.571428571428572,3.4352941176470586,43.52941176470589,37,145.0888372093023,46.25373832697468,36.24976744186046,SP
252e76235acb79183cfca6e34f13337d,3,4,4,-16.5,-14.0,0.0,3.75,25.0,1,65.3,5.4,15.1425,SP
95e03ca3d4146e4011985981aeb959b9,175,195,55,-15.244791666666666,110.0,3.125,3.994818652849741,29.015544041450777,56,56.973128205128205,29.69394603089223,16.735897435897435,RJ
d4e12e7884759a14fa0f5f896c791cae,29,32,14,-12.28125,8.0,6.25,4.625,6.25,2,43.75,10.99392794286479,13.7396875,SP
fd386aa7bed2af3c7035c65506c9b4a3,69,76,41,-9.644736842105264,27.0,10.526315789473683,4.355263157894737,17.105263157894736,13,30.31776315789474,23.745460905118083,13.316052631578948,SP
25e6ffe976bd75618accfe16cefcbd0d,108,117,54,-14.547826086956524,16.0,2.608695652173913,4.384615384615385,12.82051282051282,15,99.9282905982906,147.36373365605513,14.574700854700854,SP
29e6e05b65f93bc224c644319dc52ecf,4,4,3,-15.0,-7.0,0.0,4.75,0.0,0,118.9,15.556349186104043,20.83,MG
432c37c9dfba871172ec162e20118b8c,46,57,17,-11.327272727272728,10.0,14.545454545454543,4.175438596491228,17.54385964912281,10,52.08543859649123,33.71082758816814,17.011754385964913,DF
2d2c62bef4c8ba0dd74e0e228e808539,16,16,9,-9.3125,8.0,12.5,4.125,25.0,4,234.3125,85.84460282005698,30.0925,SP
ba90964cff9b9e0e6f32b23b82465f7b,38,38,11,-12.0,6.0,5.2631578947368425,4.421052631578948,15.789473684210526,6,1163.4868421052631,587.7060315769444,34.5,SP
cac4c8e7b1ca6252d8f20b2fc1a2e4af,75,84,33,-4.951807228915663,161.0,18.072289156626507,3.5180722891566263,38.55421686746988,32,50.811547619047616,50.85315560440095,18.706071428571427,SP
cbf09e831b0c11f6f23ffb51004db972,10,10,4,-13.5,-1.0,0.0,4.4,10.0,1,153.52,191.47630430711556,28.02,SP
b1b3948701c5c72445495bd161b83a4c,18,18,4,4.071428571428571,18.0,64.28571428571429,1.7222222222222223,83.33333333333333,15,1372.1772222222223,810.0963684779989,27.016666666666666,SP
54aa8463e87776b5612f4bdc4bd5d4de,7,7,4,-23.714285714285715,-13.0,0.0,3.857142857142857,28.571428571428573,2,92.75714285714284,81.99883855158879,17.647142857142857,MG
ff1e15b778c700abdd4d239b81ac466d,7,7,2,-8.0,-2.0,0.0,4.571428571428571,0.0,0,59.18571428571428,1.889822365046136,16.408571428571427,PR
715bbd5ba4e6b74cb0d2f29eb45058b0,62,64,28,-13.578125,16.0,7.8125,4.46875,10.9375,7,63.1765625,33.80865270193181,19.8840625,SP
066a6914e1ebf3ea95a216c73a986b91,68,74,44,-16.77777777777778,55.0,4.166666666666667,3.9726027397260273,24.65753424657534,18,127.1672972972973,114.21831241629108,23.04824324324324,PR
f181738b150df1f37cb0bd72e705b193,36,37,8,-10.054054054054054,27.0,8.108108108108109,4.486486486486487,13.513513513513514,5,149.45135135135135,97.58713946924456,29.812162162162164,SP
270d3ef21830ad0ecf3a6c53d08a533a,6,18,3,-9.058823529411764,-3.0,0.0,2.2222222222222223,94.44444444444444,17,28.27777777777778,6.478975550425123,13.037222222222224,SP
17a053fcb14bd219540cbde0df490be0,125,150,87,-10.140939597315436,46.0,5.369127516778524,4.20945945945946,18.91891891891892,28,274.02026666666666,77.63403190608824,59.35966666666667,SP
13d058e4eeac2ce8217660b2f8a05812,23,23,3,-10.272727272727272,14.0,9.090909090909092,4.217391304347826,17.391304347826086,4,166.5117391304348,60.27276602339296,40.26565217391305,SP
a938325a4b357fd23a6a4d5bb126408e,24,25,20,-11.72,15.0,4.0,3.88,20.0,5,129.24,45.84146594514621,22.4324,RJ
b9ca8e8baa5d4aa038394a700f63e69f,14,14,8,-9.071428571428571,7.0,7.142857142857143,4.214285714285714,21.428571428571427,3,92.12642857142858,48.04986794300957,27.72714285714286,SP
821fb029fc6e495ca4f08a35d51e53a5,28,29,10,-4.88,29.0,32.0,3.4285714285714284,35.714285714285715,10,661.6351724137932,946.2623043533688,53.54586206896552,SP
15aac934c58d886785ac1b17953ea898,25,26,20,-7.615384615384615,33.0,15.384615384615383,4.115384615384615,19.23076923076923,5,167.4576923076923,265.48729261202226,25.603846153846156,ES
5ab05b6d86d417796c69ffd6774ec832,10,12,2,-13.333333333333334,13.0,8.333333333333334,3.6666666666666665,33.333333333333336,4,157.175,53.11678599600558,21.39583333333333,SP
08084d990eb3f53af056ccbc1730c8a7,12,12,3,-15.75,-5.0,0.0,4.454545454545454,18.181818181818183,2,31.041666666666668,4.405463206134636,19.524166666666662,SP
1dd33b8119b3cb1056ed5dc88cd0aaf4,8,8,2,-15.625,1.0,12.5,3.75,25.0,2,189.125,27.93071785686863,16.0925,SP
1b65c144b17e607c0f37f10bb7dfec8d,5,5,3,-28.8,-20.0,0.0,2.0,80.0,4,221.9,111.22050170719426,28.97,SC
51ed72984a04e5dd35c2b27e77179038,7,7,4,-9.714285714285714,9.0,14.285714285714286,3.571428571428572,42.85714285714285,3,184.9,51.72362451852474,28.41857142857143,SP
19e0f40a907ec568c34bfac15de4f4a1,4,4,1,-13.0,-1.0,0.0,5.0,0.0,0,44.5,0.0,10.405,SP
2a7dc43cecabf23403078e2188437d1d,52,54,14,-10.25925925925926,10.0,5.555555555555555,4.092592592592593,20.37037037037037,11,88.81314814814814,91.68173163895445,15.439074074074076,SP
7aa538dd6e114e503a2e6154ea352253,5,5,4,-11.6,-5.0,0.0,4.4,20.0,1,203.336,161.6870323495363,20.384,SP
e8b3a3a38279a82f0e5d006d5e5b7d2c,87,93,52,-18.813953488372093,18.0,3.488372093023256,3.741935483870968,31.18279569892473,29,143.5978494623656,130.2378392708264,19.116559139784947,PR
3f995f07c49d0d55a99d5c54957f7d81,43,43,3,-12.116279069767442,8.0,2.3255813953488373,4.209302325581396,20.930232558139537,9,91.99302325581397,24.974285778898924,15.616279069767442,SP
ae7ab174effdead6c241e547e4ca13f0,6,7,5,-10.571428571428571,-7.0,0.0,3.857142857142857,28.571428571428573,2,396.9428571428571,22.18564529471381,113.63714285714286,PR
63a79f5a7eb5cb48a7e5787b141c7993,11,11,6,-14.090909090909092,-8.0,0.0,4.545454545454546,9.090909090909092,1,74.1,31.97933707880762,18.257272727272728,MG
9596c870880d900012f2e8e6e30d06d7,22,24,11,-12.434782608695652,9.0,4.3478260869565215,4.041666666666667,25.0,6,358.59375,377.7145317025003,83.71166666666667,MG
8ab42aa58097fd4668d60cc648225d5f,20,26,15,-17.346153846153847,-6.0,0.0,4.153846153846154,26.923076923076923,7,100.64423076923076,81.41668910846606,22.83230769230769,GO
c35affa65afd250151285c5917fc1c8a,9,9,9,-7.125,45.0,12.5,4.0,22.22222222222222,2,586.6566666666666,170.9532099727876,79.33444444444444,SP
05f51e13da97139648b8125c31e5f51b,60,63,21,-9.95,25.0,15.0,4.095238095238095,17.46031746031746,11,218.5557142857143,161.77132474192007,32.05222222222222,MG
180c3376aff0e43dd5788709df48a843,5,10,3,-6.4,2.0,10.0,4.7,10.0,1,451.3,641.1777444671641,20.997,SP
05d2173d43ea568aa0540eba70d2ca76,62,66,48,-11.606060606060606,27.0,4.545454545454546,4.0,23.4375,15,87.26757575757576,96.5692260594696,25.44348484848485,MG
25debeafbce801fdd479539350185eee,6,7,3,-8.833333333333334,-3.0,0.0,2.4285714285714284,57.142857142857146,4,43.26285714285714,17.836698792364125,14.287142857142856,SP
0ad80de75c811326389cfb1daba7d45e,6,6,6,-12.5,-6.0,0.0,5.0,0.0,0,241.56666666666663,85.88752334691382,19.22,RJ
d379f449f2a3b271bc01c0782020f705,28,29,13,-14.862068965517242,16.0,3.4482758620689653,3.931034482758621,27.58620689655172,8,152.51931034482757,203.2535388539404,37.128965517241376,MG
f543ba3c973276f519d89d59bd46cead,2,3,1,,,,2.333333333333333,66.66666666666667,2,129.0,0.0,83.36666666666666,SP
436bf27f2f18474fc6047702e9f8a866,1,1,1,-10.0,-10.0,0.0,5.0,0.0,0,29.9,0.0,14.52,SP
134a288e7de827ec5ec62e3ec9c3a295,9,9,7,-10.88888888888889,-2.0,0.0,4.777777777777778,0.0,0,97.49444444444444,41.63131667120052,14.061111111111112,SP
32f1bb9dfa65bc7df5c0d9d95a616be4,5,6,5,-5.4,1.0,40.0,3.4,40.0,2,46.065,31.624094453438502,9.296666666666669,SP
670c26e0f1bf8d0576271d5cfaec6d2b,78,87,15,-13.755813953488373,47.0,4.651162790697675,4.310344827586207,18.39080459770115,16,72.8919540229885,27.319510101462438,19.471609195402294,PR
fb89df7f89fd1b8f03fa2acca1ba7364,22,25,10,-9.92,9.0,8.0,3.84,36.0,9,88.8,59.91191450788399,18.6972,PR
4de6e4ba574aa9dfdc824bc44dc47fdd,14,14,12,-18.357142857142858,3.0,7.142857142857143,4.071428571428571,21.428571428571427,3,32.22142857142857,26.659395185344167,18.094285714285714,PR
dace965ca58120f92f8d742a9fa1864b,8,8,7,-11.0,-6.0,0.0,4.625,12.5,1,180.25,22.320714274285347,16.47125,SP
c9aafcd0621b2207c10e32c649cada4d,44,52,31,-11.25531914893617,3.0,6.382978723404255,4.019230769230769,17.307692307692307,9,57.63942307692308,56.0321834485644,17.089423076923076,SP
679769a98cfcc6da877c8486ff1c13f3,21,21,2,-15.61904761904762,-2.0,0.0,4.571428571428571,9.523809523809524,2,334.7142857142857,45.11889056386788,20.875714285714285,MG
67883baaae6134ee81b271a542613728,19,19,16,-6.105263157894737,6.0,5.2631578947368425,4.105263157894737,31.57894736842105,6,429.88947368421054,541.7366610107174,17.269473684210528,SP
ccb83a794700270fde70898fe9ff368b,12,12,2,-9.916666666666666,26.0,16.666666666666668,4.333333333333333,16.666666666666668,2,921.8333333333334,33.739195801520424,143.64416666666668,SC
ffdd9f82b9a447f6f8d4b91554cc7dd3,18,20,12,-12.2,-3.0,0.0,4.25,20.0,4,105.06,66.34121843287093,36.373,PR
3076499bbc033a927bf4a8a41bcf7fd4,7,9,7,-9.77777777777778,-6.0,0.0,4.444444444444445,22.22222222222222,2,39.92555555555556,12.846817807448572,13.811111111111112,SP
35fb511489d9ee3ee27a76debce9df06,7,7,4,-10.571428571428571,8.0,14.285714285714286,3.571428571428572,28.571428571428573,2,59.21428571428572,61.35270786122453,24.61285714285714,PR
638cba8be1fb599bbb76fd6948351eb3,17,27,12,-11.478260869565217,-4.0,0.0,4.62962962962963,3.703703703703704,1,22.803703703703704,6.467045543575371,11.997777777777776,SP
75fdd0a732287f9497b179f6bd445d32,1,1,1,-18.0,-18.0,0.0,5.0,0.0,0,59.9,0.0,16.18,SP
0eaa7e33d73809f1f925f7d07c506cbd,15,15,12,-14.8,-2.0,0.0,4.714285714285714,7.142857142857143,1,103.46666666666668,50.662562490415326,12.993333333333334,SP
02c988090b766852e088c69d7fb3b551,13,17,11,-10.8125,-5.0,0.0,4.6875,6.25,1,95.21470588235294,75.9288528095255,12.841176470588236,SP
ec8879960bd2221d5c32f8e12f7da711,36,36,9,-8.714285714285714,21.0,17.142857142857142,4.314285714285714,20.0,7,112.84444444444443,56.16198228310904,22.74944444444445,SP
3d700782d7818f2c1e0d7a9e9d75fc00,3,3,1,-2.6666666666666665,14.0,33.333333333333336,3.6666666666666665,33.333333333333336,1,49.9,0.0,28.47,SP
3771c85bac139d2344864ede5d9341e3,26,30,7,-8.3,2.0,13.333333333333334,3.566666666666667,40.0,12,47.77666666666666,29.315062426293267,13.632,SP
4ea2f12dbe91deeacd2c1e74f069a6e6,4,6,4,-11.333333333333334,-8.0,0.0,4.833333333333333,0.0,0,35.03333333333333,7.282490416517324,11.678333333333333,SP
7a91bf945c6fae0779f1c61ce97fe45c,5,5,3,16.0,97.0,25.0,3.8,40.0,2,159.9,16.95582495781317,16.514,RJ
ad781527c93d00d89a11eecd9dcad7c1,44,44,2,-9.078947368421051,20.0,31.57894736842105,3.0681818181818183,47.72727272727273,21,156.8084090909091,13.601820319898332,54.08386363636364,SP
236585a4ddb5fea9fa40233e2249ed91,11,11,3,-13.181818181818182,5.0,9.090909090909092,4.090909090909091,27.272727272727277,3,59.04818181818182,8.351497851501632,17.103636363636365,RS
da6a60cc8cc724fe51be021ff8be779c,12,13,9,-14.076923076923077,-5.0,0.0,4.769230769230769,0.0,0,56.06076923076923,19.53260968292873,19.676153846153845,RJ
b14db04aa7881970e83ffa9426897925,83,111,12,-10.466666666666669,19.0,8.571428571428571,3.764705882352941,31.37254901960784,32,53.14054054054054,12.035004841018615,20.0481981981982,SP
2fdde51ad3e12f297da656d4fbd5d0b5,10,10,3,-18.0,-9.0,0.0,4.7,0.0,0,625.2,461.2901713913079,62.214,SC
5db42a6cd9bf1bf0d3aab9582767f168,1,1,1,-6.0,-6.0,0.0,5.0,0.0,0,200.0,0.0,19.33,ES
079d295dcbf06ee8bb1b65ba964eb2b6,5,10,3,-10.6,-2.0,0.0,4.8,0.0,0,34.93,6.603374558175203,19.079,SP
26d8a1c7c75d513045798992ead43aa2,36,38,21,-12.5,30.0,8.333333333333334,4.2368421052631575,18.42105263157895,7,216.95052631578943,328.0672084155217,18.464736842105264,PR
c510bc1718f0f2961eaa42a23330681a,13,13,11,-9.916666666666666,-1.0,0.0,4.0,23.07692307692308,3,942.3846153846154,1296.1168701137988,73.91307692307693,SP
082e0bf4cb865a6533b1e8e498cc0255,11,23,17,-17.782608695652176,9.0,13.043478260869565,3.3043478260869565,52.17391304347826,12,90.14347826086956,43.773298482968485,43.08826086956522,SP
2b2fed75b8e5ea3a052fc4c0825da485,3,4,3,-20.25,-15.0,0.0,5.0,0.0,0,127.725,67.70206176082577,14.9825,MG
7bcd7c5f8631701474db233ccf1c094b,11,11,5,-12.5,0.0,0.0,3.636363636363636,45.45454545454545,5,60.54545454545455,40.87386362056721,17.721818181818183,SP
5c3460cd3e8a984382ae254e7dd20d9f,9,10,5,-13.7,-5.0,0.0,4.7,10.0,1,77.576,49.59494736809834,19.854,SP
9449f25aeaf531019b76999ea49a6949,10,10,9,-7.555555555555555,9.0,22.22222222222222,4.0,20.0,2,204.645,103.01881718620363,17.939,RJ
e59e489e2ea74bd409b798b5daf49de3,3,5,3,-9.4,-7.0,0.0,2.2,100.0,5,99.0,0.0,17.352,PR
4b1eaadf791bdbbad8c4a35b65236d52,8,8,5,-15.8,5.0,20.0,2.0,75.0,6,231.22375,134.89715108052823,14.12875,SP
9c690ceacd5c66731bf443ea810195cb,10,12,2,-17.166666666666668,-4.0,0.0,4.416666666666667,16.666666666666668,2,72.65,36.17664992781946,20.76833333333333,MG
a218df5c097b0ca409cfaac1488cc7f6,4,4,4,-18.25,-14.0,0.0,2.75,75.0,3,32.6725,38.85692162708381,27.5025,SP
0b3f27369a4d8df98f7eb91077e438ac,2,3,2,-9.666666666666666,-9.0,0.0,3.6666666666666665,66.66666666666667,2,81.72666666666667,29.34671418290868,12.636666666666668,SP
d8dd176509baa37f359644d082bf7f7b,2,2,1,10.0,12.0,100.0,1.5,100.0,2,99.0,0.0,15.95,SP
be8e909810184b9b19e886129149d8e5,15,15,3,-7.4,13.0,13.333333333333334,3.733333333333333,33.333333333333336,5,41.99,9.023778112773575,14.415333333333333,SP
a6bd7d1ccdac48c6b33b28596b7eb122,16,16,16,-16.333333333333332,2.0,6.666666666666667,3.333333333333333,40.0,6,898.038125,328.07870669944936,42.37625,PB
941554c5757b73ba0e50aa7732310afc,3,4,2,-23.5,-16.0,0.0,4.5,0.0,0,26.9225,2.045,14.665,SP
02d35243ea2e497335cd0f076b45675d,14,16,3,-6.25,20.0,25.0,2.6875,68.75,11,362.125,410.2311340370613,37.871875,RN
4a23adac87cf538689fa600d976f78b2,3,3,1,-8.666666666666666,-1.0,0.0,4.333333333333333,0.0,0,135.0,0.0,11.803333333333333,SP
961dff0a659b4561334372337dd897d9,4,4,3,-4.0,0.0,0.0,3.75,25.0,1,2486.5,325.0,34.14,RJ
2b03ac196f5ed62ac483960fe0fa3b65,7,7,5,-9.571428571428571,14.0,14.285714285714286,4.142857142857143,14.285714285714286,1,120.44285714285714,37.68672874911703,13.155714285714286,SP
23ff42c4bf1f8f16cddb19d8b972974a,2,3,2,-16.333333333333332,-15.0,0.0,4.333333333333333,33.333333333333336,1,58.23333333333333,28.867513459481287,17.656666666666666,MG
74636e24f01da9268b0ed88dacd8513e,4,4,2,-4.75,6.0,25.0,4.0,25.0,1,194.0,10.0,68.1525,SP
edf3fabebcc20f7463cc9c53da932ea8,1,1,1,4.0,4.0,100.0,4.0,0.0,0,219.9,0.0,24.12,SP
e83e93b71371817b11d78a63ff156aee,2,3,2,-8.333333333333334,-5.0,0.0,4.666666666666667,0.0,0,95.33333333333331,6.350852961085884,29.126666666666665,SP
30c7f28fd3a5897b2c82d152bb760c17,7,7,5,-2.6666666666666665,6.0,16.666666666666668,1.6666666666666667,100.0,6,311.18142857142857,270.20280219547266,46.41285714285714,RJ
3985a3c45be355a4c57fde108bfabd1c,7,8,5,-17.875,-5.0,0.0,4.125,12.5,1,43.025,16.243130416095468,21.5,RS
89f69225956f951295ca4c7fb1266553,11,12,8,-18.58333333333333,0.0,0.0,4.333333333333333,16.666666666666668,2,86.775,35.44606979111173,23.1175,RJ
820c7c9eaf76d2b226b6c242bcf3f34d,1,1,1,-21.0,-21.0,0.0,4.0,0.0,0,559.0,0.0,18.0,SP
aac51c486b672a9850d59f3e84b1cf88,10,13,6,-7.615384615384615,-2.0,0.0,4.769230769230769,0.0,0,56.02153846153846,48.7959955403026,10.099230769230768,SP
3442033154be05bac582e173ef54fd12,1,1,1,-3.0,-3.0,0.0,5.0,0.0,0,161.0,0.0,8.39,SP
5b664594895aefb418afaee6d40a9a23,16,22,3,-12.090909090909092,-3.0,0.0,3.636363636363636,27.272727272727277,6,45.85454545454545,15.050636033790898,10.29,RJ
5eeb9c756d9780b96283e5a2ac6da334,9,9,7,-9.333333333333334,19.0,22.22222222222222,4.222222222222222,22.22222222222222,2,274.55555555555554,93.88039080541677,27.526666666666667,SP
75a4764c108403a7a0575140cb22287c,5,9,3,-18.22222222222222,-15.0,0.0,4.777777777777778,0.0,0,79.65555555555555,24.16510402993908,23.35,RS
b44dbfbf62e52125f3c15d230569ea91,4,8,2,-9.0,-3.0,0.0,4.375,0.0,0,76.17125,78.75252167164463,11.21125,SP
c70a353f02429c00775a46a75fb787da,6,6,4,-11.166666666666666,-6.0,0.0,4.666666666666667,16.666666666666668,1,40.333333333333336,4.4419215061352295,15.823333333333334,SP
b7d5b4b87af9d42b601865d3f3810bff,2,2,2,-21.0,-21.0,0.0,2.0,100.0,2,524.5,246.7802666341051,20.51,SC
1dcfa3835714681d4ba4a93bc1e0fd41,13,15,4,-15.5,-2.0,0.0,3.857142857142857,28.571428571428573,4,85.23333333333333,11.775681155103795,21.57333333333333,SP
bd4431c1a8dfa744b59e1e2a8bc99b9e,7,7,5,-10.571428571428571,-6.0,0.0,4.571428571428571,14.285714285714286,1,115.64285714285714,66.4544419669811,29.15571428571429,RJ
bbf4a892cac7b82422baa711dffb8997,1,1,1,-29.0,-29.0,0.0,5.0,0.0,0,70.0,0.0,35.34,PR
15cd6eefe58588619aaed41dfa6621b1,16,18,8,-11.0,17.0,5.555555555555555,4.333333333333333,16.666666666666668,3,90.15222222222222,90.57521804656618,31.45111111111111,MG
20cb7c2fde3e5bf10f0bbe7394e1c6a9,32,51,2,-12.82,6.0,10.0,3.843137254901961,29.41176470588235,15,16.9,0.0,15.654509803921568,PR
7cb946b1ad19faebe28c3e86c2794ec3,1,1,1,-3.0,-3.0,0.0,5.0,0.0,0,25.0,0.0,15.1,MG
e504a4e2efaa45cbff7e268a2c58c956,11,12,6,-7.272727272727272,12.0,27.272727272727277,3.6666666666666665,33.333333333333336,4,99.06666666666666,2.8867513459481287,22.938333333333333,SP
3a3e46d10f74d8a6ca76e2b538f106a0,3,6,3,-20.8,0.0,0.0,4.166666666666667,16.666666666666668,1,55.81666666666667,14.310893286817098,12.513333333333334,SP
a478c7961d6a992065b24e63b366f90b,8,9,5,-16.88888888888889,-13.0,0.0,4.888888888888889,0.0,0,142.38888888888889,54.80863172084403,18.89555555555556,SC
47648caee88ccfe951fbb27fbf7b4cbe,3,3,3,-6.0,1.0,33.333333333333336,3.6666666666666665,33.333333333333336,1,521.6633333333333,66.01325649695926,22.666666666666668,SP
cf654707ed6a99f112c7ec3d6f314b8b,3,4,4,-7.5,-2.0,0.0,4.75,0.0,0,189.0,0.0,8.385,SP
6c9875b2f94ba781186f0c1aed8d1687,2,4,2,-16.5,-16.0,0.0,5.0,0.0,0,6.25,0.5,9.5125,SP
1ca4bdb0cd7fc48e949bac066188ed26,4,4,1,-10.666666666666666,1.0,33.333333333333336,4.5,25.0,1,380.0,0.0,110.77,MG
2063dd1b9f568df1c16741ea7d3e6adb,3,3,3,-26.33333333333333,-17.0,0.0,5.0,0.0,0,254.36666666666667,90.30057714839552,19.05666666666667,PR
ade45994b717ccee333492330fbf037b,10,10,6,-25.2,-5.0,0.0,4.5,0.0,0,719.6,187.06219999419088,28.363,PR
fa8d335d68129e464e60c1826a683e96,1,1,1,-11.0,-11.0,0.0,4.0,0.0,0,139.9,0.0,34.78,RS
ae45df84722b1d15c5f32b23a095746c,9,12,10,-15.166666666666666,-8.0,0.0,4.833333333333333,0.0,0,75.1525,40.6650303477302,13.638333333333334,SP
b56828a9f9027f3c918c04ca720d9e3c,3,3,2,-9.333333333333334,9.0,33.333333333333336,2.6666666666666665,66.66666666666667,2,120.0,0.0,37.20333333333333,SP
761681a821d8275bc79f552116d06869,3,3,3,-18.0,-14.0,0.0,5.0,0.0,0,118.30666666666669,28.528509132678725,53.32666666666667,SP
37dd29b36c458d82f74a953c40c43645,7,8,5,-9.625,3.0,12.5,4.0,25.0,2,567.12375,175.98825934358723,59.93,SP
04843805947f0fc584fc1969b6e50fe7,1,2,1,0.0,0.0,0.0,5.0,0.0,0,700.0,0.0,37.38,RS
3903c788ded8dc03b5ebab37a2f3e9a1,5,5,4,-5.6,2.0,20.0,4.0,40.0,2,23.996,14.933520348531353,10.254,SP
1a8e2d9c38b84a9702ac7922924b0573,1,1,1,-15.0,-15.0,0.0,5.0,0.0,0,80.0,0.0,17.0,SC
70f84699be677ec988d1fa824aef7d90,5,5,4,-10.4,-1.0,0.0,4.6,20.0,1,317.66,92.86058367251414,23.228,MG
762fafdaa57a532ee0119731697579dd,5,5,4,-13.2,-1.0,0.0,5.0,0.0,0,41.34,27.549736840848407,10.834,SP
33fd411ed63a7c2f9005e3f065d9f85d,1,1,1,-25.0,-25.0,0.0,4.0,0.0,0,24.9,0.0,18.23,RS
dd58ee93286b0821565574c570e9e1dc,2,2,2,-14.0,-10.0,0.0,5.0,0.0,0,1474.0,1096.0155108391486,37.655,PR
51a04a8a6bdcb23deccc82b0b80742cf,1,1,1,7.0,7.0,100.0,1.0,100.0,1,167.99,0.0,31.93,SP
f5fea3ffed6c2e889bab72705557c63a,3,3,3,1.0,1.0,100.0,3.6666666666666665,33.333333333333336,1,353.3,43.05426808110899,89.42666666666666,RJ
01ed254b9ff8407dfb9d99ba1e17d923,5,5,2,-17.0,-12.0,0.0,5.0,0.0,0,293.198,108.09332088524248,13.544,SP
41e0fa5761c886a630994a55c12087e7,5,5,2,-19.6,-7.0,0.0,5.0,0.0,0,84.72,0.1643167672515498,13.662,SP
f664f98bfda2eaf266a23ff144e7a872,2,2,2,-10.0,-9.0,0.0,3.0,50.0,1,76.995,59.40404068748186,3.905,SP
61c36f0fc4a47f9532e5512b66668e62,1,1,1,-7.0,-7.0,0.0,1.0,100.0,1,750.0,0.0,17.69,SP
ea4e9ce63a2134743b4a92777437fcdd,3,4,3,-28.25,-15.0,0.0,4.75,0.0,0,79.15,59.16854457113735,16.425,SC
1de62b6f2fd96227629786db492433db,2,2,2,-15.5,-15.0,0.0,5.0,0.0,0,104.4,64.34671708797582,14.365,SP
dff87e4de60c9736ce8df835951b09bc,2,2,2,,,,2.5,50.0,1,499.0,0.0,22.715,SP
4450bd8327d471c4a11a83d1445b1b62,1,1,1,-21.0,-21.0,0.0,5.0,0.0,0,199.0,0.0,15.56,SP
63191ead8d3b2f937cd1996fdcbbad20,1,1,1,-26.0,-26.0,0.0,5.0,0.0,0,367.0,0.0,53.29,SP
7ab0dd5487bab2dc835337b244f689fb,1,1,1,-17.0,-17.0,0.0,5.0,0.0,0,12.5,0.0,10.96,SP
271b8923c6a549e02d3c9fd1f8c0422b,1,1,1,4.0,4.0,100.0,4.0,0.0,0,105.19,0.0,13.4,SP
1a6245add4353f18ed55138808906979,1,2,1,,,,3.0,50.0,1,30.0,0.0,9.34,SP
d297f1055de2956aedfd3b04113dce3e,1,1,1,-4.0,-4.0,0.0,4.0,0.0,0,54.3,0.0,7.64,SP
23ca5f678e0b3ea6c630b30fa8bf51ea,6,7,4,-18.285714285714285,-13.0,0.0,5.0,0.0,0,26.142857142857142,1.4638501094227998,13.77,SP
e09887ca8c7bf8a4621ce481820414ef,3,4,4,24.33333333333333,91.0,33.333333333333336,3.0,50.0,2,29.99,11.547005383792516,14.675,SP
a7d0f8dd44f57ef6de7f7f02e3d82630,2,2,2,-11.0,-6.0,0.0,4.5,0.0,0,36.895,9.906566004423532,12.94,SP
fc0b214b59a83615fea981c6424a02ae,1,1,1,-6.0,-6.0,0.0,5.0,0.0,0,159.9,0.0,12.14,SP
0bb27263628258b8111a0262769fa9db,1,1,1,-17.0,-17.0,0.0,5.0,0.0,0,22.2,0.0,10.96,SP
cb162c8eef257253782d245c08d9097c,1,1,1,-8.0,-8.0,0.0,5.0,0.0,0,34.99,0.0,14.13,SP
2bdb95a56a36ebbc6640337ac5eac174,1,1,1,-34.0,-34.0,0.0,5.0,0.0,0,89.9,0.0,18.0,SP
8e670472e453ba34a379331513d6aab1,1,1,1,35.0,35.0,100.0,1.0,100.0,1,975.0,0.0,108.96,MG
0f80a40c312b2472dca482cf50f5186f,1,1,1,-17.0,-17.0,0.0,3.0,100.0,1,129.9,0.0,20.1,SP
f8e2c1b59cd4225a3e4fd0d013a76b93,2,3,2,-16.666666666666668,-14.0,0.0,5.0,0.0,0,73.26666666666667,28.809778432562325,14.876666666666669,SP
804287717b9156fb7a787acd9af4fac1,1,1,1,-27.0,-27.0,0.0,5.0,0.0,0,18.8,0.0,15.1,PR
b19c48688808720822399ffa9f2dbe2f,1,1,1,-17.0,-17.0,0.0,5.0,0.0,0,959.99,0.0,24.82,SP
296729ffb9b684050dd24836dac4494a,2,2,2,-13.0,-8.0,0.0,5.0,0.0,0,57.0,2.8284271247461903,17.805,SP
1f2eebc0e970fd3c463e4f5d9652687a,1,1,1,5.0,5.0,100.0,5.0,0.0,0,44.99,0.0,8.48,SP
99a25c39b28a74d1151c35c18d178292,1,6,1,-10.0,-10.0,0.0,5.0,0.0,0,28.99,0.0,7.46,SP
a35ef466c6fd6d052f5d241240d3c5e2,3,3,3,-20.666666666666668,-16.0,0.0,4.666666666666667,0.0,0,189.96666666666667,186.6574491771848,26.55,RS
4fae87d32467e18eb46e4a76a0a0b9ce,1,1,1,-12.0,-12.0,0.0,5.0,0.0,0,100.9,0.0,19.9,RS
ffcfefa19b08742c5d315f2791395ee5,1,1,1,,,,1.0,100.0,1,69.9,0.0,9.62,PR
59de1d4c8c057c2a53acd4ca66531af2,1,1,1,-5.0,-5.0,0.0,5.0,0.0,0,135.0,0.0,21.75,PR
3e51f9cbe317bc3a88f2c76583811ee4,1,1,1,-6.0,-6.0,0.0,5.0,0.0,0,76.09,0.0,8.69,SP
e732329483fd5f27367dd997b47f598a,1,1,1,-14.0,-14.0,0.0,5.0,0.0,0,109.9,0.0,34.57,SC
f0563bacf40c311f1c4d3d6b67b8a7a7,1,1,1,,,,1.0,100.0,1,1199.0,0.0,28.78,SC
e174dc2de86d60fee178170a154c05e7,1,1,1,,,,1.0,100.0,1,19.8,0.0,14.1,SP
e908c0f3646e8b60375734a350d95d71,1,1,1,-9.0,-9.0,0.0,4.0,0.0,0,2951.0,0.0,58.53,SP
